<?xml version="1.0" encoding="UTF-8"?>
<gpx version="1.1" creator="therealleadville2026course.com" xmlns="http://www.topografix.com/GPX/1/1" xmlns:xsi="http://www.w3.org/2001/XMLSchema-instance" xsi:schemaLocation="http://www.topografix.com/GPX/1/1 http://www.topografix.com/GPX/1/1/gpx.xsd">
  <metadata>
    <name>Leadville Trail 100 Run 2026 course</name>
    <desc>Official 2026 course. Geometry and elevation from the RideWithGPS GPX Track export of route 56633050 (2026-08-12T13:04:16Z), unrounded and unsimplified. Elevation is RideWithGPS DEM. 89 cue waypoints and 7 aid station waypoints. Track measures 99.55 mi with 13457 ft of gain.</desc>
    <link href="https://ridewithgps.com/routes/56633050"><text>2026 LT 100 RUN</text></link>
    <time>2026-08-12T13:04:16Z</time>
  </metadata>
  <wpt lat="39.24862" lon="-106.29229">
    <ele>3092.0</ele>
    <name>Start @ 0.00 mi</name>
    <cmt>Start of route</cmt>
    <desc>Start of route. cuesheet mile 0.00, track mile 0.00. cue from official ridewithgps route export.</desc>
    <sym>Start</sym>
    <type>cue</type>
  </wpt>
  <wpt lat="39.24546" lon="-106.30693">
    <ele>3049.5</ele>
    <name>Right @ 0.81 mi</name>
    <cmt>Turn right onto McWethy Drive</cmt>
    <desc>Turn right onto McWethy Drive. cuesheet mile 0.81, track mile 0.81. cue from official ridewithgps route export.</desc>
    <sym>Right</sym>
    <type>cue</type>
  </wpt>
  <wpt lat="39.24733" lon="-106.30707">
    <ele>3047.0</ele>
    <name>Straight @ 0.94 mi</name>
    <cmt>Continue onto Turquoise Lake Road</cmt>
    <desc>Continue onto Turquoise Lake Road. cuesheet mile 0.94, track mile 0.94. cue from official ridewithgps route export.</desc>
    <sym>Straight</sym>
    <type>cue</type>
  </wpt>
  <wpt lat="39.25065" lon="-106.32264">
    <ele>3012.4</ele>
    <name>Right @ 1.82 mi</name>
    <cmt>Turn right onto County Road 9</cmt>
    <desc>Turn right onto County Road 9. cuesheet mile 1.82, track mile 1.82. cue from official ridewithgps route export.</desc>
    <sym>Right</sym>
    <type>cue</type>
  </wpt>
  <wpt lat="39.26389" lon="-106.33988">
    <ele>2977.5</ele>
    <name>Left @ 3.37 mi</name>
    <cmt>Turn left onto Turquoise Lake Road</cmt>
    <desc>Turn left onto Turquoise Lake Road. cuesheet mile 3.37, track mile 3.37. cue from official ridewithgps route export.</desc>
    <sym>Left</sym>
    <type>cue</type>
  </wpt>
  <wpt lat="39.26423" lon="-106.34168">
    <ele>2979.4</ele>
    <name>Right @ 3.47 mi</name>
    <cmt>Turn right onto Tennessee Creek Road</cmt>
    <desc>Turn right onto Tennessee Creek Road. cuesheet mile 3.47, track mile 3.47. cue from official ridewithgps route export.</desc>
    <sym>Right</sym>
    <type>cue</type>
  </wpt>
  <wpt lat="39.29104" lon="-106.36674">
    <ele>3011.2</ele>
    <name>Slight Left @ 6.22 mi</name>
    <cmt>Keep left onto Kevin Gulch Road</cmt>
    <desc>Keep left onto Kevin Gulch Road. cuesheet mile 6.22, track mile 6.21. cue from official ridewithgps route export.</desc>
    <sym>Slight Left</sym>
    <type>cue</type>
  </wpt>
  <wpt lat="39.29493" lon="-106.38713">
    <ele>3187.2</ele>
    <name>Sharp Left @ 7.39 mi</name>
    <cmt>Turn sharp left onto Turquoise Chief Road</cmt>
    <desc>Turn sharp left onto Turquoise Chief Road. cuesheet mile 7.39, track mile 7.39. cue from official ridewithgps route export.</desc>
    <sym>Sharp Left</sym>
    <type>cue</type>
  </wpt>
  <wpt lat="39.2836" lon="-106.3858">
    <ele>3225.1</ele>
    <name>Right @ 8.62 mi</name>
    <cmt>Turn right onto Markuss Road</cmt>
    <desc>Turn right onto Markuss Road. cuesheet mile 8.62, track mile 8.62. cue from official ridewithgps route export.</desc>
    <sym>Right</sym>
    <type>cue</type>
  </wpt>
  <wpt lat="39.28162" lon="-106.44291">
    <ele>3034.3</ele>
    <name>Left @ 13.57 mi</name>
    <cmt>Turn left onto May Queen Campground Road</cmt>
    <desc>Turn left onto May Queen Campground Road. cuesheet mile 13.57, track mile 13.56. cue from official ridewithgps route export.</desc>
    <sym>Left</sym>
    <type>cue</type>
  </wpt>
  <wpt lat="39.27879" lon="-106.43446">
    <ele>3017.7</ele>
    <name>Left @ 14.07 mi</name>
    <cmt>Turn left onto May Queen Campground Road</cmt>
    <desc>Turn left onto May Queen Campground Road. cuesheet mile 14.07, track mile 14.06. cue from official ridewithgps route export.</desc>
    <sym>Left</sym>
    <type>cue</type>
  </wpt>
  <wpt lat="39.2716" lon="-106.35429">
    <ele>3013.0</ele>
    <name>Slight Left @ 18.69 mi</name>
    <cmt>Keep left</cmt>
    <desc>Keep left. cuesheet mile 18.69, track mile 18.69. cue from official ridewithgps route export.</desc>
    <sym>Slight Left</sym>
    <type>cue</type>
  </wpt>
  <wpt lat="39.27033" lon="-106.35277">
    <ele>3016.4</ele>
    <name>Sharp Right @ 18.82 mi</name>
    <cmt>Turn sharp right</cmt>
    <desc>Turn sharp right. cuesheet mile 18.82, track mile 18.81. cue from official ridewithgps route export.</desc>
    <sym>Sharp Right</sym>
    <type>cue</type>
  </wpt>
  <wpt lat="39.27011" lon="-106.35322">
    <ele>3013.2</ele>
    <name>Sharp Left @ 18.84 mi</name>
    <cmt>Turn sharp left onto Turquoise Lake Trail</cmt>
    <desc>Turn sharp left onto Turquoise Lake Trail. cuesheet mile 18.84, track mile 18.84. cue from official ridewithgps route export.</desc>
    <sym>Sharp Left</sym>
    <type>cue</type>
  </wpt>
  <wpt lat="39.26761" lon="-106.35301">
    <ele>3012.9</ele>
    <name>Slight Right @ 19.03 mi</name>
    <cmt>Keep right onto Turquoise Lake Trail</cmt>
    <desc>Keep right onto Turquoise Lake Trail. cuesheet mile 19.03, track mile 19.03. cue from official ridewithgps route export.</desc>
    <sym>Slight Right</sym>
    <type>cue</type>
  </wpt>
  <wpt lat="39.2668" lon="-106.35353">
    <ele>3012.8</ele>
    <name>Straight @ 19.09 mi</name>
    <cmt>Continue onto Turquoise Lake Trail</cmt>
    <desc>Continue onto Turquoise Lake Trail. cuesheet mile 19.09, track mile 19.09. cue from official ridewithgps route export.</desc>
    <sym>Straight</sym>
    <type>cue</type>
  </wpt>
  <wpt lat="39.26279" lon="-106.35571">
    <ele>3012.4</ele>
    <name>Right @ 19.41 mi</name>
    <cmt>Turn right onto Turquoise Lake Trail</cmt>
    <desc>Turn right onto Turquoise Lake Trail. cuesheet mile 19.41, track mile 19.41. cue from official ridewithgps route export.</desc>
    <sym>Right</sym>
    <type>cue</type>
  </wpt>
  <wpt lat="39.25861" lon="-106.3602">
    <ele>3013.1</ele>
    <name>Slight Left @ 19.87 mi</name>
    <cmt>Keep left onto Turquoise Lake Trail</cmt>
    <desc>Keep left onto Turquoise Lake Trail. cuesheet mile 19.87, track mile 19.87. cue from official ridewithgps route export.</desc>
    <sym>Slight Left</sym>
    <type>cue</type>
  </wpt>
  <wpt lat="39.25278" lon="-106.36691">
    <ele>3012.2</ele>
    <name>Slight Left @ 20.44 mi</name>
    <cmt>Keep left</cmt>
    <desc>Keep left. cuesheet mile 20.44, track mile 20.43. cue from official ridewithgps route export.</desc>
    <sym>Slight Left</sym>
    <type>cue</type>
  </wpt>
  <wpt lat="39.252" lon="-106.36636">
    <ele>3017.0</ele>
    <name>Right @ 20.53 mi</name>
    <cmt>Turn right</cmt>
    <desc>Turn right. cuesheet mile 20.53, track mile 20.52. cue from official ridewithgps route export.</desc>
    <sym>Right</sym>
    <type>cue</type>
  </wpt>
  <wpt lat="39.24874" lon="-106.36924">
    <ele>2965.4</ele>
    <name>Left @ 20.81 mi</name>
    <cmt>Turn left onto County Rd 48</cmt>
    <desc>Turn left onto County Rd 48. cuesheet mile 20.81, track mile 20.80. cue from official ridewithgps route export.</desc>
    <sym>Left</sym>
    <type>cue</type>
  </wpt>
  <wpt lat="39.24854" lon="-106.35224">
    <ele>2948.6</ele>
    <name>Sharp Right @ 21.76 mi</name>
    <cmt>Sharp right onto Rd 5</cmt>
    <desc>Sharp right onto Rd 5. cuesheet mile 21.76, track mile 21.75. cue from official ridewithgps route export.</desc>
    <sym>Sharp Right</sym>
    <type>cue</type>
  </wpt>
  <wpt lat="39.2377" lon="-106.35717">
    <ele>2929.9</ele>
    <name>Right @ 22.59 mi</name>
    <cmt>Turn right onto Rd 5a</cmt>
    <desc>Turn right onto Rd 5a. cuesheet mile 22.59, track mile 22.58. cue from official ridewithgps route export.</desc>
    <sym>Right</sym>
    <type>cue</type>
  </wpt>
  <wpt lat="39.19366" lon="-106.36148">
    <ele>2907.1</ele>
    <name>Right @ 28.34 mi</name>
    <cmt>Turn right</cmt>
    <desc>Turn right. cuesheet mile 28.34, track mile 28.33. cue from official ridewithgps route export.</desc>
    <sym>Right</sym>
    <type>cue</type>
  </wpt>
  <wpt lat="39.19266" lon="-106.37367">
    <ele>2929.9</ele>
    <name>Slight Right @ 29.01 mi</name>
    <cmt>Keep right</cmt>
    <desc>Keep right. cuesheet mile 29.01, track mile 29.00. cue from official ridewithgps route export.</desc>
    <sym>Slight Right</sym>
    <type>cue</type>
  </wpt>
  <wpt lat="39.19278" lon="-106.37759">
    <ele>2931.3</ele>
    <name>Left @ 29.23 mi</name>
    <cmt>Turn left onto Trail 130</cmt>
    <desc>Turn left onto Trail 130. cuesheet mile 29.23, track mile 29.21. cue from official ridewithgps route export.</desc>
    <sym>Left</sym>
    <type>cue</type>
  </wpt>
  <wpt lat="39.17381" lon="-106.3624">
    <ele>2934.1</ele>
    <name>Right @ 30.79 mi</name>
    <cmt>Turn right onto Lodgepole Flats North Road</cmt>
    <desc>Turn right onto Lodgepole Flats North Road. cuesheet mile 30.79, track mile 30.77. cue from official ridewithgps route export.</desc>
    <sym>Right</sym>
    <type>cue</type>
  </wpt>
  <wpt lat="39.16096" lon="-106.36833">
    <ele>2984.3</ele>
    <name>Right @ 31.84 mi</name>
    <cmt>Turn right onto Lodgepole Flats South Road</cmt>
    <desc>Turn right onto Lodgepole Flats South Road. cuesheet mile 31.84, track mile 31.83. cue from official ridewithgps route export.</desc>
    <sym>Right</sym>
    <type>cue</type>
  </wpt>
  <wpt lat="39.13847" lon="-106.39801">
    <ele>3096.2</ele>
    <name>Slight Right @ 34.95 mi</name>
    <cmt>Keep right</cmt>
    <desc>Keep right. cuesheet mile 34.95, track mile 34.93. cue from official ridewithgps route export.</desc>
    <sym>Slight Right</sym>
    <type>cue</type>
  </wpt>
  <wpt lat="39.13544" lon="-106.39687">
    <ele>3134.3</ele>
    <name>Slight Left @ 35.18 mi</name>
    <cmt>Turn slight left onto Continental Divide Trail and Colorado Trail (Segment 11)</cmt>
    <desc>Turn slight left onto Continental Divide Trail and Colorado Trail (Segment 11). cuesheet mile 35.18, track mile 35.16. cue from official ridewithgps route export.</desc>
    <sym>Slight Left</sym>
    <type>cue</type>
  </wpt>
  <wpt lat="39.10965" lon="-106.39338">
    <ele>3197.4</ele>
    <name>Slight Right @ 37.48 mi</name>
    <cmt>Keep right onto Continental Divide Trail and Colorado Trail (Segment 11)</cmt>
    <desc>Keep right onto Continental Divide Trail and Colorado Trail (Segment 11). cuesheet mile 37.48, track mile 37.46. cue from official ridewithgps route export.</desc>
    <sym>Slight Right</sym>
    <type>cue</type>
  </wpt>
  <wpt lat="39.08295" lon="-106.38599">
    <ele>2837.2</ele>
    <name>Slight Right @ 40.36 mi</name>
    <cmt>Turn slight right onto Gordon Gulch Road</cmt>
    <desc>Turn slight right onto Gordon Gulch Road. cuesheet mile 40.36, track mile 40.15. cue from official ridewithgps route export.</desc>
    <sym>Slight Right</sym>
    <type>cue</type>
  </wpt>
  <wpt lat="39.08276" lon="-106.38582">
    <ele>2830.7</ele>
    <name>Left @ 40.37 mi</name>
    <cmt>Turn left</cmt>
    <desc>Turn left. cuesheet mile 40.37, track mile 40.17. cue from official ridewithgps route export.</desc>
    <sym>Left</sym>
    <type>cue</type>
  </wpt>
  <wpt lat="39.08289" lon="-106.38205">
    <ele>2816.2</ele>
    <name>Right @ 40.59 mi</name>
    <cmt>Turn right onto 5th Street</cmt>
    <desc>Turn right onto 5th Street. cuesheet mile 40.59, track mile 40.38. cue from official ridewithgps route export.</desc>
    <sym>Right</sym>
    <type>cue</type>
  </wpt>
  <wpt lat="39.08152" lon="-106.38206">
    <ele>2809.7</ele>
    <name>Right @ 40.68 mi</name>
    <cmt>Turn right onto Twin Lakes Rest Stop Road</cmt>
    <desc>Turn right onto Twin Lakes Rest Stop Road. cuesheet mile 40.68, track mile 40.48. cue from official ridewithgps route export.</desc>
    <sym>Right</sym>
    <type>cue</type>
  </wpt>
  <wpt lat="39.0814" lon="-106.38305">
    <ele>2810.0</ele>
    <name>Right @ 40.74 mi</name>
    <cmt>Turn right</cmt>
    <desc>Turn right. cuesheet mile 40.74, track mile 40.53. cue from official ridewithgps route export.</desc>
    <sym>Right</sym>
    <type>cue</type>
  </wpt>
  <wpt lat="39.08136" lon="-106.38339">
    <ele>2810.3</ele>
    <name>Left @ 40.76 mi</name>
    <cmt>Turn left</cmt>
    <desc>Turn left. cuesheet mile 40.76, track mile 40.55. cue from official ridewithgps route export.</desc>
    <sym>Left</sym>
    <type>cue</type>
  </wpt>
  <wpt lat="39.08055" lon="-106.38459">
    <ele>2815.5</ele>
    <name>Right @ 40.85 mi</name>
    <cmt>Turn right</cmt>
    <desc>Turn right. cuesheet mile 40.85, track mile 40.65. cue from official ridewithgps route export.</desc>
    <sym>Right</sym>
    <type>cue</type>
  </wpt>
  <wpt lat="39.07722" lon="-106.39339">
    <ele>2809.2</ele>
    <name>Straight @ 41.40 mi</name>
    <cmt>Continue onto Willow Stump Road</cmt>
    <desc>Continue onto Willow Stump Road. cuesheet mile 41.40, track mile 41.20. cue from official ridewithgps route export.</desc>
    <sym>Straight</sym>
    <type>cue</type>
  </wpt>
  <wpt lat="39.07346" lon="-106.38959">
    <ele>2806.1</ele>
    <name>Right @ 41.82 mi</name>
    <cmt>Turn right onto Willow Stump Road</cmt>
    <desc>Turn right onto Willow Stump Road. cuesheet mile 41.82, track mile 41.62. cue from official ridewithgps route export.</desc>
    <sym>Right</sym>
    <type>cue</type>
  </wpt>
  <wpt lat="39.04959" lon="-106.3903">
    <ele>3137.2</ele>
    <name>Slight Left @ 43.66 mi</name>
    <cmt>Keep left onto Willis Gulch Trail</cmt>
    <desc>Keep left onto Willis Gulch Trail. cuesheet mile 43.66, track mile 43.45. cue from official ridewithgps route export.</desc>
    <sym>Slight Left</sym>
    <type>cue</type>
  </wpt>
  <wpt lat="39.01852" lon="-106.4056">
    <ele>3779.6</ele>
    <name>Sharp Left @ 46.50 mi</name>
    <cmt>Turn sharp left onto Sheep Gulch Trail</cmt>
    <desc>Turn sharp left onto Sheep Gulch Trail. cuesheet mile 46.50, track mile 46.28. cue from official ridewithgps route export.</desc>
    <sym>Sharp Left</sym>
    <type>cue</type>
  </wpt>
  <wpt lat="39.01527" lon="-106.40436">
    <ele>3654.4</ele>
    <name>Slight Left @ 46.92 mi</name>
    <cmt>Turn slight left onto Sheep Gulch Trail</cmt>
    <desc>Turn slight left onto Sheep Gulch Trail. cuesheet mile 46.92, track mile 46.71. cue from official ridewithgps route export.</desc>
    <sym>Slight Left</sym>
    <type>cue</type>
  </wpt>
  <wpt lat="39.01308" lon="-106.40371">
    <ele>3582.3</ele>
    <name>Slight Right @ 47.17 mi</name>
    <cmt>Turn slight right onto Sheep Gulch Trail</cmt>
    <desc>Turn slight right onto Sheep Gulch Trail. cuesheet mile 47.17, track mile 46.96. cue from official ridewithgps route export.</desc>
    <sym>Slight Right</sym>
    <type>cue</type>
  </wpt>
  <wpt lat="38.99829" lon="-106.40345">
    <ele>3074.4</ele>
    <name>Slight Right @ 48.60 mi</name>
    <cmt>Turn slight right onto Continental Divide Trail / Colorado Trail Collegiate Peaks West</cmt>
    <desc>Turn slight right onto Continental Divide Trail / Colorado Trail Collegiate Peaks West. cuesheet mile 48.60, track mile 48.38. cue from official ridewithgps route export.</desc>
    <sym>Slight Right</sym>
    <type>cue</type>
  </wpt>
  <wpt lat="38.99048" lon="-106.42154">
    <ele>3097.4</ele>
    <name>Slight Left @ 49.79 mi</name>
    <cmt>Turn slight left onto Continental Divide Trail / Colorado Trail Collegiate Peaks West</cmt>
    <desc>Turn slight left onto Continental Divide Trail / Colorado Trail Collegiate Peaks West. cuesheet mile 49.79, track mile 49.56. cue from official ridewithgps route export.</desc>
    <sym>Slight Left</sym>
    <type>cue</type>
  </wpt>
  <wpt lat="38.98628" lon="-106.4515">
    <ele>3171.5</ele>
    <name>Left @ 51.56 mi</name>
    <cmt>Turn left onto North Fork Clear Creek Road</cmt>
    <desc>Turn left onto North Fork Clear Creek Road. cuesheet mile 51.56, track mile 51.33. cue from official ridewithgps route export.</desc>
    <sym>Left</sym>
    <type>cue</type>
  </wpt>
  <wpt lat="38.98505" lon="-106.44121">
    <ele>3125.1</ele>
    <name>Right @ 52.17 mi</name>
    <cmt>Turn right onto Clear Creek Road</cmt>
    <desc>Turn right onto Clear Creek Road. cuesheet mile 52.17, track mile 51.94. cue from official ridewithgps route export.</desc>
    <sym>Right</sym>
    <type>cue</type>
  </wpt>
  <wpt lat="38.9833" lon="-106.44132">
    <ele>3119.8</ele>
    <name>Left @ 52.30 mi</name>
    <cmt>Turn left</cmt>
    <desc>Turn left. cuesheet mile 52.30, track mile 52.06. cue from official ridewithgps route export.</desc>
    <sym>Left</sym>
    <type>cue</type>
  </wpt>
  <wpt lat="38.98331" lon="-106.44041">
    <ele>3118.6</ele>
    <name>Uturn @ 52.35 mi</name>
    <cmt>Make a U-turn</cmt>
    <desc>Make a U-turn. cuesheet mile 52.35, track mile 52.11. cue from official ridewithgps route export.</desc>
    <sym>Uturn</sym>
    <type>cue</type>
  </wpt>
  <wpt lat="38.9833" lon="-106.44132">
    <ele>3119.8</ele>
    <name>Right @ 52.40 mi</name>
    <cmt>Turn right onto Clear Creek Road</cmt>
    <desc>Turn right onto Clear Creek Road. cuesheet mile 52.40, track mile 52.20. cue from official ridewithgps route export.</desc>
    <sym>Right</sym>
    <type>cue</type>
  </wpt>
  <wpt lat="38.98505" lon="-106.44121">
    <ele>3125.1</ele>
    <name>Left @ 52.52 mi</name>
    <cmt>Turn left onto North Fork Clear Creek Road</cmt>
    <desc>Turn left onto North Fork Clear Creek Road. cuesheet mile 52.52, track mile 52.32. cue from official ridewithgps route export.</desc>
    <sym>Left</sym>
    <type>cue</type>
  </wpt>
  <wpt lat="38.98628" lon="-106.4515">
    <ele>3171.5</ele>
    <name>Right @ 53.13 mi</name>
    <cmt>Turn right onto Continental Divide Trail / Colorado Trail Collegiate Peaks West</cmt>
    <desc>Turn right onto Continental Divide Trail / Colorado Trail Collegiate Peaks West. cuesheet mile 53.13, track mile 52.93. cue from official ridewithgps route export.</desc>
    <sym>Right</sym>
    <type>cue</type>
  </wpt>
  <wpt lat="38.99829" lon="-106.40345">
    <ele>3074.4</ele>
    <name>Slight Left @ 56.09 mi</name>
    <cmt>Turn slight left onto Sheep Gulch Trail</cmt>
    <desc>Turn slight left onto Sheep Gulch Trail. cuesheet mile 56.09, track mile 55.88. cue from official ridewithgps route export.</desc>
    <sym>Slight Left</sym>
    <type>cue</type>
  </wpt>
  <wpt lat="39.0156" lon="-106.40381">
    <ele>3689.5</ele>
    <name>Slight Left @ 57.88 mi</name>
    <cmt>Keep left onto Sheep Gulch Trail</cmt>
    <desc>Keep left onto Sheep Gulch Trail. cuesheet mile 57.88, track mile 57.66. cue from official ridewithgps route export.</desc>
    <sym>Slight Left</sym>
    <type>cue</type>
  </wpt>
  <wpt lat="39.01637" lon="-106.40356">
    <ele>3729.4</ele>
    <name>Slight Left @ 58.00 mi</name>
    <cmt>Turn slight left onto Sheep Gulch Trail</cmt>
    <desc>Turn slight left onto Sheep Gulch Trail. cuesheet mile 58.00, track mile 57.78. cue from official ridewithgps route export.</desc>
    <sym>Slight Left</sym>
    <type>cue</type>
  </wpt>
  <wpt lat="39.01752" lon="-106.4042">
    <ele>3750.0</ele>
    <name>Straight @ 58.09 mi</name>
    <cmt>Continue onto Sheep Gulch Trail</cmt>
    <desc>Continue onto Sheep Gulch Trail. cuesheet mile 58.09, track mile 57.87. cue from official ridewithgps route export.</desc>
    <sym>Straight</sym>
    <type>cue</type>
  </wpt>
  <wpt lat="39.07346" lon="-106.38959">
    <ele>2806.1</ele>
    <name>Left @ 62.87 mi</name>
    <cmt>Turn left onto Willow Stump Road</cmt>
    <desc>Turn left onto Willow Stump Road. cuesheet mile 62.87, track mile 62.65. cue from official ridewithgps route export.</desc>
    <sym>Left</sym>
    <type>cue</type>
  </wpt>
  <wpt lat="39.07722" lon="-106.39339">
    <ele>2809.2</ele>
    <name>Slight Right @ 63.29 mi</name>
    <cmt>Keep right</cmt>
    <desc>Keep right. cuesheet mile 63.29, track mile 63.06. cue from official ridewithgps route export.</desc>
    <sym>Slight Right</sym>
    <type>cue</type>
  </wpt>
  <wpt lat="39.08055" lon="-106.38459">
    <ele>2815.5</ele>
    <name>Left @ 63.84 mi</name>
    <cmt>Turn left</cmt>
    <desc>Turn left. cuesheet mile 63.84, track mile 63.62. cue from official ridewithgps route export.</desc>
    <sym>Left</sym>
    <type>cue</type>
  </wpt>
  <wpt lat="39.08136" lon="-106.38339">
    <ele>2810.3</ele>
    <name>Right @ 63.94 mi</name>
    <cmt>Turn right</cmt>
    <desc>Turn right. cuesheet mile 63.94, track mile 63.71. cue from official ridewithgps route export.</desc>
    <sym>Right</sym>
    <type>cue</type>
  </wpt>
  <wpt lat="39.0814" lon="-106.38305">
    <ele>2810.0</ele>
    <name>Left @ 63.95 mi</name>
    <cmt>Turn left onto Twin Lakes Rest Stop Road</cmt>
    <desc>Turn left onto Twin Lakes Rest Stop Road. cuesheet mile 63.95, track mile 63.73. cue from official ridewithgps route export.</desc>
    <sym>Left</sym>
    <type>cue</type>
  </wpt>
  <wpt lat="39.08152" lon="-106.38206">
    <ele>2809.7</ele>
    <name>Left @ 64.01 mi</name>
    <cmt>Turn left onto Twin Lakes Rest Stop Road</cmt>
    <desc>Turn left onto Twin Lakes Rest Stop Road. cuesheet mile 64.01, track mile 63.78. cue from official ridewithgps route export.</desc>
    <sym>Left</sym>
    <type>cue</type>
  </wpt>
  <wpt lat="39.08289" lon="-106.38205">
    <ele>2816.2</ele>
    <name>Left @ 64.11 mi</name>
    <cmt>Turn left onto Lang Road</cmt>
    <desc>Turn left onto Lang Road. cuesheet mile 64.11, track mile 63.88. cue from official ridewithgps route export.</desc>
    <sym>Left</sym>
    <type>cue</type>
  </wpt>
  <wpt lat="39.08276" lon="-106.38582">
    <ele>2830.7</ele>
    <name>Right @ 64.32 mi</name>
    <cmt>Turn right onto Gordon Gulch Road</cmt>
    <desc>Turn right onto Gordon Gulch Road. cuesheet mile 64.32, track mile 64.09. cue from official ridewithgps route export.</desc>
    <sym>Right</sym>
    <type>cue</type>
  </wpt>
  <wpt lat="39.10595" lon="-106.39522">
    <ele>3207.1</ele>
    <name>Slight Left @ 66.90 mi</name>
    <cmt>Keep left onto Continental Divide Trail and Colorado Trail (Segment 11)</cmt>
    <desc>Keep left onto Continental Divide Trail and Colorado Trail (Segment 11). cuesheet mile 66.90, track mile 66.49. cue from official ridewithgps route export.</desc>
    <sym>Slight Left</sym>
    <type>cue</type>
  </wpt>
  <wpt lat="39.13544" lon="-106.39687">
    <ele>3134.3</ele>
    <name>Slight Right @ 69.51 mi</name>
    <cmt>Keep right</cmt>
    <desc>Keep right. cuesheet mile 69.51, track mile 69.10. cue from official ridewithgps route export.</desc>
    <sym>Slight Right</sym>
    <type>cue</type>
  </wpt>
  <wpt lat="39.13847" lon="-106.39801">
    <ele>3096.2</ele>
    <name>Slight Left @ 69.74 mi</name>
    <cmt>Turn slight left onto Lodgepole Flats South Road</cmt>
    <desc>Turn slight left onto Lodgepole Flats South Road. cuesheet mile 69.74, track mile 69.33. cue from official ridewithgps route export.</desc>
    <sym>Slight Left</sym>
    <type>cue</type>
  </wpt>
  <wpt lat="39.16096" lon="-106.36833">
    <ele>2984.3</ele>
    <name>Left @ 72.85 mi</name>
    <cmt>Turn left onto Lodgepole Flats North Road</cmt>
    <desc>Turn left onto Lodgepole Flats North Road. cuesheet mile 72.85, track mile 72.43. cue from official ridewithgps route export.</desc>
    <sym>Left</sym>
    <type>cue</type>
  </wpt>
  <wpt lat="39.17381" lon="-106.3624">
    <ele>2934.1</ele>
    <name>Left @ 73.90 mi</name>
    <cmt>Turn left onto Trail 130</cmt>
    <desc>Turn left onto Trail 130. cuesheet mile 73.90, track mile 73.48. cue from official ridewithgps route export.</desc>
    <sym>Left</sym>
    <type>cue</type>
  </wpt>
  <wpt lat="39.18954" lon="-106.37506">
    <ele>2939.4</ele>
    <name>Straight @ 75.19 mi</name>
    <cmt>Continue onto Trail 130</cmt>
    <desc>Continue onto Trail 130. cuesheet mile 75.19, track mile 74.77. cue from official ridewithgps route export.</desc>
    <sym>Straight</sym>
    <type>cue</type>
  </wpt>
  <wpt lat="39.19278" lon="-106.37759">
    <ele>2931.3</ele>
    <name>Right @ 75.46 mi</name>
    <cmt>Turn right</cmt>
    <desc>Turn right. cuesheet mile 75.46, track mile 75.04. cue from official ridewithgps route export.</desc>
    <sym>Right</sym>
    <type>cue</type>
  </wpt>
  <wpt lat="39.19268" lon="-106.37566">
    <ele>2933.4</ele>
    <name>Slight Left @ 75.57 mi</name>
    <cmt>Keep left</cmt>
    <desc>Keep left. cuesheet mile 75.57, track mile 75.15. cue from official ridewithgps route export.</desc>
    <sym>Slight Left</sym>
    <type>cue</type>
  </wpt>
  <wpt lat="39.19366" lon="-106.36148">
    <ele>2907.1</ele>
    <name>Left @ 76.35 mi</name>
    <cmt>Turn left onto County Road 11A</cmt>
    <desc>Turn left onto County Road 11A. cuesheet mile 76.35, track mile 75.93. cue from official ridewithgps route export.</desc>
    <sym>Left</sym>
    <type>cue</type>
  </wpt>
  <wpt lat="39.23771" lon="-106.3571">
    <ele>2929.8</ele>
    <name>Left @ 82.11 mi</name>
    <cmt>Turn left onto County Road 5</cmt>
    <desc>Turn left onto County Road 5. cuesheet mile 82.11, track mile 81.68. cue from official ridewithgps route export.</desc>
    <sym>Left</sym>
    <type>cue</type>
  </wpt>
  <wpt lat="39.24861" lon="-106.35177">
    <ele>2948.6</ele>
    <name>Sharp Left @ 82.96 mi</name>
    <cmt>Turn sharp left onto County Road 48</cmt>
    <desc>Turn sharp left onto County Road 48. cuesheet mile 82.96, track mile 82.52. cue from official ridewithgps route export.</desc>
    <sym>Sharp Left</sym>
    <type>cue</type>
  </wpt>
  <wpt lat="39.252" lon="-106.36638">
    <ele>3017.0</ele>
    <name>Sharp Left @ 84.21 mi</name>
    <cmt>Turn sharp left onto Turquoise Lake Road</cmt>
    <desc>Turn sharp left onto Turquoise Lake Road. cuesheet mile 84.21, track mile 83.79. cue from official ridewithgps route export.</desc>
    <sym>Sharp Left</sym>
    <type>cue</type>
  </wpt>
  <wpt lat="39.2521" lon="-106.36692">
    <ele>3016.1</ele>
    <name>Right @ 84.24 mi</name>
    <cmt>Turn right onto Turquoise Lake Road</cmt>
    <desc>Turn right onto Turquoise Lake Road. cuesheet mile 84.24, track mile 83.82. cue from official ridewithgps route export.</desc>
    <sym>Right</sym>
    <type>cue</type>
  </wpt>
  <wpt lat="39.28026" lon="-106.38549">
    <ele>3181.4</ele>
    <name>Right @ 89.24 mi</name>
    <cmt>Turn right onto Uncle Buds Road / FS Road 107</cmt>
    <desc>Turn right onto Uncle Buds Road / FS Road 107. cuesheet mile 89.24, track mile 88.82. cue from official ridewithgps route export.</desc>
    <sym>Right</sym>
    <type>cue</type>
  </wpt>
  <wpt lat="39.2836" lon="-106.3858">
    <ele>3225.1</ele>
    <name>Right @ 89.47 mi</name>
    <cmt>Turn right onto Turquoise Chief Road</cmt>
    <desc>Turn right onto Turquoise Chief Road. cuesheet mile 89.47, track mile 89.06. cue from official ridewithgps route export.</desc>
    <sym>Right</sym>
    <type>cue</type>
  </wpt>
  <wpt lat="39.28995" lon="-106.38052">
    <ele>3228.3</ele>
    <name>Straight @ 90.19 mi</name>
    <cmt>Continue onto Turquoise Chief Road</cmt>
    <desc>Continue onto Turquoise Chief Road. cuesheet mile 90.19, track mile 89.78. cue from official ridewithgps route export.</desc>
    <sym>Straight</sym>
    <type>cue</type>
  </wpt>
  <wpt lat="39.29493" lon="-106.38713">
    <ele>3187.2</ele>
    <name>Sharp Right @ 90.70 mi</name>
    <cmt>Turn sharp right onto Kevin Gulch Road</cmt>
    <desc>Turn sharp right onto Kevin Gulch Road. cuesheet mile 90.70, track mile 90.29. cue from official ridewithgps route export.</desc>
    <sym>Sharp Right</sym>
    <type>cue</type>
  </wpt>
  <wpt lat="39.26423" lon="-106.34168">
    <ele>2979.4</ele>
    <name>Left @ 94.62 mi</name>
    <cmt>Turn left onto Turquoise Lake Road</cmt>
    <desc>Turn left onto Turquoise Lake Road. cuesheet mile 94.62, track mile 94.20. cue from official ridewithgps route export.</desc>
    <sym>Left</sym>
    <type>cue</type>
  </wpt>
  <wpt lat="39.26389" lon="-106.33988">
    <ele>2977.5</ele>
    <name>Right @ 94.72 mi</name>
    <cmt>Turn right onto County Road 9</cmt>
    <desc>Turn right onto County Road 9. cuesheet mile 94.72, track mile 94.30. cue from official ridewithgps route export.</desc>
    <sym>Right</sym>
    <type>cue</type>
  </wpt>
  <wpt lat="39.2585" lon="-106.33993">
    <ele>2979.3</ele>
    <name>Right @ 95.12 mi</name>
    <cmt>Turn right onto County Road 9D</cmt>
    <desc>Turn right onto County Road 9D. cuesheet mile 95.12, track mile 94.70. cue from official ridewithgps route export.</desc>
    <sym>Right</sym>
    <type>cue</type>
  </wpt>
  <wpt lat="39.24274" lon="-106.3078">
    <ele>3042.5</ele>
    <name>Left @ 98.95 mi</name>
    <cmt>Turn left onto County Road 31</cmt>
    <desc>Turn left onto County Road 31. cuesheet mile 98.95, track mile 98.53. cue from official ridewithgps route export.</desc>
    <sym>Left</sym>
    <type>cue</type>
  </wpt>
  <wpt lat="39.2438" lon="-106.30689">
    <ele>3048.9</ele>
    <name>Left @ 99.04 mi</name>
    <cmt>Turn left onto McWethy Drive</cmt>
    <desc>Turn left onto McWethy Drive. cuesheet mile 99.04, track mile 98.62. cue from official ridewithgps route export.</desc>
    <sym>Left</sym>
    <type>cue</type>
  </wpt>
  <wpt lat="39.24546" lon="-106.30693">
    <ele>3049.5</ele>
    <name>Right @ 99.16 mi</name>
    <cmt>Turn right onto West 8th Street</cmt>
    <desc>Turn right onto West 8th Street. cuesheet mile 99.16, track mile 98.73. cue from official ridewithgps route export.</desc>
    <sym>Right</sym>
    <type>cue</type>
  </wpt>
  <wpt lat="39.24862" lon="-106.29229">
    <ele>3092.0</ele>
    <name>End @ 99.97 mi</name>
    <cmt>End of route</cmt>
    <desc>End of route. cuesheet mile 99.97, track mile 99.55. cue from official ridewithgps route export.</desc>
    <sym>End</sym>
    <type>cue</type>
  </wpt>
  <wpt lat="39.28529" lon="-106.40216">
    <ele>3294.8</ele>
    <name>Carter Summit</name>
    <cmt>aid station, chart miles 10.0 mi</cmt>
    <desc>aid station. chart miles 10.0 mi. no crew access. source: leadvilleraceseries.com 2026 run course chart, not the ridewithgps export, which contains no pois.</desc>
    <sym>Aid Station</sym>
    <type>poi</type>
  </wpt>
  <wpt lat="39.24830" lon="-106.36776">
    <ele>2962.8</ele>
    <name>Turquoise Lake Dam</name>
    <cmt>aid station, chart miles 20.5 mi, 84.2 mi</cmt>
    <desc>aid station. chart miles 20.5 mi, 84.2 mi. cutoffs 10:15 AM, 5:30 AM Sun. no crew access. drop bags. source: leadvilleraceseries.com 2026 run course chart, not the ridewithgps export, which contains no pois.</desc>
    <sym>Aid Station</sym>
    <type>poi</type>
  </wpt>
  <wpt lat="39.21348" lon="-106.36378">
    <ele>2897.0</ele>
    <name>Outward Bound</name>
    <cmt>aid station, chart miles 26.0 mi, 78.7 mi</cmt>
    <desc>aid station. chart miles 26.0 mi, 78.7 mi. cutoffs 11:15 AM, 3:45 AM Sun. crew access. drop bags. source: leadvilleraceseries.com 2026 run course chart, not the ridewithgps export, which contains no pois.</desc>
    <sym>Aid Station</sym>
    <type>poi</type>
  </wpt>
  <wpt lat="39.16323" lon="-106.36889">
    <ele>2990.1</ele>
    <name>Half Pipe</name>
    <cmt>aid station, chart miles 29.6 mi, 75.1 mi</cmt>
    <desc>aid station. chart miles 29.6 mi, 75.1 mi. cutoffs 12:45 PM, 2:00 AM Sun. crew access. drop bags. source: leadvilleraceseries.com 2026 run course chart, not the ridewithgps export, which contains no pois.</desc>
    <sym>Aid Station</sym>
    <type>poi</type>
  </wpt>
  <wpt lat="39.08237" lon="-106.38777">
    <ele>2855.8</ele>
    <name>Twin Lakes Village</name>
    <cmt>aid station, chart miles 40.5 mi, 64.2 mi</cmt>
    <desc>aid station. chart miles 40.5 mi, 64.2 mi. cutoffs 2:15 PM, 11:00 PM. crew access. drop bags. source: leadvilleraceseries.com 2026 run course chart, not the ridewithgps export, which contains no pois.</desc>
    <sym>Aid Station</sym>
    <type>poi</type>
  </wpt>
  <wpt lat="39.02566" lon="-106.40265">
    <ele>3627.8</ele>
    <name>Hope Pass</name>
    <cmt>aid station, chart miles 45.6 mi, 59.1 mi</cmt>
    <desc>aid station. chart miles 45.6 mi, 59.1 mi. cutoffs 4:45 PM. no crew access. source: leadvilleraceseries.com 2026 run course chart, not the ridewithgps export, which contains no pois.</desc>
    <sym>Aid Station</sym>
    <type>poi</type>
  </wpt>
  <wpt lat="38.98628" lon="-106.45150">
    <ele>3171.5</ele>
    <name>Winfield</name>
    <cmt>aid station, chart miles 52.3 mi</cmt>
    <desc>aid station. chart miles 52.3 mi. cutoffs 6:50 PM. no crew access. drop bags. source: leadvilleraceseries.com 2026 run course chart, not the ridewithgps export, which contains no pois.</desc>
    <sym>Aid Station</sym>
    <type>poi</type>
  </wpt>
  <trk>
    <name>Leadville Trail 100 Run 2026 course</name>
    <trkseg>
      <trkpt lat="39.24862" lon="-106.29229"><ele>3092.0</ele></trkpt>
      <trkpt lat="39.2484" lon="-106.2933"><ele>3087.4</ele></trkpt>
      <trkpt lat="39.24818" lon="-106.29432"><ele>3083.2</ele></trkpt>
      <trkpt lat="39.24796" lon="-106.29533"><ele>3079.1</ele></trkpt>
      <trkpt lat="39.24774" lon="-106.29634"><ele>3074.4</ele></trkpt>
      <trkpt lat="39.24752" lon="-106.29735"><ele>3073.2</ele></trkpt>
      <trkpt lat="39.24729" lon="-106.29837"><ele>3077.9</ele></trkpt>
      <trkpt lat="39.24707" lon="-106.29938"><ele>3078.7</ele></trkpt>
      <trkpt lat="39.24685" lon="-106.30039"><ele>3083.2</ele></trkpt>
      <trkpt lat="39.24663" lon="-106.3014"><ele>3082.4</ele></trkpt>
      <trkpt lat="39.24663" lon="-106.3014"><ele>3082.4</ele></trkpt>
      <trkpt lat="39.2464" lon="-106.30249"><ele>3079.9</ele></trkpt>
      <trkpt lat="39.24616" lon="-106.30357"><ele>3074.3</ele></trkpt>
      <trkpt lat="39.24593" lon="-106.30466"><ele>3067.2</ele></trkpt>
      <trkpt lat="39.24585" lon="-106.30496"><ele>3063.3</ele></trkpt>
      <trkpt lat="39.24571" lon="-106.30564"><ele>3056.4</ele></trkpt>
      <trkpt lat="39.24556" lon="-106.30631"><ele>3053.0</ele></trkpt>
      <trkpt lat="39.2455" lon="-106.30661"><ele>3051.3</ele></trkpt>
      <trkpt lat="39.24546" lon="-106.30693"><ele>3049.5</ele></trkpt>
      <trkpt lat="39.24598" lon="-106.30694"><ele>3050.4</ele></trkpt>
      <trkpt lat="39.24649" lon="-106.30696"><ele>3050.6</ele></trkpt>
      <trkpt lat="39.24649" lon="-106.30696"><ele>3050.6</ele></trkpt>
      <trkpt lat="39.24696" lon="-106.30698"><ele>3048.2</ele></trkpt>
      <trkpt lat="39.24719" lon="-106.307"><ele>3047.6</ele></trkpt>
      <trkpt lat="39.24733" lon="-106.30707"><ele>3047.0</ele></trkpt>
      <trkpt lat="39.24758" lon="-106.30725"><ele>3045.4</ele></trkpt>
      <trkpt lat="39.24774" lon="-106.30745"><ele>3044.4</ele></trkpt>
      <trkpt lat="39.24788" lon="-106.30768"><ele>3044.3</ele></trkpt>
      <trkpt lat="39.24801" lon="-106.30801"><ele>3044.0</ele></trkpt>
      <trkpt lat="39.2482" lon="-106.30888"><ele>3042.5</ele></trkpt>
      <trkpt lat="39.2483" lon="-106.30948"><ele>3039.7</ele></trkpt>
      <trkpt lat="39.24841" lon="-106.31009"><ele>3038.6</ele></trkpt>
      <trkpt lat="39.24852" lon="-106.31069"><ele>3038.2</ele></trkpt>
      <trkpt lat="39.24864" lon="-106.31128"><ele>3037.0</ele></trkpt>
      <trkpt lat="39.24883" lon="-106.31238"><ele>3032.8</ele></trkpt>
      <trkpt lat="39.24898" lon="-106.31324"><ele>3030.4</ele></trkpt>
      <trkpt lat="39.24898" lon="-106.31324"><ele>3030.4</ele></trkpt>
      <trkpt lat="39.24918" lon="-106.31437"><ele>3027.1</ele></trkpt>
      <trkpt lat="39.24937" lon="-106.3155"><ele>3024.4</ele></trkpt>
      <trkpt lat="39.24956" lon="-106.31664"><ele>3022.4</ele></trkpt>
      <trkpt lat="39.24974" lon="-106.31755"><ele>3021.2</ele></trkpt>
      <trkpt lat="39.24992" lon="-106.31859"><ele>3019.6</ele></trkpt>
      <trkpt lat="39.2501" lon="-106.31964"><ele>3018.0</ele></trkpt>
      <trkpt lat="39.25028" lon="-106.32068"><ele>3016.3</ele></trkpt>
      <trkpt lat="39.25047" lon="-106.32172"><ele>3014.4</ele></trkpt>
      <trkpt lat="39.25065" lon="-106.32264"><ele>3012.4</ele></trkpt>
      <trkpt lat="39.25073" lon="-106.32265"><ele>3012.6</ele></trkpt>
      <trkpt lat="39.251" lon="-106.32281"><ele>3012.8</ele></trkpt>
      <trkpt lat="39.25114" lon="-106.32287"><ele>3013.0</ele></trkpt>
      <trkpt lat="39.25153" lon="-106.32295"><ele>3013.8</ele></trkpt>
      <trkpt lat="39.25223" lon="-106.32294"><ele>3013.0</ele></trkpt>
      <trkpt lat="39.25236" lon="-106.323"><ele>3012.8</ele></trkpt>
      <trkpt lat="39.25277" lon="-106.32336"><ele>3013.3</ele></trkpt>
      <trkpt lat="39.25319" lon="-106.32376"><ele>3014.6</ele></trkpt>
      <trkpt lat="39.2533" lon="-106.3239"><ele>3014.9</ele></trkpt>
      <trkpt lat="39.2534" lon="-106.32406"><ele>3015.1</ele></trkpt>
      <trkpt lat="39.25355" lon="-106.32442"><ele>3015.2</ele></trkpt>
      <trkpt lat="39.25355" lon="-106.32442"><ele>3015.2</ele></trkpt>
      <trkpt lat="39.25389" lon="-106.32523"><ele>3014.7</ele></trkpt>
      <trkpt lat="39.254" lon="-106.32559"><ele>3014.3</ele></trkpt>
      <trkpt lat="39.2542" lon="-106.32657"><ele>3013.9</ele></trkpt>
      <trkpt lat="39.25424" lon="-106.32695"><ele>3013.7</ele></trkpt>
      <trkpt lat="39.25428" lon="-106.32794"><ele>3010.6</ele></trkpt>
      <trkpt lat="39.25437" lon="-106.32827"><ele>3009.1</ele></trkpt>
      <trkpt lat="39.25468" lon="-106.32924"><ele>3005.0</ele></trkpt>
      <trkpt lat="39.25486" lon="-106.32948"><ele>3003.4</ele></trkpt>
      <trkpt lat="39.25514" lon="-106.32978"><ele>3001.0</ele></trkpt>
      <trkpt lat="39.25525" lon="-106.32996"><ele>3000.8</ele></trkpt>
      <trkpt lat="39.25543" lon="-106.33028"><ele>3000.4</ele></trkpt>
      <trkpt lat="39.25553" lon="-106.33058"><ele>3000.0</ele></trkpt>
      <trkpt lat="39.25559" lon="-106.33093"><ele>2999.5</ele></trkpt>
      <trkpt lat="39.25566" lon="-106.33158"><ele>2998.8</ele></trkpt>
      <trkpt lat="39.25574" lon="-106.33192"><ele>2997.7</ele></trkpt>
      <trkpt lat="39.2559" lon="-106.33247"><ele>2995.4</ele></trkpt>
      <trkpt lat="39.25605" lon="-106.33302"><ele>2993.0</ele></trkpt>
      <trkpt lat="39.25625" lon="-106.33361"><ele>2989.0</ele></trkpt>
      <trkpt lat="39.25632" lon="-106.33385"><ele>2988.1</ele></trkpt>
      <trkpt lat="39.25643" lon="-106.33437"><ele>2987.0</ele></trkpt>
      <trkpt lat="39.25656" lon="-106.33519"><ele>2985.2</ele></trkpt>
      <trkpt lat="39.25669" lon="-106.33601"><ele>2983.6</ele></trkpt>
      <trkpt lat="39.25677" lon="-106.33664"><ele>2982.4</ele></trkpt>
      <trkpt lat="39.25684" lon="-106.33692"><ele>2981.8</ele></trkpt>
      <trkpt lat="39.2569" lon="-106.33705"><ele>2981.4</ele></trkpt>
      <trkpt lat="39.25723" lon="-106.3375"><ele>2980.0</ele></trkpt>
      <trkpt lat="39.25756" lon="-106.33795"><ele>2981.1</ele></trkpt>
      <trkpt lat="39.25777" lon="-106.33835"><ele>2982.0</ele></trkpt>
      <trkpt lat="39.25809" lon="-106.33911"><ele>2982.3</ele></trkpt>
      <trkpt lat="39.25833" lon="-106.33972"><ele>2980.5</ele></trkpt>
      <trkpt lat="39.25842" lon="-106.33986"><ele>2979.9</ele></trkpt>
      <trkpt lat="39.2585" lon="-106.33993"><ele>2979.3</ele></trkpt>
      <trkpt lat="39.25858" lon="-106.33998"><ele>2978.3</ele></trkpt>
      <trkpt lat="39.25913" lon="-106.34019"><ele>2974.3</ele></trkpt>
      <trkpt lat="39.25933" lon="-106.34033"><ele>2973.0</ele></trkpt>
      <trkpt lat="39.25972" lon="-106.34073"><ele>2972.0</ele></trkpt>
      <trkpt lat="39.25991" lon="-106.34089"><ele>2972.0</ele></trkpt>
      <trkpt lat="39.26014" lon="-106.34101"><ele>2972.1</ele></trkpt>
      <trkpt lat="39.26032" lon="-106.34105"><ele>2972.3</ele></trkpt>
      <trkpt lat="39.2605" lon="-106.34101"><ele>2972.7</ele></trkpt>
      <trkpt lat="39.26085" lon="-106.34079"><ele>2973.7</ele></trkpt>
      <trkpt lat="39.26106" lon="-106.34064"><ele>2974.5</ele></trkpt>
      <trkpt lat="39.2612" lon="-106.34056"><ele>2975.1</ele></trkpt>
      <trkpt lat="39.2614" lon="-106.3405"><ele>2975.9</ele></trkpt>
      <trkpt lat="39.26193" lon="-106.34046"><ele>2976.4</ele></trkpt>
      <trkpt lat="39.26247" lon="-106.34041"><ele>2976.7</ele></trkpt>
      <trkpt lat="39.2627" lon="-106.34035"><ele>2977.0</ele></trkpt>
      <trkpt lat="39.2632" lon="-106.34011"><ele>2977.2</ele></trkpt>
      <trkpt lat="39.26389" lon="-106.33988"><ele>2977.5</ele></trkpt>
      <trkpt lat="39.26396" lon="-106.34013"><ele>2977.2</ele></trkpt>
      <trkpt lat="39.26405" lon="-106.34054"><ele>2976.8</ele></trkpt>
      <trkpt lat="39.26407" lon="-106.34073"><ele>2976.6</ele></trkpt>
      <trkpt lat="39.26409" lon="-106.34119"><ele>2977.9</ele></trkpt>
      <trkpt lat="39.26416" lon="-106.34154"><ele>2978.7</ele></trkpt>
      <trkpt lat="39.26423" lon="-106.34168"><ele>2979.4</ele></trkpt>
      <trkpt lat="39.2644" lon="-106.34166"><ele>2980.2</ele></trkpt>
      <trkpt lat="39.26479" lon="-106.34167"><ele>2982.4</ele></trkpt>
      <trkpt lat="39.265" lon="-106.34164"><ele>2983.9</ele></trkpt>
      <trkpt lat="39.26558" lon="-106.34153"><ele>2986.4</ele></trkpt>
      <trkpt lat="39.26559" lon="-106.34152"><ele>2986.5</ele></trkpt>
      <trkpt lat="39.26559" lon="-106.34152"><ele>2986.5</ele></trkpt>
      <trkpt lat="39.2659" lon="-106.34131"><ele>2987.2</ele></trkpt>
      <trkpt lat="39.26614" lon="-106.3412"><ele>2987.7</ele></trkpt>
      <trkpt lat="39.26692" lon="-106.34106"><ele>2986.8</ele></trkpt>
      <trkpt lat="39.26703" lon="-106.34106"><ele>2986.7</ele></trkpt>
      <trkpt lat="39.26715" lon="-106.34108"><ele>2986.6</ele></trkpt>
      <trkpt lat="39.26756" lon="-106.3413"><ele>2986.7</ele></trkpt>
      <trkpt lat="39.2678" lon="-106.34141"><ele>2987.2</ele></trkpt>
      <trkpt lat="39.26801" lon="-106.34148"><ele>2987.9</ele></trkpt>
      <trkpt lat="39.26825" lon="-106.34152"><ele>2988.5</ele></trkpt>
      <trkpt lat="39.26881" lon="-106.34159"><ele>2990.4</ele></trkpt>
      <trkpt lat="39.26938" lon="-106.34166"><ele>2991.8</ele></trkpt>
      <trkpt lat="39.26979" lon="-106.34177"><ele>2992.0</ele></trkpt>
      <trkpt lat="39.27021" lon="-106.34187"><ele>2991.9</ele></trkpt>
      <trkpt lat="39.27081" lon="-106.34195"><ele>2992.5</ele></trkpt>
      <trkpt lat="39.27137" lon="-106.34194"><ele>3001.7</ele></trkpt>
      <trkpt lat="39.27152" lon="-106.34202"><ele>3001.1</ele></trkpt>
      <trkpt lat="39.27161" lon="-106.34211"><ele>3000.9</ele></trkpt>
      <trkpt lat="39.27175" lon="-106.34212"><ele>3000.7</ele></trkpt>
      <trkpt lat="39.27195" lon="-106.34202"><ele>2999.7</ele></trkpt>
      <trkpt lat="39.2722" lon="-106.34192"><ele>2999.2</ele></trkpt>
      <trkpt lat="39.27252" lon="-106.34186"><ele>2999.4</ele></trkpt>
      <trkpt lat="39.27315" lon="-106.3418"><ele>2998.9</ele></trkpt>
      <trkpt lat="39.27344" lon="-106.34179"><ele>2998.2</ele></trkpt>
      <trkpt lat="39.27385" lon="-106.34187"><ele>2997.8</ele></trkpt>
      <trkpt lat="39.27442" lon="-106.34192"><ele>2997.8</ele></trkpt>
      <trkpt lat="39.27509" lon="-106.342"><ele>2998.8</ele></trkpt>
      <trkpt lat="39.27553" lon="-106.34215"><ele>2999.5</ele></trkpt>
      <trkpt lat="39.27598" lon="-106.34229"><ele>2999.8</ele></trkpt>
      <trkpt lat="39.27647" lon="-106.34242"><ele>2999.8</ele></trkpt>
      <trkpt lat="39.27696" lon="-106.34256"><ele>2999.8</ele></trkpt>
      <trkpt lat="39.27717" lon="-106.34266"><ele>2999.8</ele></trkpt>
      <trkpt lat="39.27752" lon="-106.34293"><ele>2999.8</ele></trkpt>
      <trkpt lat="39.27752" lon="-106.34293"><ele>2999.8</ele></trkpt>
      <trkpt lat="39.27786" lon="-106.34319"><ele>2999.8</ele></trkpt>
      <trkpt lat="39.27822" lon="-106.34357"><ele>2999.8</ele></trkpt>
      <trkpt lat="39.27859" lon="-106.34394"><ele>2999.8</ele></trkpt>
      <trkpt lat="39.27877" lon="-106.34419"><ele>2999.8</ele></trkpt>
      <trkpt lat="39.279" lon="-106.34444"><ele>2999.8</ele></trkpt>
      <trkpt lat="39.27966" lon="-106.34476"><ele>2999.8</ele></trkpt>
      <trkpt lat="39.27987" lon="-106.34492"><ele>2999.8</ele></trkpt>
      <trkpt lat="39.27996" lon="-106.34503"><ele>2999.8</ele></trkpt>
      <trkpt lat="39.28029" lon="-106.34566"><ele>2999.8</ele></trkpt>
      <trkpt lat="39.2807" lon="-106.34662"><ele>2999.9</ele></trkpt>
      <trkpt lat="39.28076" lon="-106.34688"><ele>3001.0</ele></trkpt>
      <trkpt lat="39.28077" lon="-106.34739"><ele>3006.7</ele></trkpt>
      <trkpt lat="39.28079" lon="-106.34753"><ele>3008.5</ele></trkpt>
      <trkpt lat="39.28088" lon="-106.3477"><ele>3009.7</ele></trkpt>
      <trkpt lat="39.28105" lon="-106.34794"><ele>3010.0</ele></trkpt>
      <trkpt lat="39.28124" lon="-106.34819"><ele>3009.6</ele></trkpt>
      <trkpt lat="39.28135" lon="-106.34825"><ele>3008.9</ele></trkpt>
      <trkpt lat="39.28155" lon="-106.34829"><ele>3007.3</ele></trkpt>
      <trkpt lat="39.28169" lon="-106.34837"><ele>3006.5</ele></trkpt>
      <trkpt lat="39.28182" lon="-106.34851"><ele>3005.8</ele></trkpt>
      <trkpt lat="39.28228" lon="-106.3493"><ele>3005.5</ele></trkpt>
      <trkpt lat="39.28272" lon="-106.3503"><ele>3003.1</ele></trkpt>
      <trkpt lat="39.28304" lon="-106.35099"><ele>3003.0</ele></trkpt>
      <trkpt lat="39.28308" lon="-106.35108"><ele>3003.0</ele></trkpt>
      <trkpt lat="39.28346" lon="-106.35163"><ele>3003.6</ele></trkpt>
      <trkpt lat="39.28365" lon="-106.35193"><ele>3003.6</ele></trkpt>
      <trkpt lat="39.28403" lon="-106.3528"><ele>3004.8</ele></trkpt>
      <trkpt lat="39.28441" lon="-106.35366"><ele>3004.4</ele></trkpt>
      <trkpt lat="39.28471" lon="-106.35445"><ele>3003.4</ele></trkpt>
      <trkpt lat="39.28486" lon="-106.35503"><ele>3003.1</ele></trkpt>
      <trkpt lat="39.28501" lon="-106.35561"><ele>3002.6</ele></trkpt>
      <trkpt lat="39.28502" lon="-106.35568"><ele>3002.6</ele></trkpt>
      <trkpt lat="39.28521" lon="-106.35627"><ele>3002.3</ele></trkpt>
      <trkpt lat="39.28539" lon="-106.35687"><ele>3003.8</ele></trkpt>
      <trkpt lat="39.28554" lon="-106.35749"><ele>3006.8</ele></trkpt>
      <trkpt lat="39.28555" lon="-106.35766"><ele>3007.4</ele></trkpt>
      <trkpt lat="39.28543" lon="-106.35821"><ele>3009.3</ele></trkpt>
      <trkpt lat="39.28538" lon="-106.35859"><ele>3009.6</ele></trkpt>
      <trkpt lat="39.28534" lon="-106.35919"><ele>3009.7</ele></trkpt>
      <trkpt lat="39.28538" lon="-106.35954"><ele>3009.5</ele></trkpt>
      <trkpt lat="39.28545" lon="-106.35983"><ele>3009.5</ele></trkpt>
      <trkpt lat="39.28558" lon="-106.36009"><ele>3009.0</ele></trkpt>
      <trkpt lat="39.28563" lon="-106.36029"><ele>3008.9</ele></trkpt>
      <trkpt lat="39.28565" lon="-106.36048"><ele>3009.0</ele></trkpt>
      <trkpt lat="39.28565" lon="-106.3607"><ele>3009.3</ele></trkpt>
      <trkpt lat="39.28559" lon="-106.36096"><ele>3010.3</ele></trkpt>
      <trkpt lat="39.28546" lon="-106.36146"><ele>3011.2</ele></trkpt>
      <trkpt lat="39.28545" lon="-106.36165"><ele>3011.1</ele></trkpt>
      <trkpt lat="39.28544" lon="-106.36193"><ele>3011.1</ele></trkpt>
      <trkpt lat="39.28549" lon="-106.36238"><ele>3010.9</ele></trkpt>
      <trkpt lat="39.2856" lon="-106.36293"><ele>3010.8</ele></trkpt>
      <trkpt lat="39.28565" lon="-106.36326"><ele>3010.9</ele></trkpt>
      <trkpt lat="39.28569" lon="-106.36376"><ele>3011.0</ele></trkpt>
      <trkpt lat="39.28573" lon="-106.36468"><ele>3011.1</ele></trkpt>
      <trkpt lat="39.28573" lon="-106.36468"><ele>3011.1</ele></trkpt>
      <trkpt lat="39.28574" lon="-106.36491"><ele>3011.0</ele></trkpt>
      <trkpt lat="39.28577" lon="-106.36507"><ele>3010.8</ele></trkpt>
      <trkpt lat="39.28586" lon="-106.36521"><ele>3010.4</ele></trkpt>
      <trkpt lat="39.28598" lon="-106.36531"><ele>3010.1</ele></trkpt>
      <trkpt lat="39.28651" lon="-106.3656"><ele>3010.6</ele></trkpt>
      <trkpt lat="39.28672" lon="-106.36561"><ele>3011.2</ele></trkpt>
      <trkpt lat="39.28729" lon="-106.36543"><ele>3011.0</ele></trkpt>
      <trkpt lat="39.28786" lon="-106.36547"><ele>3011.5</ele></trkpt>
      <trkpt lat="39.28828" lon="-106.36555"><ele>3011.7</ele></trkpt>
      <trkpt lat="39.28874" lon="-106.3657"><ele>3011.5</ele></trkpt>
      <trkpt lat="39.28898" lon="-106.3658"><ele>3011.2</ele></trkpt>
      <trkpt lat="39.2893" lon="-106.36587"><ele>3010.6</ele></trkpt>
      <trkpt lat="39.2895" lon="-106.36602"><ele>3010.6</ele></trkpt>
      <trkpt lat="39.2897" lon="-106.36618"><ele>3010.6</ele></trkpt>
      <trkpt lat="39.28982" lon="-106.36626"><ele>3010.7</ele></trkpt>
      <trkpt lat="39.29028" lon="-106.36634"><ele>3010.2</ele></trkpt>
      <trkpt lat="39.29042" lon="-106.3664"><ele>3010.2</ele></trkpt>
      <trkpt lat="39.29083" lon="-106.3667"><ele>3010.7</ele></trkpt>
      <trkpt lat="39.29104" lon="-106.36674"><ele>3011.2</ele></trkpt>
      <trkpt lat="39.29115" lon="-106.36678"><ele>3011.9</ele></trkpt>
      <trkpt lat="39.29124" lon="-106.36689"><ele>3012.8</ele></trkpt>
      <trkpt lat="39.29135" lon="-106.36725"><ele>3015.9</ele></trkpt>
      <trkpt lat="39.29147" lon="-106.36782"><ele>3019.1</ele></trkpt>
      <trkpt lat="39.29159" lon="-106.36874"><ele>3021.5</ele></trkpt>
      <trkpt lat="39.29162" lon="-106.36937"><ele>3023.9</ele></trkpt>
      <trkpt lat="39.29175" lon="-106.3699"><ele>3029.6</ele></trkpt>
      <trkpt lat="39.29184" lon="-106.3702"><ele>3032.4</ele></trkpt>
      <trkpt lat="39.2919" lon="-106.37049"><ele>3034.0</ele></trkpt>
      <trkpt lat="39.29191" lon="-106.37077"><ele>3033.8</ele></trkpt>
      <trkpt lat="39.29191" lon="-106.37102"><ele>3033.4</ele></trkpt>
      <trkpt lat="39.29191" lon="-106.37144"><ele>3033.4</ele></trkpt>
      <trkpt lat="39.29185" lon="-106.37179"><ele>3036.3</ele></trkpt>
      <trkpt lat="39.29186" lon="-106.37195"><ele>3038.3</ele></trkpt>
      <trkpt lat="39.29191" lon="-106.37222"><ele>3040.7</ele></trkpt>
      <trkpt lat="39.292" lon="-106.37242"><ele>3041.4</ele></trkpt>
      <trkpt lat="39.29219" lon="-106.37279"><ele>3044.0</ele></trkpt>
      <trkpt lat="39.29244" lon="-106.37307"><ele>3044.7</ele></trkpt>
      <trkpt lat="39.29278" lon="-106.37362"><ele>3050.1</ele></trkpt>
      <trkpt lat="39.29313" lon="-106.37417"><ele>3051.9</ele></trkpt>
      <trkpt lat="39.29324" lon="-106.37436"><ele>3053.1</ele></trkpt>
      <trkpt lat="39.29341" lon="-106.37475"><ele>3055.9</ele></trkpt>
      <trkpt lat="39.29347" lon="-106.37493"><ele>3057.5</ele></trkpt>
      <trkpt lat="39.29349" lon="-106.37506"><ele>3058.7</ele></trkpt>
      <trkpt lat="39.29345" lon="-106.37526"><ele>3062.0</ele></trkpt>
      <trkpt lat="39.29342" lon="-106.37552"><ele>3065.1</ele></trkpt>
      <trkpt lat="39.29346" lon="-106.37584"><ele>3065.8</ele></trkpt>
      <trkpt lat="39.29353" lon="-106.3762"><ele>3066.6</ele></trkpt>
      <trkpt lat="39.2936" lon="-106.37654"><ele>3067.6</ele></trkpt>
      <trkpt lat="39.29365" lon="-106.37686"><ele>3069.1</ele></trkpt>
      <trkpt lat="39.29363" lon="-106.37801"><ele>3081.8</ele></trkpt>
      <trkpt lat="39.29354" lon="-106.37854"><ele>3087.0</ele></trkpt>
      <trkpt lat="39.29353" lon="-106.37875"><ele>3090.8</ele></trkpt>
      <trkpt lat="39.29358" lon="-106.37898"><ele>3094.1</ele></trkpt>
      <trkpt lat="39.29367" lon="-106.3791"><ele>3096.1</ele></trkpt>
      <trkpt lat="39.29383" lon="-106.37923"><ele>3096.9</ele></trkpt>
      <trkpt lat="39.29394" lon="-106.37935"><ele>3096.8</ele></trkpt>
      <trkpt lat="39.29401" lon="-106.37951"><ele>3099.2</ele></trkpt>
      <trkpt lat="39.2941" lon="-106.37979"><ele>3104.2</ele></trkpt>
      <trkpt lat="39.2943" lon="-106.38034"><ele>3110.1</ele></trkpt>
      <trkpt lat="39.29437" lon="-106.38123"><ele>3119.6</ele></trkpt>
      <trkpt lat="39.29443" lon="-106.38213"><ele>3127.4</ele></trkpt>
      <trkpt lat="39.2944" lon="-106.38252"><ele>3134.3</ele></trkpt>
      <trkpt lat="39.29442" lon="-106.3827"><ele>3136.3</ele></trkpt>
      <trkpt lat="39.29456" lon="-106.383"><ele>3134.7</ele></trkpt>
      <trkpt lat="39.29456" lon="-106.38347"><ele>3142.8</ele></trkpt>
      <trkpt lat="39.2946" lon="-106.38393"><ele>3149.8</ele></trkpt>
      <trkpt lat="39.29459" lon="-106.38433"><ele>3154.9</ele></trkpt>
      <trkpt lat="39.29461" lon="-106.3845"><ele>3156.2</ele></trkpt>
      <trkpt lat="39.29461" lon="-106.38473"><ele>3158.5</ele></trkpt>
      <trkpt lat="39.29456" lon="-106.38514"><ele>3164.8</ele></trkpt>
      <trkpt lat="39.29458" lon="-106.38563"><ele>3171.0</ele></trkpt>
      <trkpt lat="39.29464" lon="-106.3859"><ele>3173.6</ele></trkpt>
      <trkpt lat="39.2947" lon="-106.38643"><ele>3181.2</ele></trkpt>
      <trkpt lat="39.29481" lon="-106.38668"><ele>3183.0</ele></trkpt>
      <trkpt lat="39.29493" lon="-106.38713"><ele>3187.2</ele></trkpt>
      <trkpt lat="39.29483" lon="-106.38691"><ele>3186.4</ele></trkpt>
      <trkpt lat="39.29443" lon="-106.38621"><ele>3185.4</ele></trkpt>
      <trkpt lat="39.29432" lon="-106.38604"><ele>3186.2</ele></trkpt>
      <trkpt lat="39.29416" lon="-106.38585"><ele>3188.9</ele></trkpt>
      <trkpt lat="39.29385" lon="-106.3856"><ele>3196.9</ele></trkpt>
      <trkpt lat="39.29331" lon="-106.38482"><ele>3202.6</ele></trkpt>
      <trkpt lat="39.29277" lon="-106.38405"><ele>3208.7</ele></trkpt>
      <trkpt lat="39.29242" lon="-106.38363"><ele>3215.3</ele></trkpt>
      <trkpt lat="39.29202" lon="-106.38277"><ele>3219.7</ele></trkpt>
      <trkpt lat="39.2919" lon="-106.38258"><ele>3219.3</ele></trkpt>
      <trkpt lat="39.29143" lon="-106.38213"><ele>3219.2</ele></trkpt>
      <trkpt lat="39.29084" lon="-106.38183"><ele>3223.1</ele></trkpt>
      <trkpt lat="39.29045" lon="-106.38174"><ele>3225.7</ele></trkpt>
      <trkpt lat="39.2904" lon="-106.38165"><ele>3224.7</ele></trkpt>
      <trkpt lat="39.29021" lon="-106.38111"><ele>3226.0</ele></trkpt>
      <trkpt lat="39.28983" lon="-106.38022"><ele>3228.5</ele></trkpt>
      <trkpt lat="39.28967" lon="-106.37991"><ele>3231.3</ele></trkpt>
      <trkpt lat="39.28955" lon="-106.37965"><ele>3233.6</ele></trkpt>
      <trkpt lat="39.28952" lon="-106.37923"><ele>3232.3</ele></trkpt>
      <trkpt lat="39.28945" lon="-106.37903"><ele>3232.8</ele></trkpt>
      <trkpt lat="39.28936" lon="-106.37885"><ele>3233.4</ele></trkpt>
      <trkpt lat="39.28928" lon="-106.37876"><ele>3234.1</ele></trkpt>
      <trkpt lat="39.28922" lon="-106.37876"><ele>3234.6</ele></trkpt>
      <trkpt lat="39.28916" lon="-106.37879"><ele>3235.1</ele></trkpt>
      <trkpt lat="39.28916" lon="-106.37879"><ele>3235.1</ele></trkpt>
      <trkpt lat="39.2891" lon="-106.37881"><ele>3235.1</ele></trkpt>
      <trkpt lat="39.28893" lon="-106.37918"><ele>3235.5</ele></trkpt>
      <trkpt lat="39.28889" lon="-106.37929"><ele>3235.7</ele></trkpt>
      <trkpt lat="39.28886" lon="-106.37972"><ele>3237.7</ele></trkpt>
      <trkpt lat="39.28882" lon="-106.38"><ele>3239.8</ele></trkpt>
      <trkpt lat="39.28852" lon="-106.38043"><ele>3241.0</ele></trkpt>
      <trkpt lat="39.28827" lon="-106.38059"><ele>3240.7</ele></trkpt>
      <trkpt lat="39.28809" lon="-106.38067"><ele>3240.2</ele></trkpt>
      <trkpt lat="39.2879" lon="-106.38073"><ele>3239.4</ele></trkpt>
      <trkpt lat="39.28738" lon="-106.38084"><ele>3234.4</ele></trkpt>
      <trkpt lat="39.28713" lon="-106.38095"><ele>3232.8</ele></trkpt>
      <trkpt lat="39.28704" lon="-106.381"><ele>3232.7</ele></trkpt>
      <trkpt lat="39.28692" lon="-106.38111"><ele>3234.0</ele></trkpt>
      <trkpt lat="39.28674" lon="-106.38123"><ele>3235.8</ele></trkpt>
      <trkpt lat="39.28627" lon="-106.38138"><ele>3238.6</ele></trkpt>
      <trkpt lat="39.28581" lon="-106.38153"><ele>3245.5</ele></trkpt>
      <trkpt lat="39.28541" lon="-106.38156"><ele>3247.3</ele></trkpt>
      <trkpt lat="39.28525" lon="-106.38169"><ele>3250.6</ele></trkpt>
      <trkpt lat="39.28516" lon="-106.38183"><ele>3253.1</ele></trkpt>
      <trkpt lat="39.28511" lon="-106.38196"><ele>3254.7</ele></trkpt>
      <trkpt lat="39.28509" lon="-106.38213"><ele>3257.0</ele></trkpt>
      <trkpt lat="39.28503" lon="-106.38234"><ele>3260.2</ele></trkpt>
      <trkpt lat="39.28493" lon="-106.38246"><ele>3260.9</ele></trkpt>
      <trkpt lat="39.28476" lon="-106.38262"><ele>3260.0</ele></trkpt>
      <trkpt lat="39.28465" lon="-106.38275"><ele>3259.9</ele></trkpt>
      <trkpt lat="39.28453" lon="-106.38296"><ele>3259.9</ele></trkpt>
      <trkpt lat="39.28435" lon="-106.38353"><ele>3258.2</ele></trkpt>
      <trkpt lat="39.28424" lon="-106.3839"><ele>3254.5</ele></trkpt>
      <trkpt lat="39.28418" lon="-106.38416"><ele>3251.6</ele></trkpt>
      <trkpt lat="39.284" lon="-106.38449"><ele>3246.2</ele></trkpt>
      <trkpt lat="39.28369" lon="-106.38489"><ele>3239.9</ele></trkpt>
      <trkpt lat="39.28356" lon="-106.38508"><ele>3236.0</ele></trkpt>
      <trkpt lat="39.28356" lon="-106.3852"><ele>3234.1</ele></trkpt>
      <trkpt lat="39.28365" lon="-106.38544"><ele>3231.0</ele></trkpt>
      <trkpt lat="39.28365" lon="-106.38557"><ele>3229.0</ele></trkpt>
      <trkpt lat="39.2836" lon="-106.3858"><ele>3225.1</ele></trkpt>
      <trkpt lat="39.28394" lon="-106.38587"><ele>3227.9</ele></trkpt>
      <trkpt lat="39.28405" lon="-106.38593"><ele>3228.5</ele></trkpt>
      <trkpt lat="39.2844" lon="-106.38606"><ele>3231.3</ele></trkpt>
      <trkpt lat="39.28486" lon="-106.3864"><ele>3231.5</ele></trkpt>
      <trkpt lat="39.28519" lon="-106.38659"><ele>3233.8</ele></trkpt>
      <trkpt lat="39.2856" lon="-106.38675"><ele>3235.9</ele></trkpt>
      <trkpt lat="39.2856" lon="-106.38675"><ele>3235.9</ele></trkpt>
      <trkpt lat="39.28633" lon="-106.38708"><ele>3240.6</ele></trkpt>
      <trkpt lat="39.28691" lon="-106.38743"><ele>3245.4</ele></trkpt>
      <trkpt lat="39.28724" lon="-106.38777"><ele>3248.1</ele></trkpt>
      <trkpt lat="39.28741" lon="-106.38814"><ele>3246.1</ele></trkpt>
      <trkpt lat="39.2874" lon="-106.38841"><ele>3243.7</ele></trkpt>
      <trkpt lat="39.28736" lon="-106.38869"><ele>3241.9</ele></trkpt>
      <trkpt lat="39.28724" lon="-106.38911"><ele>3239.9</ele></trkpt>
      <trkpt lat="39.28709" lon="-106.38963"><ele>3235.2</ele></trkpt>
      <trkpt lat="39.2869" lon="-106.38986"><ele>3236.5</ele></trkpt>
      <trkpt lat="39.28657" lon="-106.38993"><ele>3235.2</ele></trkpt>
      <trkpt lat="39.28622" lon="-106.39011"><ele>3235.8</ele></trkpt>
      <trkpt lat="39.28568" lon="-106.39024"><ele>3234.0</ele></trkpt>
      <trkpt lat="39.28522" lon="-106.39017"><ele>3230.7</ele></trkpt>
      <trkpt lat="39.28493" lon="-106.39022"><ele>3230.6</ele></trkpt>
      <trkpt lat="39.28467" lon="-106.3905"><ele>3235.3</ele></trkpt>
      <trkpt lat="39.28433" lon="-106.39095"><ele>3238.4</ele></trkpt>
      <trkpt lat="39.28394" lon="-106.39132"><ele>3237.4</ele></trkpt>
      <trkpt lat="39.28349" lon="-106.39144"><ele>3238.0</ele></trkpt>
      <trkpt lat="39.2831" lon="-106.39153"><ele>3240.2</ele></trkpt>
      <trkpt lat="39.28258" lon="-106.39169"><ele>3246.6</ele></trkpt>
      <trkpt lat="39.28229" lon="-106.39198"><ele>3252.8</ele></trkpt>
      <trkpt lat="39.28208" lon="-106.39229"><ele>3258.2</ele></trkpt>
      <trkpt lat="39.28204" lon="-106.39263"><ele>3254.2</ele></trkpt>
      <trkpt lat="39.28227" lon="-106.39321"><ele>3243.3</ele></trkpt>
      <trkpt lat="39.28255" lon="-106.39349"><ele>3237.4</ele></trkpt>
      <trkpt lat="39.28314" lon="-106.39355"><ele>3237.8</ele></trkpt>
      <trkpt lat="39.28339" lon="-106.39367"><ele>3240.4</ele></trkpt>
      <trkpt lat="39.28371" lon="-106.3943"><ele>3241.3</ele></trkpt>
      <trkpt lat="39.28408" lon="-106.3949"><ele>3243.5</ele></trkpt>
      <trkpt lat="39.28461" lon="-106.3954"><ele>3248.1</ele></trkpt>
      <trkpt lat="39.28515" lon="-106.39596"><ele>3246.3</ele></trkpt>
      <trkpt lat="39.28547" lon="-106.39634"><ele>3247.5</ele></trkpt>
      <trkpt lat="39.28606" lon="-106.39656"><ele>3253.4</ele></trkpt>
      <trkpt lat="39.28623" lon="-106.39658"><ele>3255.4</ele></trkpt>
      <trkpt lat="39.28631" lon="-106.3969"><ele>3255.6</ele></trkpt>
      <trkpt lat="39.28639" lon="-106.39734"><ele>3256.6</ele></trkpt>
      <trkpt lat="39.28639" lon="-106.39773"><ele>3259.2</ele></trkpt>
      <trkpt lat="39.28629" lon="-106.39812"><ele>3261.4</ele></trkpt>
      <trkpt lat="39.28615" lon="-106.39837"><ele>3263.6</ele></trkpt>
      <trkpt lat="39.28569" lon="-106.3988"><ele>3261.1</ele></trkpt>
      <trkpt lat="39.28544" lon="-106.3991"><ele>3262.7</ele></trkpt>
      <trkpt lat="39.28513" lon="-106.39954"><ele>3267.2</ele></trkpt>
      <trkpt lat="39.28491" lon="-106.39976"><ele>3268.0</ele></trkpt>
      <trkpt lat="39.28458" lon="-106.40002"><ele>3268.6</ele></trkpt>
      <trkpt lat="39.28444" lon="-106.40017"><ele>3269.6</ele></trkpt>
      <trkpt lat="39.28436" lon="-106.4004"><ele>3272.0</ele></trkpt>
      <trkpt lat="39.28439" lon="-106.4007"><ele>3276.0</ele></trkpt>
      <trkpt lat="39.28474" lon="-106.4012"><ele>3282.1</ele></trkpt>
      <trkpt lat="39.28505" lon="-106.40158"><ele>3288.9</ele></trkpt>
      <trkpt lat="39.28522" lon="-106.40185"><ele>3292.4</ele></trkpt>
      <trkpt lat="39.28529" lon="-106.40216"><ele>3294.8</ele></trkpt>
      <trkpt lat="39.28568" lon="-106.40291"><ele>3298.0</ele></trkpt>
      <trkpt lat="39.2858" lon="-106.40336"><ele>3294.6</ele></trkpt>
      <trkpt lat="39.28598" lon="-106.40347"><ele>3291.4</ele></trkpt>
      <trkpt lat="39.28649" lon="-106.40349"><ele>3287.0</ele></trkpt>
      <trkpt lat="39.287" lon="-106.40352"><ele>3285.4</ele></trkpt>
      <trkpt lat="39.28744" lon="-106.40357"><ele>3284.1</ele></trkpt>
      <trkpt lat="39.28752" lon="-106.40365"><ele>3282.3</ele></trkpt>
      <trkpt lat="39.28757" lon="-106.40376"><ele>3280.6</ele></trkpt>
      <trkpt lat="39.28754" lon="-106.40386"><ele>3279.7</ele></trkpt>
      <trkpt lat="39.28738" lon="-106.40408"><ele>3278.7</ele></trkpt>
      <trkpt lat="39.28724" lon="-106.40436"><ele>3275.3</ele></trkpt>
      <trkpt lat="39.28718" lon="-106.40445"><ele>3273.8</ele></trkpt>
      <trkpt lat="39.28689" lon="-106.40465"><ele>3269.3</ele></trkpt>
      <trkpt lat="39.28651" lon="-106.40488"><ele>3268.5</ele></trkpt>
      <trkpt lat="39.2862" lon="-106.4051"><ele>3268.2</ele></trkpt>
      <trkpt lat="39.28595" lon="-106.40533"><ele>3268.7</ele></trkpt>
      <trkpt lat="39.28559" lon="-106.40549"><ele>3267.3</ele></trkpt>
      <trkpt lat="39.28536" lon="-106.40546"><ele>3265.1</ele></trkpt>
      <trkpt lat="39.2852" lon="-106.40543"><ele>3264.6</ele></trkpt>
      <trkpt lat="39.28497" lon="-106.40546"><ele>3262.7</ele></trkpt>
      <trkpt lat="39.28466" lon="-106.40559"><ele>3258.5</ele></trkpt>
      <trkpt lat="39.28451" lon="-106.40552"><ele>3259.5</ele></trkpt>
      <trkpt lat="39.28441" lon="-106.40544"><ele>3260.7</ele></trkpt>
      <trkpt lat="39.28441" lon="-106.40544"><ele>3260.7</ele></trkpt>
      <trkpt lat="39.283697" lon="-106.405846"><ele>3260.2</ele></trkpt>
      <trkpt lat="39.28379" lon="-106.40596"><ele>3258.7</ele></trkpt>
      <trkpt lat="39.28388" lon="-106.40615"><ele>3255.4</ele></trkpt>
      <trkpt lat="39.28392" lon="-106.40633"><ele>3251.1</ele></trkpt>
      <trkpt lat="39.28396" lon="-106.40685"><ele>3257.2</ele></trkpt>
      <trkpt lat="39.284" lon="-106.40718"><ele>3258.7</ele></trkpt>
      <trkpt lat="39.28401" lon="-106.40733"><ele>3259.0</ele></trkpt>
      <trkpt lat="39.28397" lon="-106.4075"><ele>3258.6</ele></trkpt>
      <trkpt lat="39.28389" lon="-106.40768"><ele>3258.0</ele></trkpt>
      <trkpt lat="39.28368" lon="-106.40792"><ele>3255.2</ele></trkpt>
      <trkpt lat="39.28363" lon="-106.4081"><ele>3253.5</ele></trkpt>
      <trkpt lat="39.28362" lon="-106.40846"><ele>3252.2</ele></trkpt>
      <trkpt lat="39.28367" lon="-106.40899"><ele>3251.0</ele></trkpt>
      <trkpt lat="39.28381" lon="-106.40975"><ele>3249.9</ele></trkpt>
      <trkpt lat="39.28387" lon="-106.41024"><ele>3247.9</ele></trkpt>
      <trkpt lat="39.28389" lon="-106.4106"><ele>3245.7</ele></trkpt>
      <trkpt lat="39.2838" lon="-106.41116"><ele>3239.3</ele></trkpt>
      <trkpt lat="39.2838" lon="-106.4118"><ele>3235.1</ele></trkpt>
      <trkpt lat="39.28379" lon="-106.41243"><ele>3233.4</ele></trkpt>
      <trkpt lat="39.28382" lon="-106.41291"><ele>3231.6</ele></trkpt>
      <trkpt lat="39.28387" lon="-106.4133"><ele>3230.6</ele></trkpt>
      <trkpt lat="39.28404" lon="-106.41435"><ele>3226.5</ele></trkpt>
      <trkpt lat="39.28422" lon="-106.4154"><ele>3231.0</ele></trkpt>
      <trkpt lat="39.28425" lon="-106.41554"><ele>3231.9</ele></trkpt>
      <trkpt lat="39.28448" lon="-106.41614"><ele>3236.6</ele></trkpt>
      <trkpt lat="39.2845" lon="-106.41635"><ele>3236.8</ele></trkpt>
      <trkpt lat="39.28452" lon="-106.41659"><ele>3236.4</ele></trkpt>
      <trkpt lat="39.28445" lon="-106.4173"><ele>3239.0</ele></trkpt>
      <trkpt lat="39.28421" lon="-106.41762"><ele>3236.4</ele></trkpt>
      <trkpt lat="39.28417" lon="-106.41777"><ele>3235.2</ele></trkpt>
      <trkpt lat="39.28416" lon="-106.41789"><ele>3233.8</ele></trkpt>
      <trkpt lat="39.28416" lon="-106.41789"><ele>3233.8</ele></trkpt>
      <trkpt lat="39.28416" lon="-106.41796"><ele>3233.0</ele></trkpt>
      <trkpt lat="39.28419" lon="-106.41808"><ele>3232.0</ele></trkpt>
      <trkpt lat="39.28434" lon="-106.4186"><ele>3229.6</ele></trkpt>
      <trkpt lat="39.28455" lon="-106.41937"><ele>3221.5</ele></trkpt>
      <trkpt lat="39.2848" lon="-106.41995"><ele>3220.1</ele></trkpt>
      <trkpt lat="39.28516" lon="-106.42051"><ele>3218.8</ele></trkpt>
      <trkpt lat="39.28524" lon="-106.42067"><ele>3220.8</ele></trkpt>
      <trkpt lat="39.28532" lon="-106.42107"><ele>3221.0</ele></trkpt>
      <trkpt lat="39.28534" lon="-106.42131"><ele>3219.9</ele></trkpt>
      <trkpt lat="39.28532" lon="-106.42174"><ele>3217.4</ele></trkpt>
      <trkpt lat="39.28527" lon="-106.422"><ele>3215.9</ele></trkpt>
      <trkpt lat="39.28503" lon="-106.42271"><ele>3209.6</ele></trkpt>
      <trkpt lat="39.28478" lon="-106.42341"><ele>3203.2</ele></trkpt>
      <trkpt lat="39.28471" lon="-106.42378"><ele>3200.7</ele></trkpt>
      <trkpt lat="39.2847" lon="-106.42416"><ele>3198.7</ele></trkpt>
      <trkpt lat="39.28474" lon="-106.42441"><ele>3198.0</ele></trkpt>
      <trkpt lat="39.28477" lon="-106.42453"><ele>3197.6</ele></trkpt>
      <trkpt lat="39.28483" lon="-106.42466"><ele>3197.5</ele></trkpt>
      <trkpt lat="39.28518" lon="-106.42535"><ele>3200.6</ele></trkpt>
      <trkpt lat="39.2854" lon="-106.42584"><ele>3188.7</ele></trkpt>
      <trkpt lat="39.28543" lon="-106.42599"><ele>3184.9</ele></trkpt>
      <trkpt lat="39.28542" lon="-106.42625"><ele>3185.7</ele></trkpt>
      <trkpt lat="39.28539" lon="-106.42637"><ele>3185.9</ele></trkpt>
      <trkpt lat="39.28534" lon="-106.42648"><ele>3185.0</ele></trkpt>
      <trkpt lat="39.28528" lon="-106.42658"><ele>3183.6</ele></trkpt>
      <trkpt lat="39.28505" lon="-106.42676"><ele>3179.7</ele></trkpt>
      <trkpt lat="39.28494" lon="-106.42678"><ele>3178.5</ele></trkpt>
      <trkpt lat="39.28459" lon="-106.42669"><ele>3176.0</ele></trkpt>
      <trkpt lat="39.28443" lon="-106.42657"><ele>3175.2</ele></trkpt>
      <trkpt lat="39.28382" lon="-106.42593"><ele>3169.4</ele></trkpt>
      <trkpt lat="39.28369" lon="-106.42583"><ele>3167.0</ele></trkpt>
      <trkpt lat="39.28349" lon="-106.42573"><ele>3165.8</ele></trkpt>
      <trkpt lat="39.28298" lon="-106.42568"><ele>3165.9</ele></trkpt>
      <trkpt lat="39.28233" lon="-106.42546"><ele>3161.3</ele></trkpt>
      <trkpt lat="39.28206" lon="-106.42538"><ele>3159.0</ele></trkpt>
      <trkpt lat="39.28188" lon="-106.42539"><ele>3158.8</ele></trkpt>
      <trkpt lat="39.28173" lon="-106.42548"><ele>3159.3</ele></trkpt>
      <trkpt lat="39.28157" lon="-106.42569"><ele>3158.4</ele></trkpt>
      <trkpt lat="39.28141" lon="-106.42632"><ele>3156.7</ele></trkpt>
      <trkpt lat="39.28117" lon="-106.427"><ele>3151.9</ele></trkpt>
      <trkpt lat="39.28109" lon="-106.42743"><ele>3145.7</ele></trkpt>
      <trkpt lat="39.28106" lon="-106.42771"><ele>3142.7</ele></trkpt>
      <trkpt lat="39.28109" lon="-106.428"><ele>3142.5</ele></trkpt>
      <trkpt lat="39.28119" lon="-106.42846"><ele>3143.5</ele></trkpt>
      <trkpt lat="39.28119" lon="-106.42846"><ele>3143.5</ele></trkpt>
      <trkpt lat="39.28121" lon="-106.42853"><ele>3143.7</ele></trkpt>
      <trkpt lat="39.28125" lon="-106.42896"><ele>3141.0</ele></trkpt>
      <trkpt lat="39.28125" lon="-106.42933"><ele>3137.2</ele></trkpt>
      <trkpt lat="39.28129" lon="-106.43001"><ele>3134.6</ele></trkpt>
      <trkpt lat="39.28133" lon="-106.4304"><ele>3133.5</ele></trkpt>
      <trkpt lat="39.2815" lon="-106.43084"><ele>3134.8</ele></trkpt>
      <trkpt lat="39.2816" lon="-106.43139"><ele>3131.4</ele></trkpt>
      <trkpt lat="39.28175" lon="-106.43236"><ele>3126.5</ele></trkpt>
      <trkpt lat="39.2819" lon="-106.43334"><ele>3119.4</ele></trkpt>
      <trkpt lat="39.28208" lon="-106.43417"><ele>3115.9</ele></trkpt>
      <trkpt lat="39.28222" lon="-106.43471"><ele>3112.9</ele></trkpt>
      <trkpt lat="39.28234" lon="-106.43505"><ele>3109.7</ele></trkpt>
      <trkpt lat="39.28269" lon="-106.43588"><ele>3104.4</ele></trkpt>
      <trkpt lat="39.28274" lon="-106.43609"><ele>3102.5</ele></trkpt>
      <trkpt lat="39.28274" lon="-106.43657"><ele>3096.7</ele></trkpt>
      <trkpt lat="39.28276" lon="-106.43682"><ele>3094.7</ele></trkpt>
      <trkpt lat="39.28281" lon="-106.43708"><ele>3093.1</ele></trkpt>
      <trkpt lat="39.28291" lon="-106.43734"><ele>3092.7</ele></trkpt>
      <trkpt lat="39.28323" lon="-106.43806"><ele>3091.9</ele></trkpt>
      <trkpt lat="39.28355" lon="-106.43878"><ele>3092.0</ele></trkpt>
      <trkpt lat="39.28366" lon="-106.43928"><ele>3089.8</ele></trkpt>
      <trkpt lat="39.28368" lon="-106.43944"><ele>3089.4</ele></trkpt>
      <trkpt lat="39.28374" lon="-106.44033"><ele>3088.4</ele></trkpt>
      <trkpt lat="39.2838" lon="-106.44122"><ele>3083.0</ele></trkpt>
      <trkpt lat="39.28379" lon="-106.4417"><ele>3078.1</ele></trkpt>
      <trkpt lat="39.28367" lon="-106.44249"><ele>3073.7</ele></trkpt>
      <trkpt lat="39.28364" lon="-106.4428"><ele>3072.3</ele></trkpt>
      <trkpt lat="39.28364" lon="-106.44311"><ele>3070.6</ele></trkpt>
      <trkpt lat="39.28365" lon="-106.44339"><ele>3069.0</ele></trkpt>
      <trkpt lat="39.2837" lon="-106.44366"><ele>3068.0</ele></trkpt>
      <trkpt lat="39.28378" lon="-106.44392"><ele>3067.6</ele></trkpt>
      <trkpt lat="39.28387" lon="-106.44418"><ele>3067.0</ele></trkpt>
      <trkpt lat="39.28412" lon="-106.44473"><ele>3066.3</ele></trkpt>
      <trkpt lat="39.28436" lon="-106.44527"><ele>3065.0</ele></trkpt>
      <trkpt lat="39.28441" lon="-106.44546"><ele>3063.8</ele></trkpt>
      <trkpt lat="39.28441" lon="-106.44563"><ele>3062.0</ele></trkpt>
      <trkpt lat="39.28437" lon="-106.44578"><ele>3060.3</ele></trkpt>
      <trkpt lat="39.28433" lon="-106.44588"><ele>3059.1</ele></trkpt>
      <trkpt lat="39.28426" lon="-106.44595"><ele>3057.9</ele></trkpt>
      <trkpt lat="39.28419" lon="-106.446"><ele>3056.9</ele></trkpt>
      <trkpt lat="39.28409" lon="-106.44603"><ele>3055.9</ele></trkpt>
      <trkpt lat="39.28394" lon="-106.44604"><ele>3054.6</ele></trkpt>
      <trkpt lat="39.28381" lon="-106.44599"><ele>3053.6</ele></trkpt>
      <trkpt lat="39.28368" lon="-106.44585"><ele>3052.9</ele></trkpt>
      <trkpt lat="39.28337" lon="-106.44518"><ele>3052.4</ele></trkpt>
      <trkpt lat="39.28307" lon="-106.44452"><ele>3049.3</ele></trkpt>
      <trkpt lat="39.28285" lon="-106.44406"><ele>3049.1</ele></trkpt>
      <trkpt lat="39.28267" lon="-106.44374"><ele>3048.1</ele></trkpt>
      <trkpt lat="39.28235" lon="-106.44328"><ele>3043.9</ele></trkpt>
      <trkpt lat="39.28216" lon="-106.44307"><ele>3039.9</ele></trkpt>
      <trkpt lat="39.28201" lon="-106.44299"><ele>3037.2</ele></trkpt>
      <trkpt lat="39.28162" lon="-106.44291"><ele>3034.3</ele></trkpt>
      <trkpt lat="39.28161" lon="-106.44273"><ele>3034.1</ele></trkpt>
      <trkpt lat="39.28154" lon="-106.44241"><ele>3033.6</ele></trkpt>
      <trkpt lat="39.28138" lon="-106.44177"><ele>3032.7</ele></trkpt>
      <trkpt lat="39.28122" lon="-106.44112"><ele>3032.4</ele></trkpt>
      <trkpt lat="39.28099" lon="-106.44036"><ele>3028.7</ele></trkpt>
      <trkpt lat="39.2809" lon="-106.4398"><ele>3025.2</ele></trkpt>
      <trkpt lat="39.28058" lon="-106.43898"><ele>3022.5</ele></trkpt>
      <trkpt lat="39.28026" lon="-106.43816"><ele>3020.9</ele></trkpt>
      <trkpt lat="39.27999" lon="-106.43736"><ele>3020.0</ele></trkpt>
      <trkpt lat="39.27982" lon="-106.43669"><ele>3019.6</ele></trkpt>
      <trkpt lat="39.27953" lon="-106.43583"><ele>3018.9</ele></trkpt>
      <trkpt lat="39.27924" lon="-106.43497"><ele>3019.2</ele></trkpt>
      <trkpt lat="39.27916" lon="-106.43481"><ele>3019.1</ele></trkpt>
      <trkpt lat="39.27903" lon="-106.43459"><ele>3018.8</ele></trkpt>
      <trkpt lat="39.27879" lon="-106.43446"><ele>3017.7</ele></trkpt>
      <trkpt lat="39.27882" lon="-106.43431"><ele>3018.2</ele></trkpt>
      <trkpt lat="39.27881" lon="-106.43414"><ele>3018.7</ele></trkpt>
      <trkpt lat="39.27846" lon="-106.43312"><ele>3019.3</ele></trkpt>
      <trkpt lat="39.27812" lon="-106.43209"><ele>3019.4</ele></trkpt>
      <trkpt lat="39.27781" lon="-106.43127"><ele>3015.9</ele></trkpt>
      <trkpt lat="39.27774" lon="-106.43112"><ele>3014.3</ele></trkpt>
      <trkpt lat="39.2778" lon="-106.431"><ele>3014.8</ele></trkpt>
      <trkpt lat="39.2779" lon="-106.43087"><ele>3016.7</ele></trkpt>
      <trkpt lat="39.27792" lon="-106.43067"><ele>3017.0</ele></trkpt>
      <trkpt lat="39.27785" lon="-106.43055"><ele>3014.5</ele></trkpt>
      <trkpt lat="39.2779" lon="-106.43055"><ele>3016.0</ele></trkpt>
      <trkpt lat="39.2779" lon="-106.43051"><ele>3015.9</ele></trkpt>
      <trkpt lat="39.2779" lon="-106.43051"><ele>3015.9</ele></trkpt>
      <trkpt lat="39.27789" lon="-106.43039"><ele>3015.2</ele></trkpt>
      <trkpt lat="39.27785" lon="-106.43033"><ele>3013.9</ele></trkpt>
      <trkpt lat="39.27783" lon="-106.43022"><ele>3013.1</ele></trkpt>
      <trkpt lat="39.27783" lon="-106.43015"><ele>3012.9</ele></trkpt>
      <trkpt lat="39.27786" lon="-106.42999"><ele>3013.0</ele></trkpt>
      <trkpt lat="39.27791" lon="-106.42992"><ele>3014.1</ele></trkpt>
      <trkpt lat="39.27793" lon="-106.42983"><ele>3014.1</ele></trkpt>
      <trkpt lat="39.27795" lon="-106.42952"><ele>3012.8</ele></trkpt>
      <trkpt lat="39.27795" lon="-106.42932"><ele>3011.9</ele></trkpt>
      <trkpt lat="39.27806" lon="-106.42914"><ele>3014.0</ele></trkpt>
      <trkpt lat="39.27811" lon="-106.42896"><ele>3014.4</ele></trkpt>
      <trkpt lat="39.27814" lon="-106.42878"><ele>3013.9</ele></trkpt>
      <trkpt lat="39.27816" lon="-106.42851"><ele>3013.5</ele></trkpt>
      <trkpt lat="39.27822" lon="-106.42834"><ele>3015.2</ele></trkpt>
      <trkpt lat="39.27825" lon="-106.42815"><ele>3016.9</ele></trkpt>
      <trkpt lat="39.27823" lon="-106.42795"><ele>3016.7</ele></trkpt>
      <trkpt lat="39.27816" lon="-106.42783"><ele>3014.0</ele></trkpt>
      <trkpt lat="39.27813" lon="-106.42773"><ele>3013.2</ele></trkpt>
      <trkpt lat="39.27813" lon="-106.42763"><ele>3013.4</ele></trkpt>
      <trkpt lat="39.27816" lon="-106.42747"><ele>3014.8</ele></trkpt>
      <trkpt lat="39.27818" lon="-106.4272"><ele>3015.9</ele></trkpt>
      <trkpt lat="39.27823" lon="-106.4271"><ele>3018.1</ele></trkpt>
      <trkpt lat="39.27824" lon="-106.42704"><ele>3018.8</ele></trkpt>
      <trkpt lat="39.27824" lon="-106.42685"><ele>3021.0</ele></trkpt>
      <trkpt lat="39.27819" lon="-106.42655"><ele>3024.3</ele></trkpt>
      <trkpt lat="39.27805" lon="-106.42603"><ele>3033.9</ele></trkpt>
      <trkpt lat="39.27799" lon="-106.42589"><ele>3033.7</ele></trkpt>
      <trkpt lat="39.27795" lon="-106.42585"><ele>3032.4</ele></trkpt>
      <trkpt lat="39.27789" lon="-106.4256"><ele>3031.1</ele></trkpt>
      <trkpt lat="39.2779" lon="-106.42551"><ele>3031.4</ele></trkpt>
      <trkpt lat="39.2779" lon="-106.42526"><ele>3030.0</ele></trkpt>
      <trkpt lat="39.27794" lon="-106.42508"><ele>3030.8</ele></trkpt>
      <trkpt lat="39.27808" lon="-106.42499"><ele>3036.1</ele></trkpt>
      <trkpt lat="39.27807" lon="-106.42493"><ele>3035.6</ele></trkpt>
      <trkpt lat="39.27809" lon="-106.42487"><ele>3036.3</ele></trkpt>
      <trkpt lat="39.27816" lon="-106.42473"><ele>3038.7</ele></trkpt>
      <trkpt lat="39.27816" lon="-106.42465"><ele>3038.2</ele></trkpt>
      <trkpt lat="39.27812" lon="-106.42446"><ele>3033.8</ele></trkpt>
      <trkpt lat="39.27812" lon="-106.42432"><ele>3030.5</ele></trkpt>
      <trkpt lat="39.27812" lon="-106.42427"><ele>3029.2</ele></trkpt>
      <trkpt lat="39.27815" lon="-106.42419"><ele>3028.8</ele></trkpt>
      <trkpt lat="39.27815" lon="-106.42406"><ele>3029.2</ele></trkpt>
      <trkpt lat="39.27821" lon="-106.42394"><ele>3029.8</ele></trkpt>
      <trkpt lat="39.27821" lon="-106.42386"><ele>3030.1</ele></trkpt>
      <trkpt lat="39.27821" lon="-106.42383"><ele>3030.2</ele></trkpt>
      <trkpt lat="39.27819" lon="-106.42377"><ele>3030.4</ele></trkpt>
      <trkpt lat="39.27811" lon="-106.42361"><ele>3031.2</ele></trkpt>
      <trkpt lat="39.2781" lon="-106.4234"><ele>3031.9</ele></trkpt>
      <trkpt lat="39.27811" lon="-106.42332"><ele>3032.6</ele></trkpt>
      <trkpt lat="39.27809" lon="-106.4231"><ele>3033.0</ele></trkpt>
      <trkpt lat="39.27812" lon="-106.42295"><ele>3034.2</ele></trkpt>
      <trkpt lat="39.27812" lon="-106.42285"><ele>3034.3</ele></trkpt>
      <trkpt lat="39.27809" lon="-106.42268"><ele>3034.1</ele></trkpt>
      <trkpt lat="39.27796" lon="-106.42248"><ele>3030.8</ele></trkpt>
      <trkpt lat="39.27779" lon="-106.42214"><ele>3026.0</ele></trkpt>
      <trkpt lat="39.27777" lon="-106.42203"><ele>3024.8</ele></trkpt>
      <trkpt lat="39.27772" lon="-106.42188"><ele>3020.3</ele></trkpt>
      <trkpt lat="39.27762" lon="-106.42177"><ele>3014.5</ele></trkpt>
      <trkpt lat="39.27754" lon="-106.42162"><ele>3012.4</ele></trkpt>
      <trkpt lat="39.2775" lon="-106.42151"><ele>3011.6</ele></trkpt>
      <trkpt lat="39.27746" lon="-106.42132"><ele>3011.8</ele></trkpt>
      <trkpt lat="39.27746" lon="-106.42125"><ele>3012.1</ele></trkpt>
      <trkpt lat="39.27744" lon="-106.42117"><ele>3012.0</ele></trkpt>
      <trkpt lat="39.27733" lon="-106.42099"><ele>3011.1</ele></trkpt>
      <trkpt lat="39.27731" lon="-106.42072"><ele>3013.0</ele></trkpt>
      <trkpt lat="39.27718" lon="-106.42052"><ele>3012.4</ele></trkpt>
      <trkpt lat="39.27706" lon="-106.42031"><ele>3011.9</ele></trkpt>
      <trkpt lat="39.27699" lon="-106.42016"><ele>3011.9</ele></trkpt>
      <trkpt lat="39.27696" lon="-106.42002"><ele>3013.0</ele></trkpt>
      <trkpt lat="39.27678" lon="-106.41953"><ele>3013.1</ele></trkpt>
      <trkpt lat="39.27678" lon="-106.41937"><ele>3013.4</ele></trkpt>
      <trkpt lat="39.27675" lon="-106.41914"><ele>3012.7</ele></trkpt>
      <trkpt lat="39.27675" lon="-106.4189"><ele>3013.1</ele></trkpt>
      <trkpt lat="39.27675" lon="-106.41869"><ele>3013.1</ele></trkpt>
      <trkpt lat="39.27677" lon="-106.41856"><ele>3013.9</ele></trkpt>
      <trkpt lat="39.27679" lon="-106.41809"><ele>3015.0</ele></trkpt>
      <trkpt lat="39.27678" lon="-106.41785"><ele>3014.1</ele></trkpt>
      <trkpt lat="39.2768" lon="-106.41777"><ele>3015.4</ele></trkpt>
      <trkpt lat="39.27685" lon="-106.4171"><ele>3018.6</ele></trkpt>
      <trkpt lat="39.27689" lon="-106.41678"><ele>3020.5</ele></trkpt>
      <trkpt lat="39.27688" lon="-106.41653"><ele>3017.8</ele></trkpt>
      <trkpt lat="39.27694" lon="-106.41606"><ele>3016.1</ele></trkpt>
      <trkpt lat="39.27693" lon="-106.41598"><ele>3014.9</ele></trkpt>
      <trkpt lat="39.27694" lon="-106.41588"><ele>3014.5</ele></trkpt>
      <trkpt lat="39.277" lon="-106.41566"><ele>3016.1</ele></trkpt>
      <trkpt lat="39.27699" lon="-106.41535"><ele>3014.6</ele></trkpt>
      <trkpt lat="39.27706" lon="-106.41497"><ele>3014.6</ele></trkpt>
      <trkpt lat="39.27711" lon="-106.41469"><ele>3014.9</ele></trkpt>
      <trkpt lat="39.27717" lon="-106.41417"><ele>3015.3</ele></trkpt>
      <trkpt lat="39.2772" lon="-106.41403"><ele>3016.3</ele></trkpt>
      <trkpt lat="39.2772" lon="-106.41403"><ele>3016.3</ele></trkpt>
      <trkpt lat="39.27717" lon="-106.41363"><ele>3014.4</ele></trkpt>
      <trkpt lat="39.27713" lon="-106.4135"><ele>3013.0</ele></trkpt>
      <trkpt lat="39.27712" lon="-106.4133"><ele>3012.9</ele></trkpt>
      <trkpt lat="39.27714" lon="-106.41305"><ele>3013.5</ele></trkpt>
      <trkpt lat="39.27718" lon="-106.41283"><ele>3014.9</ele></trkpt>
      <trkpt lat="39.2772" lon="-106.41266"><ele>3015.7</ele></trkpt>
      <trkpt lat="39.27718" lon="-106.41245"><ele>3014.9</ele></trkpt>
      <trkpt lat="39.2772" lon="-106.41227"><ele>3015.9</ele></trkpt>
      <trkpt lat="39.27717" lon="-106.41192"><ele>3015.4</ele></trkpt>
      <trkpt lat="39.27713" lon="-106.41172"><ele>3014.0</ele></trkpt>
      <trkpt lat="39.27712" lon="-106.41142"><ele>3014.6</ele></trkpt>
      <trkpt lat="39.27707" lon="-106.41132"><ele>3013.1</ele></trkpt>
      <trkpt lat="39.27708" lon="-106.41105"><ele>3014.3</ele></trkpt>
      <trkpt lat="39.27708" lon="-106.41075"><ele>3015.7</ele></trkpt>
      <trkpt lat="39.27702" lon="-106.41045"><ele>3014.5</ele></trkpt>
      <trkpt lat="39.27695" lon="-106.40989"><ele>3014.9</ele></trkpt>
      <trkpt lat="39.27691" lon="-106.40979"><ele>3013.9</ele></trkpt>
      <trkpt lat="39.2769" lon="-106.40944"><ele>3016.0</ele></trkpt>
      <trkpt lat="39.27682" lon="-106.40912"><ele>3013.8</ele></trkpt>
      <trkpt lat="39.27681" lon="-106.40896"><ele>3014.4</ele></trkpt>
      <trkpt lat="39.27681" lon="-106.40876"><ele>3015.6</ele></trkpt>
      <trkpt lat="39.27684" lon="-106.40844"><ele>3018.8</ele></trkpt>
      <trkpt lat="39.27686" lon="-106.40826"><ele>3020.5</ele></trkpt>
      <trkpt lat="39.27686" lon="-106.40817"><ele>3020.5</ele></trkpt>
      <trkpt lat="39.27681" lon="-106.40769"><ele>3019.7</ele></trkpt>
      <trkpt lat="39.27682" lon="-106.40759"><ele>3019.5</ele></trkpt>
      <trkpt lat="39.27684" lon="-106.40748"><ele>3019.4</ele></trkpt>
      <trkpt lat="39.27683" lon="-106.40695"><ele>3018.6</ele></trkpt>
      <trkpt lat="39.27677" lon="-106.4064"><ele>3020.3</ele></trkpt>
      <trkpt lat="39.27669" lon="-106.40611"><ele>3018.6</ele></trkpt>
      <trkpt lat="39.27662" lon="-106.40601"><ele>3016.3</ele></trkpt>
      <trkpt lat="39.27655" lon="-106.4057"><ele>3016.4</ele></trkpt>
      <trkpt lat="39.27656" lon="-106.40553"><ele>3018.8</ele></trkpt>
      <trkpt lat="39.27653" lon="-106.40534"><ele>3018.9</ele></trkpt>
      <trkpt lat="39.27635" lon="-106.40473"><ele>3015.5</ele></trkpt>
      <trkpt lat="39.27632" lon="-106.40437"><ele>3017.0</ele></trkpt>
      <trkpt lat="39.27635" lon="-106.4041"><ele>3021.1</ele></trkpt>
      <trkpt lat="39.27625" lon="-106.40381"><ele>3019.9</ele></trkpt>
      <trkpt lat="39.27619" lon="-106.40351"><ele>3020.8</ele></trkpt>
      <trkpt lat="39.27616" lon="-106.40341"><ele>3020.8</ele></trkpt>
      <trkpt lat="39.27609" lon="-106.40333"><ele>3018.9</ele></trkpt>
      <trkpt lat="39.27603" lon="-106.4032"><ele>3018.3</ele></trkpt>
      <trkpt lat="39.27601" lon="-106.40311"><ele>3018.7</ele></trkpt>
      <trkpt lat="39.27582" lon="-106.40274"><ele>3015.7</ele></trkpt>
      <trkpt lat="39.27575" lon="-106.4024"><ele>3016.3</ele></trkpt>
      <trkpt lat="39.27571" lon="-106.40231"><ele>3015.6</ele></trkpt>
      <trkpt lat="39.27555" lon="-106.40155"><ele>3015.8</ele></trkpt>
      <trkpt lat="39.27557" lon="-106.40138"><ele>3017.9</ele></trkpt>
      <trkpt lat="39.27554" lon="-106.40104"><ele>3019.1</ele></trkpt>
      <trkpt lat="39.27549" lon="-106.4009"><ele>3018.0</ele></trkpt>
      <trkpt lat="39.27544" lon="-106.40041"><ele>3020.3</ele></trkpt>
      <trkpt lat="39.27535" lon="-106.39996"><ele>3020.5</ele></trkpt>
      <trkpt lat="39.27523" lon="-106.39953"><ele>3018.3</ele></trkpt>
      <trkpt lat="39.27512" lon="-106.399"><ele>3016.4</ele></trkpt>
      <trkpt lat="39.27508" lon="-106.39808"><ele>3015.7</ele></trkpt>
      <trkpt lat="39.27512" lon="-106.39783"><ele>3017.1</ele></trkpt>
      <trkpt lat="39.27512" lon="-106.39739"><ele>3015.8</ele></trkpt>
      <trkpt lat="39.27518" lon="-106.39725"><ele>3018.0</ele></trkpt>
      <trkpt lat="39.27521" lon="-106.39705"><ele>3018.4</ele></trkpt>
      <trkpt lat="39.27531" lon="-106.39693"><ele>3022.0</ele></trkpt>
      <trkpt lat="39.27535" lon="-106.39665"><ele>3021.9</ele></trkpt>
      <trkpt lat="39.27536" lon="-106.39619"><ele>3019.7</ele></trkpt>
      <trkpt lat="39.27539" lon="-106.39612"><ele>3020.7</ele></trkpt>
      <trkpt lat="39.27547" lon="-106.39603"><ele>3023.4</ele></trkpt>
      <trkpt lat="39.27549" lon="-106.39593"><ele>3024.8</ele></trkpt>
      <trkpt lat="39.27548" lon="-106.39579"><ele>3026.3</ele></trkpt>
      <trkpt lat="39.27546" lon="-106.39564"><ele>3027.2</ele></trkpt>
      <trkpt lat="39.27546" lon="-106.3955"><ele>3028.0</ele></trkpt>
      <trkpt lat="39.2754" lon="-106.39536"><ele>3026.9</ele></trkpt>
      <trkpt lat="39.27544" lon="-106.39506"><ele>3029.1</ele></trkpt>
      <trkpt lat="39.27545" lon="-106.39491"><ele>3029.6</ele></trkpt>
      <trkpt lat="39.27542" lon="-106.39477"><ele>3029.3</ele></trkpt>
      <trkpt lat="39.27542" lon="-106.39477"><ele>3029.3</ele></trkpt>
      <trkpt lat="39.27539" lon="-106.39464"><ele>3029.8</ele></trkpt>
      <trkpt lat="39.2754" lon="-106.39425"><ele>3033.5</ele></trkpt>
      <trkpt lat="39.27538" lon="-106.39411"><ele>3033.5</ele></trkpt>
      <trkpt lat="39.27534" lon="-106.39395"><ele>3032.5</ele></trkpt>
      <trkpt lat="39.27525" lon="-106.39387"><ele>3028.7</ele></trkpt>
      <trkpt lat="39.27527" lon="-106.39374"><ele>3030.0</ele></trkpt>
      <trkpt lat="39.27531" lon="-106.3936"><ele>3032.6</ele></trkpt>
      <trkpt lat="39.27528" lon="-106.39335"><ele>3032.6</ele></trkpt>
      <trkpt lat="39.27517" lon="-106.39324"><ele>3027.3</ele></trkpt>
      <trkpt lat="39.27516" lon="-106.39306"><ele>3028.0</ele></trkpt>
      <trkpt lat="39.27504" lon="-106.39269"><ele>3023.2</ele></trkpt>
      <trkpt lat="39.27502" lon="-106.39256"><ele>3022.7</ele></trkpt>
      <trkpt lat="39.27499" lon="-106.39226"><ele>3022.6</ele></trkpt>
      <trkpt lat="39.275" lon="-106.39212"><ele>3024.3</ele></trkpt>
      <trkpt lat="39.27494" lon="-106.39176"><ele>3021.8</ele></trkpt>
      <trkpt lat="39.2749" lon="-106.39165"><ele>3019.9</ele></trkpt>
      <trkpt lat="39.2749" lon="-106.39139"><ele>3022.1</ele></trkpt>
      <trkpt lat="39.27487" lon="-106.39114"><ele>3021.3</ele></trkpt>
      <trkpt lat="39.27483" lon="-106.39035"><ele>3022.4</ele></trkpt>
      <trkpt lat="39.27481" lon="-106.39022"><ele>3022.0</ele></trkpt>
      <trkpt lat="39.27469" lon="-106.38989"><ele>3018.4</ele></trkpt>
      <trkpt lat="39.27466" lon="-106.38977"><ele>3017.6</ele></trkpt>
      <trkpt lat="39.27471" lon="-106.38968"><ele>3020.3</ele></trkpt>
      <trkpt lat="39.27464" lon="-106.38943"><ele>3018.3</ele></trkpt>
      <trkpt lat="39.27461" lon="-106.38917"><ele>3017.6</ele></trkpt>
      <trkpt lat="39.27457" lon="-106.38889"><ele>3015.1</ele></trkpt>
      <trkpt lat="39.27455" lon="-106.38868"><ele>3014.6</ele></trkpt>
      <trkpt lat="39.27455" lon="-106.38822"><ele>3018.6</ele></trkpt>
      <trkpt lat="39.27459" lon="-106.3881"><ele>3022.0</ele></trkpt>
      <trkpt lat="39.27459" lon="-106.38796"><ele>3022.8</ele></trkpt>
      <trkpt lat="39.27453" lon="-106.38758"><ele>3022.0</ele></trkpt>
      <trkpt lat="39.2745" lon="-106.38721"><ele>3020.7</ele></trkpt>
      <trkpt lat="39.27445" lon="-106.38707"><ele>3017.2</ele></trkpt>
      <trkpt lat="39.27439" lon="-106.3868"><ele>3013.8</ele></trkpt>
      <trkpt lat="39.27443" lon="-106.38653"><ele>3015.5</ele></trkpt>
      <trkpt lat="39.27444" lon="-106.38615"><ele>3015.3</ele></trkpt>
      <trkpt lat="39.2745" lon="-106.38605"><ele>3018.4</ele></trkpt>
      <trkpt lat="39.27452" lon="-106.38593"><ele>3019.0</ele></trkpt>
      <trkpt lat="39.27454" lon="-106.3855"><ele>3016.9</ele></trkpt>
      <trkpt lat="39.27454" lon="-106.38539"><ele>3016.1</ele></trkpt>
      <trkpt lat="39.27462" lon="-106.38512"><ele>3017.0</ele></trkpt>
      <trkpt lat="39.27471" lon="-106.38472"><ele>3015.0</ele></trkpt>
      <trkpt lat="39.27476" lon="-106.38457"><ele>3014.4</ele></trkpt>
      <trkpt lat="39.2748" lon="-106.38437"><ele>3012.9</ele></trkpt>
      <trkpt lat="39.27487" lon="-106.38417"><ele>3012.4</ele></trkpt>
      <trkpt lat="39.27489" lon="-106.38406"><ele>3011.8</ele></trkpt>
      <trkpt lat="39.27504" lon="-106.38382"><ele>3012.2</ele></trkpt>
      <trkpt lat="39.27518" lon="-106.38364"><ele>3015.3</ele></trkpt>
      <trkpt lat="39.27524" lon="-106.38353"><ele>3018.3</ele></trkpt>
      <trkpt lat="39.27526" lon="-106.38338"><ele>3018.8</ele></trkpt>
      <trkpt lat="39.27527" lon="-106.38324"><ele>3018.9</ele></trkpt>
      <trkpt lat="39.27536" lon="-106.38269"><ele>3022.0</ele></trkpt>
      <trkpt lat="39.27545" lon="-106.38171"><ele>3022.2</ele></trkpt>
      <trkpt lat="39.27556" lon="-106.38151"><ele>3029.2</ele></trkpt>
      <trkpt lat="39.27556" lon="-106.38137"><ele>3028.3</ele></trkpt>
      <trkpt lat="39.27564" lon="-106.38101"><ele>3031.9</ele></trkpt>
      <trkpt lat="39.27567" lon="-106.38062"><ele>3032.3</ele></trkpt>
      <trkpt lat="39.27571" lon="-106.38004"><ele>3033.3</ele></trkpt>
      <trkpt lat="39.27572" lon="-106.37955"><ele>3032.6</ele></trkpt>
      <trkpt lat="39.27579" lon="-106.37913"><ele>3035.0</ele></trkpt>
      <trkpt lat="39.2758" lon="-106.37879"><ele>3034.4</ele></trkpt>
      <trkpt lat="39.2758" lon="-106.37844"><ele>3032.8</ele></trkpt>
      <trkpt lat="39.27582" lon="-106.3781"><ele>3032.0</ele></trkpt>
      <trkpt lat="39.27587" lon="-106.37769"><ele>3032.0</ele></trkpt>
      <trkpt lat="39.27586" lon="-106.37744"><ele>3030.0</ele></trkpt>
      <trkpt lat="39.27588" lon="-106.37716"><ele>3028.6</ele></trkpt>
      <trkpt lat="39.27586" lon="-106.37707"><ele>3027.1</ele></trkpt>
      <trkpt lat="39.27588" lon="-106.37691"><ele>3026.8</ele></trkpt>
      <trkpt lat="39.27585" lon="-106.37659"><ele>3024.3</ele></trkpt>
      <trkpt lat="39.27585" lon="-106.37651"><ele>3024.0</ele></trkpt>
      <trkpt lat="39.27584" lon="-106.37636"><ele>3022.9</ele></trkpt>
      <trkpt lat="39.27582" lon="-106.3763"><ele>3022.0</ele></trkpt>
      <trkpt lat="39.27581" lon="-106.3762"><ele>3021.1</ele></trkpt>
      <trkpt lat="39.27579" lon="-106.37613"><ele>3020.2</ele></trkpt>
      <trkpt lat="39.27581" lon="-106.37595"><ele>3019.9</ele></trkpt>
      <trkpt lat="39.27586" lon="-106.37564"><ele>3020.2</ele></trkpt>
      <trkpt lat="39.27585" lon="-106.37553"><ele>3019.5</ele></trkpt>
      <trkpt lat="39.2759" lon="-106.37542"><ele>3020.8</ele></trkpt>
      <trkpt lat="39.27596" lon="-106.37517"><ele>3022.4</ele></trkpt>
      <trkpt lat="39.2759" lon="-106.37497"><ele>3019.0</ele></trkpt>
      <trkpt lat="39.27586" lon="-106.3749"><ele>3016.8</ele></trkpt>
      <trkpt lat="39.27593" lon="-106.37457"><ele>3018.9</ele></trkpt>
      <trkpt lat="39.27592" lon="-106.37431"><ele>3018.6</ele></trkpt>
      <trkpt lat="39.27593" lon="-106.37423"><ele>3019.3</ele></trkpt>
      <trkpt lat="39.27598" lon="-106.37411"><ele>3022.2</ele></trkpt>
      <trkpt lat="39.27591" lon="-106.37312"><ele>3018.7</ele></trkpt>
      <trkpt lat="39.27598" lon="-106.37283"><ele>3021.5</ele></trkpt>
      <trkpt lat="39.27601" lon="-106.37266"><ele>3022.1</ele></trkpt>
      <trkpt lat="39.27601" lon="-106.37248"><ele>3020.5</ele></trkpt>
      <trkpt lat="39.27602" lon="-106.3723"><ele>3019.5</ele></trkpt>
      <trkpt lat="39.27602" lon="-106.37213"><ele>3018.0</ele></trkpt>
      <trkpt lat="39.27615" lon="-106.37172"><ele>3022.7</ele></trkpt>
      <trkpt lat="39.27615" lon="-106.37156"><ele>3021.9</ele></trkpt>
      <trkpt lat="39.27608" lon="-106.37132"><ele>3018.1</ele></trkpt>
      <trkpt lat="39.27609" lon="-106.37083"><ele>3014.9</ele></trkpt>
      <trkpt lat="39.27618" lon="-106.37053"><ele>3017.1</ele></trkpt>
      <trkpt lat="39.27622" lon="-106.37025"><ele>3017.8</ele></trkpt>
      <trkpt lat="39.27621" lon="-106.36985"><ele>3016.3</ele></trkpt>
      <trkpt lat="39.27625" lon="-106.3695"><ele>3016.9</ele></trkpt>
      <trkpt lat="39.27626" lon="-106.3692"><ele>3016.6</ele></trkpt>
      <trkpt lat="39.27625" lon="-106.36865"><ele>3015.4</ele></trkpt>
      <trkpt lat="39.27629" lon="-106.36828"><ele>3015.9</ele></trkpt>
      <trkpt lat="39.27626" lon="-106.36777"><ele>3013.8</ele></trkpt>
      <trkpt lat="39.27627" lon="-106.36745"><ele>3013.6</ele></trkpt>
      <trkpt lat="39.27634" lon="-106.36676"><ele>3014.0</ele></trkpt>
      <trkpt lat="39.2764" lon="-106.36663"><ele>3015.4</ele></trkpt>
      <trkpt lat="39.27644" lon="-106.36642"><ele>3016.3</ele></trkpt>
      <trkpt lat="39.2764" lon="-106.36617"><ele>3014.4</ele></trkpt>
      <trkpt lat="39.2764" lon="-106.36571"><ele>3013.8</ele></trkpt>
      <trkpt lat="39.27642" lon="-106.36552"><ele>3014.2</ele></trkpt>
      <trkpt lat="39.27649" lon="-106.36529"><ele>3016.0</ele></trkpt>
      <trkpt lat="39.2765" lon="-106.36501"><ele>3016.1</ele></trkpt>
      <trkpt lat="39.27654" lon="-106.36467"><ele>3017.5</ele></trkpt>
      <trkpt lat="39.27656" lon="-106.36438"><ele>3018.7</ele></trkpt>
      <trkpt lat="39.27656" lon="-106.3642"><ele>3019.0</ele></trkpt>
      <trkpt lat="39.27655" lon="-106.36408"><ele>3018.9</ele></trkpt>
      <trkpt lat="39.27646" lon="-106.36381"><ele>3016.0</ele></trkpt>
      <trkpt lat="39.27648" lon="-106.36362"><ele>3017.3</ele></trkpt>
      <trkpt lat="39.27649" lon="-106.36303"><ele>3021.0</ele></trkpt>
      <trkpt lat="39.27646" lon="-106.36272"><ele>3021.7</ele></trkpt>
      <trkpt lat="39.27648" lon="-106.36243"><ele>3024.3</ele></trkpt>
      <trkpt lat="39.27641" lon="-106.36202"><ele>3022.2</ele></trkpt>
      <trkpt lat="39.27635" lon="-106.36135"><ele>3020.4</ele></trkpt>
      <trkpt lat="39.2763" lon="-106.36116"><ele>3018.8</ele></trkpt>
      <trkpt lat="39.27617" lon="-106.36102"><ele>3015.9</ele></trkpt>
      <trkpt lat="39.2761" lon="-106.36091"><ele>3014.9</ele></trkpt>
      <trkpt lat="39.27607" lon="-106.36074"><ele>3015.2</ele></trkpt>
      <trkpt lat="39.27583" lon="-106.35977"><ele>3017.0</ele></trkpt>
      <trkpt lat="39.27575" lon="-106.35956"><ele>3016.7</ele></trkpt>
      <trkpt lat="39.27561" lon="-106.35901"><ele>3016.5</ele></trkpt>
      <trkpt lat="39.27555" lon="-106.35871"><ele>3017.2</ele></trkpt>
      <trkpt lat="39.27554" lon="-106.35852"><ele>3018.9</ele></trkpt>
      <trkpt lat="39.27551" lon="-106.35836"><ele>3020.1</ele></trkpt>
      <trkpt lat="39.27535" lon="-106.35825"><ele>3018.0</ele></trkpt>
      <trkpt lat="39.27527" lon="-106.35814"><ele>3017.8</ele></trkpt>
      <trkpt lat="39.27515" lon="-106.35801"><ele>3017.2</ele></trkpt>
      <trkpt lat="39.27499" lon="-106.35788"><ele>3016.1</ele></trkpt>
      <trkpt lat="39.2748" lon="-106.35765"><ele>3015.0</ele></trkpt>
      <trkpt lat="39.2747" lon="-106.35749"><ele>3014.6</ele></trkpt>
      <trkpt lat="39.27465" lon="-106.35739"><ele>3014.4</ele></trkpt>
      <trkpt lat="39.27446" lon="-106.35708"><ele>3014.3</ele></trkpt>
      <trkpt lat="39.27418" lon="-106.35635"><ele>3014.4</ele></trkpt>
      <trkpt lat="39.2741" lon="-106.35629"><ele>3013.9</ele></trkpt>
      <trkpt lat="39.27391" lon="-106.35609"><ele>3013.5</ele></trkpt>
      <trkpt lat="39.27378" lon="-106.35603"><ele>3013.8</ele></trkpt>
      <trkpt lat="39.27356" lon="-106.35587"><ele>3014.3</ele></trkpt>
      <trkpt lat="39.27321" lon="-106.35571"><ele>3013.8</ele></trkpt>
      <trkpt lat="39.27273" lon="-106.35519"><ele>3013.8</ele></trkpt>
      <trkpt lat="39.27265" lon="-106.35509"><ele>3013.9</ele></trkpt>
      <trkpt lat="39.27243" lon="-106.35496"><ele>3013.4</ele></trkpt>
      <trkpt lat="39.27232" lon="-106.35487"><ele>3013.5</ele></trkpt>
      <trkpt lat="39.27212" lon="-106.35476"><ele>3013.3</ele></trkpt>
      <trkpt lat="39.27194" lon="-106.3545"><ele>3013.8</ele></trkpt>
      <trkpt lat="39.2719" lon="-106.35447"><ele>3013.7</ele></trkpt>
      <trkpt lat="39.27168" lon="-106.35435"><ele>3012.9</ele></trkpt>
      <trkpt lat="39.2716" lon="-106.35429"><ele>3013.0</ele></trkpt>
      <trkpt lat="39.27141" lon="-106.35405"><ele>3013.2</ele></trkpt>
      <trkpt lat="39.27115" lon="-106.35373"><ele>3015.3</ele></trkpt>
      <trkpt lat="39.27101" lon="-106.35364"><ele>3015.9</ele></trkpt>
      <trkpt lat="39.27067" lon="-106.35331"><ele>3016.5</ele></trkpt>
      <trkpt lat="39.27033" lon="-106.35277"><ele>3016.4</ele></trkpt>
      <trkpt lat="39.27011" lon="-106.35322"><ele>3013.2</ele></trkpt>
      <trkpt lat="39.27008" lon="-106.35312"><ele>3013.3</ele></trkpt>
      <trkpt lat="39.26998" lon="-106.35301"><ele>3013.2</ele></trkpt>
      <trkpt lat="39.26986" lon="-106.35297"><ele>3012.8</ele></trkpt>
      <trkpt lat="39.26963" lon="-106.35317"><ele>3012.9</ele></trkpt>
      <trkpt lat="39.26937" lon="-106.35319"><ele>3013.9</ele></trkpt>
      <trkpt lat="39.26919" lon="-106.35315"><ele>3013.8</ele></trkpt>
      <trkpt lat="39.26897" lon="-106.35316"><ele>3013.3</ele></trkpt>
      <trkpt lat="39.26884" lon="-106.35323"><ele>3012.8</ele></trkpt>
      <trkpt lat="39.26871" lon="-106.35325"><ele>3012.8</ele></trkpt>
      <trkpt lat="39.26858" lon="-106.35332"><ele>3012.5</ele></trkpt>
      <trkpt lat="39.26844" lon="-106.35334"><ele>3012.6</ele></trkpt>
      <trkpt lat="39.2682" lon="-106.35325"><ele>3013.3</ele></trkpt>
      <trkpt lat="39.26812" lon="-106.35317"><ele>3013.6</ele></trkpt>
      <trkpt lat="39.26794" lon="-106.35307"><ele>3013.5</ele></trkpt>
      <trkpt lat="39.26774" lon="-106.35302"><ele>3013.0</ele></trkpt>
      <trkpt lat="39.26761" lon="-106.35301"><ele>3012.9</ele></trkpt>
      <trkpt lat="39.26738" lon="-106.35313"><ele>3012.3</ele></trkpt>
      <trkpt lat="39.2672" lon="-106.35319"><ele>3012.7</ele></trkpt>
      <trkpt lat="39.26691" lon="-106.35345"><ele>3012.6</ele></trkpt>
      <trkpt lat="39.2668" lon="-106.35353"><ele>3012.8</ele></trkpt>
      <trkpt lat="39.26676" lon="-106.35357"><ele>3012.8</ele></trkpt>
      <trkpt lat="39.26633" lon="-106.35382"><ele>3014.0</ele></trkpt>
      <trkpt lat="39.26599" lon="-106.35391"><ele>3014.7</ele></trkpt>
      <trkpt lat="39.2659" lon="-106.35392"><ele>3015.0</ele></trkpt>
      <trkpt lat="39.26578" lon="-106.35396"><ele>3014.8</ele></trkpt>
      <trkpt lat="39.2657" lon="-106.35402"><ele>3014.2</ele></trkpt>
      <trkpt lat="39.26556" lon="-106.35416"><ele>3012.9</ele></trkpt>
      <trkpt lat="39.26544" lon="-106.35429"><ele>3012.8</ele></trkpt>
      <trkpt lat="39.26534" lon="-106.35444"><ele>3012.3</ele></trkpt>
      <trkpt lat="39.26524" lon="-106.35449"><ele>3012.7</ele></trkpt>
      <trkpt lat="39.26498" lon="-106.35452"><ele>3013.9</ele></trkpt>
      <trkpt lat="39.26485" lon="-106.35455"><ele>3014.2</ele></trkpt>
      <trkpt lat="39.26458" lon="-106.35477"><ele>3013.6</ele></trkpt>
      <trkpt lat="39.26449" lon="-106.35489"><ele>3013.2</ele></trkpt>
      <trkpt lat="39.26425" lon="-106.35523"><ele>3012.9</ele></trkpt>
      <trkpt lat="39.26405" lon="-106.35537"><ele>3013.3</ele></trkpt>
      <trkpt lat="39.26394" lon="-106.35544"><ele>3013.4</ele></trkpt>
      <trkpt lat="39.26371" lon="-106.35555"><ele>3013.7</ele></trkpt>
      <trkpt lat="39.26351" lon="-106.35559"><ele>3013.7</ele></trkpt>
      <trkpt lat="39.26322" lon="-106.35538"><ele>3014.2</ele></trkpt>
      <trkpt lat="39.26306" lon="-106.35545"><ele>3013.7</ele></trkpt>
      <trkpt lat="39.26279" lon="-106.35571"><ele>3012.4</ele></trkpt>
      <trkpt lat="39.26285" lon="-106.35577"><ele>3012.3</ele></trkpt>
      <trkpt lat="39.26282" lon="-106.35592"><ele>3012.3</ele></trkpt>
      <trkpt lat="39.26277" lon="-106.35609"><ele>3013.2</ele></trkpt>
      <trkpt lat="39.26267" lon="-106.35635"><ele>3014.9</ele></trkpt>
      <trkpt lat="39.26265" lon="-106.35657"><ele>3014.4</ele></trkpt>
      <trkpt lat="39.26255" lon="-106.35681"><ele>3013.4</ele></trkpt>
      <trkpt lat="39.26243" lon="-106.357"><ele>3013.2</ele></trkpt>
      <trkpt lat="39.2624" lon="-106.35727"><ele>3012.2</ele></trkpt>
      <trkpt lat="39.26219" lon="-106.35763"><ele>3012.5</ele></trkpt>
      <trkpt lat="39.26188" lon="-106.35779"><ele>3014.1</ele></trkpt>
      <trkpt lat="39.26139" lon="-106.35796"><ele>3016.6</ele></trkpt>
      <trkpt lat="39.26125" lon="-106.35811"><ele>3016.3</ele></trkpt>
      <trkpt lat="39.2611" lon="-106.35832"><ele>3016.2</ele></trkpt>
      <trkpt lat="39.26095" lon="-106.35849"><ele>3015.6</ele></trkpt>
      <trkpt lat="39.26087" lon="-106.35846"><ele>3016.0</ele></trkpt>
      <trkpt lat="39.2608" lon="-106.35832"><ele>3016.7</ele></trkpt>
      <trkpt lat="39.26075" lon="-106.35817"><ele>3016.9</ele></trkpt>
      <trkpt lat="39.26066" lon="-106.35802"><ele>3015.3</ele></trkpt>
      <trkpt lat="39.26048" lon="-106.35793"><ele>3012.9</ele></trkpt>
      <trkpt lat="39.26042" lon="-106.35785"><ele>3012.8</ele></trkpt>
      <trkpt lat="39.26035" lon="-106.35782"><ele>3013.0</ele></trkpt>
      <trkpt lat="39.26024" lon="-106.35792"><ele>3013.2</ele></trkpt>
      <trkpt lat="39.26016" lon="-106.35802"><ele>3013.2</ele></trkpt>
      <trkpt lat="39.25997" lon="-106.35815"><ele>3013.3</ele></trkpt>
      <trkpt lat="39.25976" lon="-106.35825"><ele>3013.5</ele></trkpt>
      <trkpt lat="39.25966" lon="-106.35832"><ele>3013.4</ele></trkpt>
      <trkpt lat="39.25955" lon="-106.35843"><ele>3013.2</ele></trkpt>
      <trkpt lat="39.2595" lon="-106.35849"><ele>3013.5</ele></trkpt>
      <trkpt lat="39.25946" lon="-106.3586"><ele>3013.2</ele></trkpt>
      <trkpt lat="39.25934" lon="-106.35905"><ele>3012.9</ele></trkpt>
      <trkpt lat="39.25912" lon="-106.35936"><ele>3014.0</ele></trkpt>
      <trkpt lat="39.25905" lon="-106.35949"><ele>3014.1</ele></trkpt>
      <trkpt lat="39.25899" lon="-106.35975"><ele>3013.0</ele></trkpt>
      <trkpt lat="39.25895" lon="-106.35986"><ele>3012.8</ele></trkpt>
      <trkpt lat="39.25883" lon="-106.36006"><ele>3012.6</ele></trkpt>
      <trkpt lat="39.25861" lon="-106.3602"><ele>3013.1</ele></trkpt>
      <trkpt lat="39.25818" lon="-106.36063"><ele>3012.7</ele></trkpt>
      <trkpt lat="39.25805" lon="-106.3607"><ele>3012.7</ele></trkpt>
      <trkpt lat="39.25787" lon="-106.36065"><ele>3013.5</ele></trkpt>
      <trkpt lat="39.25775" lon="-106.3607"><ele>3013.3</ele></trkpt>
      <trkpt lat="39.2575" lon="-106.36093"><ele>3013.4</ele></trkpt>
      <trkpt lat="39.25731" lon="-106.36122"><ele>3014.1</ele></trkpt>
      <trkpt lat="39.25718" lon="-106.36145"><ele>3014.3</ele></trkpt>
      <trkpt lat="39.25716" lon="-106.36159"><ele>3013.3</ele></trkpt>
      <trkpt lat="39.25712" lon="-106.36168"><ele>3013.0</ele></trkpt>
      <trkpt lat="39.25681" lon="-106.36193"><ele>3015.2</ele></trkpt>
      <trkpt lat="39.25675" lon="-106.36206"><ele>3015.0</ele></trkpt>
      <trkpt lat="39.25661" lon="-106.36225"><ele>3015.3</ele></trkpt>
      <trkpt lat="39.25634" lon="-106.36253"><ele>3016.1</ele></trkpt>
      <trkpt lat="39.25627" lon="-106.36265"><ele>3015.1</ele></trkpt>
      <trkpt lat="39.25606" lon="-106.36289"><ele>3014.8</ele></trkpt>
      <trkpt lat="39.25595" lon="-106.36327"><ele>3012.6</ele></trkpt>
      <trkpt lat="39.25588" lon="-106.36341"><ele>3012.9</ele></trkpt>
      <trkpt lat="39.25579" lon="-106.3635"><ele>3013.8</ele></trkpt>
      <trkpt lat="39.25573" lon="-106.36367"><ele>3013.5</ele></trkpt>
      <trkpt lat="39.25565" lon="-106.36378"><ele>3013.7</ele></trkpt>
      <trkpt lat="39.2556" lon="-106.36395"><ele>3013.0</ele></trkpt>
      <trkpt lat="39.25558" lon="-106.36404"><ele>3012.6</ele></trkpt>
      <trkpt lat="39.25547" lon="-106.36417"><ele>3012.6</ele></trkpt>
      <trkpt lat="39.25541" lon="-106.36429"><ele>3012.6</ele></trkpt>
      <trkpt lat="39.25523" lon="-106.36453"><ele>3013.4</ele></trkpt>
      <trkpt lat="39.25508" lon="-106.36488"><ele>3012.9</ele></trkpt>
      <trkpt lat="39.25489" lon="-106.36519"><ele>3012.5</ele></trkpt>
      <trkpt lat="39.25482" lon="-106.36526"><ele>3012.5</ele></trkpt>
      <trkpt lat="39.25452" lon="-106.36541"><ele>3014.3</ele></trkpt>
      <trkpt lat="39.25436" lon="-106.36565"><ele>3012.7</ele></trkpt>
      <trkpt lat="39.25423" lon="-106.36577"><ele>3012.5</ele></trkpt>
      <trkpt lat="39.25403" lon="-106.36582"><ele>3013.4</ele></trkpt>
      <trkpt lat="39.2539" lon="-106.36594"><ele>3013.0</ele></trkpt>
      <trkpt lat="39.25378" lon="-106.36622"><ele>3012.3</ele></trkpt>
      <trkpt lat="39.25358" lon="-106.36651"><ele>3012.2</ele></trkpt>
      <trkpt lat="39.25348" lon="-106.36662"><ele>3012.2</ele></trkpt>
      <trkpt lat="39.25334" lon="-106.36673"><ele>3012.1</ele></trkpt>
      <trkpt lat="39.25308" lon="-106.36677"><ele>3012.3</ele></trkpt>
      <trkpt lat="39.25282" lon="-106.36687"><ele>3012.3</ele></trkpt>
      <trkpt lat="39.25278" lon="-106.36691"><ele>3012.2</ele></trkpt>
      <trkpt lat="39.25263" lon="-106.3669"><ele>3012.8</ele></trkpt>
      <trkpt lat="39.25249" lon="-106.36699"><ele>3013.6</ele></trkpt>
      <trkpt lat="39.25238" lon="-106.36708"><ele>3014.2</ele></trkpt>
      <trkpt lat="39.25229" lon="-106.36709"><ele>3014.8</ele></trkpt>
      <trkpt lat="39.25227" lon="-106.36707"><ele>3015.0</ele></trkpt>
      <trkpt lat="39.25214" lon="-106.3671"><ele>3015.8</ele></trkpt>
      <trkpt lat="39.25211" lon="-106.36691"><ele>3016.1</ele></trkpt>
      <trkpt lat="39.252" lon="-106.36636"><ele>3017.0</ele></trkpt>
      <trkpt lat="39.252" lon="-106.36636"><ele>3017.0</ele></trkpt>
      <trkpt lat="39.25153" lon="-106.36677"><ele>3013.4</ele></trkpt>
      <trkpt lat="39.25115" lon="-106.36716"><ele>3012.8</ele></trkpt>
      <trkpt lat="39.25114" lon="-106.36717"><ele>3012.8</ele></trkpt>
      <trkpt lat="39.25101" lon="-106.36731"><ele>3013.1</ele></trkpt>
      <trkpt lat="39.251" lon="-106.36732"><ele>3013.1</ele></trkpt>
      <trkpt lat="39.25098" lon="-106.36734"><ele>3013.1</ele></trkpt>
      <trkpt lat="39.25087" lon="-106.36745"><ele>3012.6</ele></trkpt>
      <trkpt lat="39.25086" lon="-106.36746"><ele>3012.5</ele></trkpt>
      <trkpt lat="39.25073" lon="-106.3676"><ele>3010.2</ele></trkpt>
      <trkpt lat="39.25072" lon="-106.36761"><ele>3009.9</ele></trkpt>
      <trkpt lat="39.2507" lon="-106.36762"><ele>3009.5</ele></trkpt>
      <trkpt lat="39.25028" lon="-106.36808"><ele>2999.0</ele></trkpt>
      <trkpt lat="39.25016" lon="-106.36817"><ele>2995.3</ele></trkpt>
      <trkpt lat="39.25015" lon="-106.36818"><ele>2994.9</ele></trkpt>
      <trkpt lat="39.25013" lon="-106.36819"><ele>2994.4</ele></trkpt>
      <trkpt lat="39.25006" lon="-106.36825"><ele>2992.3</ele></trkpt>
      <trkpt lat="39.25003" lon="-106.36828"><ele>2991.5</ele></trkpt>
      <trkpt lat="39.25" lon="-106.36832"><ele>2990.6</ele></trkpt>
      <trkpt lat="39.24996" lon="-106.36839"><ele>2989.4</ele></trkpt>
      <trkpt lat="39.24993" lon="-106.36845"><ele>2988.5</ele></trkpt>
      <trkpt lat="39.24989" lon="-106.36852"><ele>2987.3</ele></trkpt>
      <trkpt lat="39.24985" lon="-106.36858"><ele>2986.1</ele></trkpt>
      <trkpt lat="39.2498" lon="-106.36865"><ele>2984.6</ele></trkpt>
      <trkpt lat="39.24978" lon="-106.36867"><ele>2984.1</ele></trkpt>
      <trkpt lat="39.24973" lon="-106.36872"><ele>2982.9</ele></trkpt>
      <trkpt lat="39.24966" lon="-106.36879"><ele>2981.3</ele></trkpt>
      <trkpt lat="39.24957" lon="-106.36889"><ele>2979.4</ele></trkpt>
      <trkpt lat="39.24954" lon="-106.3689"><ele>2978.8</ele></trkpt>
      <trkpt lat="39.24947" lon="-106.36889"><ele>2977.5</ele></trkpt>
      <trkpt lat="39.24933" lon="-106.36898"><ele>2974.5</ele></trkpt>
      <trkpt lat="39.24931" lon="-106.36898"><ele>2974.0</ele></trkpt>
      <trkpt lat="39.24926" lon="-106.36901"><ele>2972.9</ele></trkpt>
      <trkpt lat="39.24919" lon="-106.36905"><ele>2971.2</ele></trkpt>
      <trkpt lat="39.24915" lon="-106.36908"><ele>2970.3</ele></trkpt>
      <trkpt lat="39.2491" lon="-106.3691"><ele>2969.2</ele></trkpt>
      <trkpt lat="39.24893" lon="-106.36919"><ele>2967.0</ele></trkpt>
      <trkpt lat="39.2488" lon="-106.36923"><ele>2966.0</ele></trkpt>
      <trkpt lat="39.24874" lon="-106.36924"><ele>2965.4</ele></trkpt>
      <trkpt lat="39.24874" lon="-106.36924"><ele>2965.4</ele></trkpt>
      <trkpt lat="39.24871" lon="-106.36883"><ele>2963.8</ele></trkpt>
      <trkpt lat="39.24871" lon="-106.36883"><ele>2963.8</ele></trkpt>
      <trkpt lat="39.24871" lon="-106.36879"><ele>2963.8</ele></trkpt>
      <trkpt lat="39.24865" lon="-106.36846"><ele>2963.9</ele></trkpt>
      <trkpt lat="39.24864" lon="-106.36839"><ele>2964.1</ele></trkpt>
      <trkpt lat="39.24859" lon="-106.36822"><ele>2964.5</ele></trkpt>
      <trkpt lat="39.24857" lon="-106.36818"><ele>2964.6</ele></trkpt>
      <trkpt lat="39.24843" lon="-106.36795"><ele>2963.4</ele></trkpt>
      <trkpt lat="39.24834" lon="-106.36783"><ele>2962.9</ele></trkpt>
      <trkpt lat="39.2483" lon="-106.36776"><ele>2962.8</ele></trkpt>
      <trkpt lat="39.24773" lon="-106.36698"><ele>2961.8</ele></trkpt>
      <trkpt lat="39.24764" lon="-106.36677"><ele>2959.3</ele></trkpt>
      <trkpt lat="39.24751" lon="-106.3665"><ele>2957.4</ele></trkpt>
      <trkpt lat="39.2474" lon="-106.36614"><ele>2957.1</ele></trkpt>
      <trkpt lat="39.24739" lon="-106.36612"><ele>2957.0</ele></trkpt>
      <trkpt lat="39.24738" lon="-106.36605"><ele>2957.0</ele></trkpt>
      <trkpt lat="39.24729" lon="-106.36556"><ele>2956.7</ele></trkpt>
      <trkpt lat="39.24727" lon="-106.36546"><ele>2956.6</ele></trkpt>
      <trkpt lat="39.24724" lon="-106.36514"><ele>2956.6</ele></trkpt>
      <trkpt lat="39.24727" lon="-106.36476"><ele>2956.8</ele></trkpt>
      <trkpt lat="39.24727" lon="-106.36467"><ele>2956.8</ele></trkpt>
      <trkpt lat="39.24729" lon="-106.36448"><ele>2956.8</ele></trkpt>
      <trkpt lat="39.2473" lon="-106.36429"><ele>2956.8</ele></trkpt>
      <trkpt lat="39.24741" lon="-106.36314"><ele>2955.8</ele></trkpt>
      <trkpt lat="39.24742" lon="-106.36306"><ele>2955.7</ele></trkpt>
      <trkpt lat="39.24751" lon="-106.36208"><ele>2954.8</ele></trkpt>
      <trkpt lat="39.24751" lon="-106.36199"><ele>2954.7</ele></trkpt>
      <trkpt lat="39.24771" lon="-106.35991"><ele>2954.8</ele></trkpt>
      <trkpt lat="39.24774" lon="-106.3596"><ele>2954.8</ele></trkpt>
      <trkpt lat="39.24775" lon="-106.35944"><ele>2954.8</ele></trkpt>
      <trkpt lat="39.24779" lon="-106.35899"><ele>2954.8</ele></trkpt>
      <trkpt lat="39.24786" lon="-106.359"><ele>2955.2</ele></trkpt>
      <trkpt lat="39.24792" lon="-106.35845"><ele>2955.3</ele></trkpt>
      <trkpt lat="39.24794" lon="-106.35822"><ele>2955.3</ele></trkpt>
      <trkpt lat="39.24795" lon="-106.35815"><ele>2955.4</ele></trkpt>
      <trkpt lat="39.24795" lon="-106.35815"><ele>2955.4</ele></trkpt>
      <trkpt lat="39.24797" lon="-106.35793"><ele>2955.3</ele></trkpt>
      <trkpt lat="39.24799" lon="-106.35776"><ele>2955.4</ele></trkpt>
      <trkpt lat="39.24801" lon="-106.35753"><ele>2955.3</ele></trkpt>
      <trkpt lat="39.24803" lon="-106.3573"><ele>2955.0</ele></trkpt>
      <trkpt lat="39.24817" lon="-106.35569"><ele>2954.0</ele></trkpt>
      <trkpt lat="39.24822" lon="-106.35523"><ele>2952.2</ele></trkpt>
      <trkpt lat="39.24833" lon="-106.35431"><ele>2950.2</ele></trkpt>
      <trkpt lat="39.2484" lon="-106.35362"><ele>2950.3</ele></trkpt>
      <trkpt lat="39.24843" lon="-106.35339"><ele>2950.3</ele></trkpt>
      <trkpt lat="39.24847" lon="-106.35293"><ele>2949.5</ele></trkpt>
      <trkpt lat="39.24854" lon="-106.35224"><ele>2948.6</ele></trkpt>
      <trkpt lat="39.24854" lon="-106.35224"><ele>2948.6</ele></trkpt>
      <trkpt lat="39.24848" lon="-106.35223"><ele>2948.4</ele></trkpt>
      <trkpt lat="39.24838" lon="-106.3524"><ele>2948.1</ele></trkpt>
      <trkpt lat="39.2482" lon="-106.35289"><ele>2947.9</ele></trkpt>
      <trkpt lat="39.24815" lon="-106.35303"><ele>2947.7</ele></trkpt>
      <trkpt lat="39.24811" lon="-106.3531"><ele>2947.5</ele></trkpt>
      <trkpt lat="39.248" lon="-106.35329"><ele>2947.2</ele></trkpt>
      <trkpt lat="39.24789" lon="-106.35351"><ele>2947.0</ele></trkpt>
      <trkpt lat="39.24779" lon="-106.35367"><ele>2946.8</ele></trkpt>
      <trkpt lat="39.24775" lon="-106.35376"><ele>2946.8</ele></trkpt>
      <trkpt lat="39.24768" lon="-106.35385"><ele>2946.6</ele></trkpt>
      <trkpt lat="39.24756" lon="-106.35402"><ele>2946.4</ele></trkpt>
      <trkpt lat="39.2475" lon="-106.3541"><ele>2946.2</ele></trkpt>
      <trkpt lat="39.24742" lon="-106.35419"><ele>2945.9</ele></trkpt>
      <trkpt lat="39.24729" lon="-106.35434"><ele>2945.6</ele></trkpt>
      <trkpt lat="39.24727" lon="-106.35437"><ele>2945.6</ele></trkpt>
      <trkpt lat="39.24702" lon="-106.35457"><ele>2945.4</ele></trkpt>
      <trkpt lat="39.24698" lon="-106.3546"><ele>2945.3</ele></trkpt>
      <trkpt lat="39.24687" lon="-106.35468"><ele>2945.3</ele></trkpt>
      <trkpt lat="39.24683" lon="-106.35472"><ele>2945.3</ele></trkpt>
      <trkpt lat="39.24669" lon="-106.35483"><ele>2945.3</ele></trkpt>
      <trkpt lat="39.24667" lon="-106.35484"><ele>2945.3</ele></trkpt>
      <trkpt lat="39.24628" lon="-106.35509"><ele>2945.2</ele></trkpt>
      <trkpt lat="39.24601" lon="-106.35524"><ele>2945.1</ele></trkpt>
      <trkpt lat="39.24563" lon="-106.35536"><ele>2944.9</ele></trkpt>
      <trkpt lat="39.24549" lon="-106.35538"><ele>2944.7</ele></trkpt>
      <trkpt lat="39.24496" lon="-106.35549"><ele>2943.7</ele></trkpt>
      <trkpt lat="39.24475" lon="-106.35554"><ele>2943.2</ele></trkpt>
      <trkpt lat="39.24469" lon="-106.35555"><ele>2943.1</ele></trkpt>
      <trkpt lat="39.24461" lon="-106.35557"><ele>2942.9</ele></trkpt>
      <trkpt lat="39.24372" lon="-106.35577"><ele>2940.8</ele></trkpt>
      <trkpt lat="39.2432" lon="-106.35589"><ele>2939.5</ele></trkpt>
      <trkpt lat="39.24196" lon="-106.35616"><ele>2937.3</ele></trkpt>
      <trkpt lat="39.2417" lon="-106.35622"><ele>2936.9</ele></trkpt>
      <trkpt lat="39.24142" lon="-106.35629"><ele>2936.5</ele></trkpt>
      <trkpt lat="39.24054" lon="-106.35649"><ele>2935.3</ele></trkpt>
      <trkpt lat="39.24018" lon="-106.35658"><ele>2934.9</ele></trkpt>
      <trkpt lat="39.23931" lon="-106.35679"><ele>2933.6</ele></trkpt>
      <trkpt lat="39.23842" lon="-106.357"><ele>2931.3</ele></trkpt>
      <trkpt lat="39.2377" lon="-106.35717"><ele>2929.9</ele></trkpt>
      <trkpt lat="39.2377" lon="-106.35717"><ele>2929.9</ele></trkpt>
      <trkpt lat="39.23761" lon="-106.3585"><ele>2931.6</ele></trkpt>
      <trkpt lat="39.23757" lon="-106.35896"><ele>2932.1</ele></trkpt>
      <trkpt lat="39.23754" lon="-106.35942"><ele>2932.4</ele></trkpt>
      <trkpt lat="39.23751" lon="-106.35989"><ele>2932.7</ele></trkpt>
      <trkpt lat="39.23749" lon="-106.36012"><ele>2932.8</ele></trkpt>
      <trkpt lat="39.23745" lon="-106.36058"><ele>2932.9</ele></trkpt>
      <trkpt lat="39.23744" lon="-106.36081"><ele>2932.9</ele></trkpt>
      <trkpt lat="39.23742" lon="-106.36104"><ele>2932.8</ele></trkpt>
      <trkpt lat="39.2374" lon="-106.36127"><ele>2932.8</ele></trkpt>
      <trkpt lat="39.2373" lon="-106.36266"><ele>2931.8</ele></trkpt>
      <trkpt lat="39.23725" lon="-106.36341"><ele>2931.2</ele></trkpt>
      <trkpt lat="39.23721" lon="-106.36438"><ele>2930.4</ele></trkpt>
      <trkpt lat="39.23716" lon="-106.36536"><ele>2929.5</ele></trkpt>
      <trkpt lat="39.2371" lon="-106.36633"><ele>2928.8</ele></trkpt>
      <trkpt lat="39.23705" lon="-106.3673"><ele>2927.8</ele></trkpt>
      <trkpt lat="39.23698" lon="-106.36837"><ele>2926.9</ele></trkpt>
      <trkpt lat="39.2369" lon="-106.36944"><ele>2926.1</ele></trkpt>
      <trkpt lat="39.23682" lon="-106.37051"><ele>2925.6</ele></trkpt>
      <trkpt lat="39.23675" lon="-106.37159"><ele>2925.4</ele></trkpt>
      <trkpt lat="39.23667" lon="-106.37266"><ele>2925.5</ele></trkpt>
      <trkpt lat="39.2366" lon="-106.37373"><ele>2925.9</ele></trkpt>
      <trkpt lat="39.23652" lon="-106.3748"><ele>2926.2</ele></trkpt>
      <trkpt lat="39.23652" lon="-106.3748"><ele>2926.2</ele></trkpt>
      <trkpt lat="39.23645" lon="-106.37577"><ele>2926.8</ele></trkpt>
      <trkpt lat="39.23638" lon="-106.37674"><ele>2926.8</ele></trkpt>
      <trkpt lat="39.23631" lon="-106.3777"><ele>2926.6</ele></trkpt>
      <trkpt lat="39.23625" lon="-106.37867"><ele>2927.4</ele></trkpt>
      <trkpt lat="39.2362" lon="-106.37914"><ele>2927.0</ele></trkpt>
      <trkpt lat="39.23612" lon="-106.3796"><ele>2925.6</ele></trkpt>
      <trkpt lat="39.23594" lon="-106.38021"><ele>2922.7</ele></trkpt>
      <trkpt lat="39.23581" lon="-106.38078"><ele>2920.2</ele></trkpt>
      <trkpt lat="39.23568" lon="-106.38161"><ele>2917.6</ele></trkpt>
      <trkpt lat="39.23558" lon="-106.38215"><ele>2919.2</ele></trkpt>
      <trkpt lat="39.23537" lon="-106.38311"><ele>2928.4</ele></trkpt>
      <trkpt lat="39.23529" lon="-106.38376"><ele>2933.1</ele></trkpt>
      <trkpt lat="39.23529" lon="-106.38421"><ele>2938.8</ele></trkpt>
      <trkpt lat="39.23536" lon="-106.38463"><ele>2937.1</ele></trkpt>
      <trkpt lat="39.2356" lon="-106.3853"><ele>2938.2</ele></trkpt>
      <trkpt lat="39.23566" lon="-106.38549"><ele>2939.3</ele></trkpt>
      <trkpt lat="39.23564" lon="-106.38622"><ele>2941.7</ele></trkpt>
      <trkpt lat="39.23563" lon="-106.38695"><ele>2943.7</ele></trkpt>
      <trkpt lat="39.2356" lon="-106.3873"><ele>2947.1</ele></trkpt>
      <trkpt lat="39.23556" lon="-106.38745"><ele>2948.0</ele></trkpt>
      <trkpt lat="39.23553" lon="-106.38754"><ele>2948.0</ele></trkpt>
      <trkpt lat="39.23545" lon="-106.38771"><ele>2947.2</ele></trkpt>
      <trkpt lat="39.23534" lon="-106.38783"><ele>2946.3</ele></trkpt>
      <trkpt lat="39.23519" lon="-106.38793"><ele>2945.8</ele></trkpt>
      <trkpt lat="39.23437" lon="-106.38835"><ele>2946.4</ele></trkpt>
      <trkpt lat="39.23411" lon="-106.38847"><ele>2947.3</ele></trkpt>
      <trkpt lat="39.23348" lon="-106.38867"><ele>2949.0</ele></trkpt>
      <trkpt lat="39.23284" lon="-106.38887"><ele>2947.9</ele></trkpt>
      <trkpt lat="39.23259" lon="-106.38897"><ele>2947.0</ele></trkpt>
      <trkpt lat="39.23205" lon="-106.38924"><ele>2945.7</ele></trkpt>
      <trkpt lat="39.23152" lon="-106.38951"><ele>2943.7</ele></trkpt>
      <trkpt lat="39.2314" lon="-106.38961"><ele>2943.4</ele></trkpt>
      <trkpt lat="39.2313" lon="-106.38975"><ele>2943.6</ele></trkpt>
      <trkpt lat="39.23106" lon="-106.39018"><ele>2944.4</ele></trkpt>
      <trkpt lat="39.2309" lon="-106.39033"><ele>2944.3</ele></trkpt>
      <trkpt lat="39.23084" lon="-106.39038"><ele>2944.3</ele></trkpt>
      <trkpt lat="39.23029" lon="-106.39076"><ele>2944.1</ele></trkpt>
      <trkpt lat="39.22968" lon="-106.39122"><ele>2944.8</ele></trkpt>
      <trkpt lat="39.22906" lon="-106.39168"><ele>2943.8</ele></trkpt>
      <trkpt lat="39.2289" lon="-106.39175"><ele>2942.8</ele></trkpt>
      <trkpt lat="39.22873" lon="-106.39174"><ele>2941.0</ele></trkpt>
      <trkpt lat="39.22857" lon="-106.39167"><ele>2939.2</ele></trkpt>
      <trkpt lat="39.22845" lon="-106.39159"><ele>2938.0</ele></trkpt>
      <trkpt lat="39.22776" lon="-106.39088"><ele>2934.6</ele></trkpt>
      <trkpt lat="39.22708" lon="-106.39018"><ele>2931.5</ele></trkpt>
      <trkpt lat="39.22695" lon="-106.39009"><ele>2930.5</ele></trkpt>
      <trkpt lat="39.22683" lon="-106.39007"><ele>2929.9</ele></trkpt>
      <trkpt lat="39.22665" lon="-106.39013"><ele>2929.3</ele></trkpt>
      <trkpt lat="39.22624" lon="-106.39042"><ele>2928.4</ele></trkpt>
      <trkpt lat="39.22602" lon="-106.39052"><ele>2927.7</ele></trkpt>
      <trkpt lat="39.22594" lon="-106.39054"><ele>2927.2</ele></trkpt>
      <trkpt lat="39.22585" lon="-106.39053"><ele>2926.5</ele></trkpt>
      <trkpt lat="39.22573" lon="-106.39047"><ele>2925.7</ele></trkpt>
      <trkpt lat="39.22565" lon="-106.3904"><ele>2925.2</ele></trkpt>
      <trkpt lat="39.22556" lon="-106.39031"><ele>2924.9</ele></trkpt>
      <trkpt lat="39.22546" lon="-106.39018"><ele>2924.6</ele></trkpt>
      <trkpt lat="39.22516" lon="-106.38957"><ele>2924.2</ele></trkpt>
      <trkpt lat="39.22504" lon="-106.38925"><ele>2923.9</ele></trkpt>
      <trkpt lat="39.2247" lon="-106.38844"><ele>2922.7</ele></trkpt>
      <trkpt lat="39.22437" lon="-106.38764"><ele>2920.9</ele></trkpt>
      <trkpt lat="39.22421" lon="-106.38729"><ele>2918.8</ele></trkpt>
      <trkpt lat="39.22402" lon="-106.38695"><ele>2916.5</ele></trkpt>
      <trkpt lat="39.22374" lon="-106.38648"><ele>2914.7</ele></trkpt>
      <trkpt lat="39.22343" lon="-106.38605"><ele>2913.8</ele></trkpt>
      <trkpt lat="39.22312" lon="-106.38563"><ele>2913.4</ele></trkpt>
      <trkpt lat="39.22292" lon="-106.38529"><ele>2913.1</ele></trkpt>
      <trkpt lat="39.22276" lon="-106.38492"><ele>2912.5</ele></trkpt>
      <trkpt lat="39.22268" lon="-106.38463"><ele>2911.9</ele></trkpt>
      <trkpt lat="39.22264" lon="-106.38438"><ele>2911.2</ele></trkpt>
      <trkpt lat="39.22261" lon="-106.38414"><ele>2910.4</ele></trkpt>
      <trkpt lat="39.22261" lon="-106.38367"><ele>2908.7</ele></trkpt>
      <trkpt lat="39.22261" lon="-106.38252"><ele>2905.4</ele></trkpt>
      <trkpt lat="39.22261" lon="-106.38137"><ele>2903.7</ele></trkpt>
      <trkpt lat="39.22261" lon="-106.38022"><ele>2903.7</ele></trkpt>
      <trkpt lat="39.22261" lon="-106.37907"><ele>2903.7</ele></trkpt>
      <trkpt lat="39.2226" lon="-106.37815"><ele>2903.7</ele></trkpt>
      <trkpt lat="39.22261" lon="-106.37699"><ele>2903.7</ele></trkpt>
      <trkpt lat="39.22261" lon="-106.37652"><ele>2904.1</ele></trkpt>
      <trkpt lat="39.22261" lon="-106.37583"><ele>2904.9</ele></trkpt>
      <trkpt lat="39.22261" lon="-106.37559"><ele>2905.3</ele></trkpt>
      <trkpt lat="39.22261" lon="-106.37399"><ele>2907.6</ele></trkpt>
      <trkpt lat="39.22261" lon="-106.37399"><ele>2907.6</ele></trkpt>
      <trkpt lat="39.22261" lon="-106.37399"><ele>2907.6</ele></trkpt>
      <trkpt lat="39.221647" lon="-106.373815"><ele>2906.8</ele></trkpt>
      <trkpt lat="39.220683" lon="-106.373639"><ele>2905.5</ele></trkpt>
      <trkpt lat="39.21972" lon="-106.373464"><ele>2904.0</ele></trkpt>
      <trkpt lat="39.218757" lon="-106.373289"><ele>2902.5</ele></trkpt>
      <trkpt lat="39.218757" lon="-106.373289"><ele>2902.5</ele></trkpt>
      <trkpt lat="39.218757" lon="-106.373289"><ele>2902.5</ele></trkpt>
      <trkpt lat="39.21778" lon="-106.372757"><ele>2901.4</ele></trkpt>
      <trkpt lat="39.216804" lon="-106.372225"><ele>2900.0</ele></trkpt>
      <trkpt lat="39.215827" lon="-106.371694"><ele>2899.1</ele></trkpt>
      <trkpt lat="39.215827" lon="-106.371694"><ele>2899.1</ele></trkpt>
      <trkpt lat="39.215827" lon="-106.371694"><ele>2899.1</ele></trkpt>
      <trkpt lat="39.215277" lon="-106.370588"><ele>2899.6</ele></trkpt>
      <trkpt lat="39.214726" lon="-106.369483"><ele>2899.6</ele></trkpt>
      <trkpt lat="39.214176" lon="-106.368377"><ele>2898.7</ele></trkpt>
      <trkpt lat="39.214176" lon="-106.368377"><ele>2898.7</ele></trkpt>
      <trkpt lat="39.214176" lon="-106.368377"><ele>2898.7</ele></trkpt>
      <trkpt lat="39.213857" lon="-106.367213"><ele>2898.2</ele></trkpt>
      <trkpt lat="39.213538" lon="-106.366048"><ele>2898.0</ele></trkpt>
      <trkpt lat="39.213538" lon="-106.366048"><ele>2898.0</ele></trkpt>
      <trkpt lat="39.213538" lon="-106.366048"><ele>2898.0</ele></trkpt>
      <trkpt lat="39.213483" lon="-106.363783"><ele>2897.0</ele></trkpt>
      <trkpt lat="39.21336" lon="-106.36376"><ele>2896.8</ele></trkpt>
      <trkpt lat="39.21305" lon="-106.36366"><ele>2896.3</ele></trkpt>
      <trkpt lat="39.2126" lon="-106.36345"><ele>2895.6</ele></trkpt>
      <trkpt lat="39.21228" lon="-106.36323"><ele>2895.1</ele></trkpt>
      <trkpt lat="39.2122" lon="-106.36315"><ele>2894.9</ele></trkpt>
      <trkpt lat="39.21166" lon="-106.36272"><ele>2894.1</ele></trkpt>
      <trkpt lat="39.21114" lon="-106.36238"><ele>2893.3</ele></trkpt>
      <trkpt lat="39.2106" lon="-106.36205"><ele>2892.6</ele></trkpt>
      <trkpt lat="39.21006" lon="-106.36171"><ele>2892.0</ele></trkpt>
      <trkpt lat="39.20962" lon="-106.3615"><ele>2892.2</ele></trkpt>
      <trkpt lat="39.20893" lon="-106.36112"><ele>2892.3</ele></trkpt>
      <trkpt lat="39.20869" lon="-106.36107"><ele>2892.0</ele></trkpt>
      <trkpt lat="39.20848" lon="-106.36112"><ele>2891.6</ele></trkpt>
      <trkpt lat="39.20819" lon="-106.36131"><ele>2890.2</ele></trkpt>
      <trkpt lat="39.20797" lon="-106.36148"><ele>2889.0</ele></trkpt>
      <trkpt lat="39.20785" lon="-106.36158"><ele>2888.4</ele></trkpt>
      <trkpt lat="39.20757" lon="-106.3618"><ele>2887.0</ele></trkpt>
      <trkpt lat="39.20727" lon="-106.36196"><ele>2887.6</ele></trkpt>
      <trkpt lat="39.20705" lon="-106.36201"><ele>2887.9</ele></trkpt>
      <trkpt lat="39.20625" lon="-106.36206"><ele>2888.8</ele></trkpt>
      <trkpt lat="39.20545" lon="-106.36211"><ele>2889.3</ele></trkpt>
      <trkpt lat="39.20466" lon="-106.36216"><ele>2889.1</ele></trkpt>
      <trkpt lat="39.20416" lon="-106.36218"><ele>2888.1</ele></trkpt>
      <trkpt lat="39.20366" lon="-106.36219"><ele>2887.3</ele></trkpt>
      <trkpt lat="39.20307" lon="-106.3622"><ele>2890.0</ele></trkpt>
      <trkpt lat="39.20292" lon="-106.3622"><ele>2890.7</ele></trkpt>
      <trkpt lat="39.20263" lon="-106.36221"><ele>2892.1</ele></trkpt>
      <trkpt lat="39.20253" lon="-106.36217"><ele>2892.4</ele></trkpt>
      <trkpt lat="39.20226" lon="-106.36199"><ele>2892.9</ele></trkpt>
      <trkpt lat="39.20201" lon="-106.36177"><ele>2893.1</ele></trkpt>
      <trkpt lat="39.20181" lon="-106.36167"><ele>2893.3</ele></trkpt>
      <trkpt lat="39.2016" lon="-106.36163"><ele>2893.5</ele></trkpt>
      <trkpt lat="39.20101" lon="-106.36165"><ele>2893.8</ele></trkpt>
      <trkpt lat="39.20015" lon="-106.36165"><ele>2895.6</ele></trkpt>
      <trkpt lat="39.19931" lon="-106.36163"><ele>2898.2</ele></trkpt>
      <trkpt lat="39.19848" lon="-106.36161"><ele>2899.7</ele></trkpt>
      <trkpt lat="39.19764" lon="-106.36159"><ele>2900.9</ele></trkpt>
      <trkpt lat="39.19681" lon="-106.36157"><ele>2901.9</ele></trkpt>
      <trkpt lat="39.19598" lon="-106.36155"><ele>2902.9</ele></trkpt>
      <trkpt lat="39.19514" lon="-106.36153"><ele>2904.5</ele></trkpt>
      <trkpt lat="39.19431" lon="-106.36151"><ele>2906.0</ele></trkpt>
      <trkpt lat="39.19366" lon="-106.36148"><ele>2907.1</ele></trkpt>
      <trkpt lat="39.19358" lon="-106.36167"><ele>2907.7</ele></trkpt>
      <trkpt lat="39.19356" lon="-106.36174"><ele>2907.9</ele></trkpt>
      <trkpt lat="39.19356" lon="-106.36188"><ele>2908.2</ele></trkpt>
      <trkpt lat="39.19357" lon="-106.36217"><ele>2908.7</ele></trkpt>
      <trkpt lat="39.19357" lon="-106.36278"><ele>2909.5</ele></trkpt>
      <trkpt lat="39.19357" lon="-106.36339"><ele>2910.8</ele></trkpt>
      <trkpt lat="39.19357" lon="-106.3641"><ele>2912.3</ele></trkpt>
      <trkpt lat="39.19358" lon="-106.36481"><ele>2913.5</ele></trkpt>
      <trkpt lat="39.19358" lon="-106.36481"><ele>2913.5</ele></trkpt>
      <trkpt lat="39.19359" lon="-106.36549"><ele>2914.6</ele></trkpt>
      <trkpt lat="39.1936" lon="-106.36616"><ele>2915.6</ele></trkpt>
      <trkpt lat="39.1936" lon="-106.36725"><ele>2917.7</ele></trkpt>
      <trkpt lat="39.1936" lon="-106.36834"><ele>2919.8</ele></trkpt>
      <trkpt lat="39.1936" lon="-106.36944"><ele>2922.0</ele></trkpt>
      <trkpt lat="39.1936" lon="-106.37053"><ele>2923.2</ele></trkpt>
      <trkpt lat="39.19357" lon="-106.37086"><ele>2923.6</ele></trkpt>
      <trkpt lat="39.19353" lon="-106.37102"><ele>2923.8</ele></trkpt>
      <trkpt lat="39.19347" lon="-106.37115"><ele>2924.0</ele></trkpt>
      <trkpt lat="39.19338" lon="-106.3713"><ele>2924.3</ele></trkpt>
      <trkpt lat="39.19325" lon="-106.3716"><ele>2924.9</ele></trkpt>
      <trkpt lat="39.19315" lon="-106.37181"><ele>2925.4</ele></trkpt>
      <trkpt lat="39.19308" lon="-106.37208"><ele>2925.9</ele></trkpt>
      <trkpt lat="39.193" lon="-106.37221"><ele>2926.2</ele></trkpt>
      <trkpt lat="39.19293" lon="-106.37236"><ele>2926.6</ele></trkpt>
      <trkpt lat="39.19285" lon="-106.37281"><ele>2927.3</ele></trkpt>
      <trkpt lat="39.19279" lon="-106.37305"><ele>2927.7</ele></trkpt>
      <trkpt lat="39.1927" lon="-106.3733"><ele>2928.6</ele></trkpt>
      <trkpt lat="39.19266" lon="-106.37367"><ele>2929.9</ele></trkpt>
      <trkpt lat="39.19263" lon="-106.3741"><ele>2931.3</ele></trkpt>
      <trkpt lat="39.19263" lon="-106.37422"><ele>2931.5</ele></trkpt>
      <trkpt lat="39.19263" lon="-106.37433"><ele>2931.6</ele></trkpt>
      <trkpt lat="39.19268" lon="-106.37481"><ele>2932.1</ele></trkpt>
      <trkpt lat="39.1927" lon="-106.3755"><ele>2933.2</ele></trkpt>
      <trkpt lat="39.19265" lon="-106.37577"><ele>2933.4</ele></trkpt>
      <trkpt lat="39.19264" lon="-106.37593"><ele>2933.4</ele></trkpt>
      <trkpt lat="39.19267" lon="-106.37616"><ele>2933.1</ele></trkpt>
      <trkpt lat="39.19271" lon="-106.37625"><ele>2932.8</ele></trkpt>
      <trkpt lat="39.19271" lon="-106.37625"><ele>2932.8</ele></trkpt>
      <trkpt lat="39.19274" lon="-106.37636"><ele>2932.7</ele></trkpt>
      <trkpt lat="39.19284" lon="-106.37652"><ele>2932.3</ele></trkpt>
      <trkpt lat="39.19293" lon="-106.37675"><ele>2931.9</ele></trkpt>
      <trkpt lat="39.19295" lon="-106.37696"><ele>2931.8</ele></trkpt>
      <trkpt lat="39.19293" lon="-106.37717"><ele>2931.6</ele></trkpt>
      <trkpt lat="39.19286" lon="-106.37744"><ele>2931.4</ele></trkpt>
      <trkpt lat="39.19278" lon="-106.37759"><ele>2931.3</ele></trkpt>
      <trkpt lat="39.19267" lon="-106.37748"><ele>2931.9</ele></trkpt>
      <trkpt lat="39.19215" lon="-106.377"><ele>2934.1</ele></trkpt>
      <trkpt lat="39.19163" lon="-106.37652"><ele>2935.3</ele></trkpt>
      <trkpt lat="39.19141" lon="-106.37636"><ele>2935.7</ele></trkpt>
      <trkpt lat="39.19133" lon="-106.37635"><ele>2935.9</ele></trkpt>
      <trkpt lat="39.19112" lon="-106.37647"><ele>2936.5</ele></trkpt>
      <trkpt lat="39.191" lon="-106.37641"><ele>2936.7</ele></trkpt>
      <trkpt lat="39.19063" lon="-106.37606"><ele>2937.2</ele></trkpt>
      <trkpt lat="39.19031" lon="-106.37579"><ele>2938.3</ele></trkpt>
      <trkpt lat="39.18993" lon="-106.37543"><ele>2938.8</ele></trkpt>
      <trkpt lat="39.18954" lon="-106.37506"><ele>2939.4</ele></trkpt>
      <trkpt lat="39.18912" lon="-106.37468"><ele>2939.4</ele></trkpt>
      <trkpt lat="39.1887" lon="-106.37437"><ele>2939.3</ele></trkpt>
      <trkpt lat="39.18802" lon="-106.37377"><ele>2938.9</ele></trkpt>
      <trkpt lat="39.18733" lon="-106.37316"><ele>2939.4</ele></trkpt>
      <trkpt lat="39.18665" lon="-106.37256"><ele>2940.4</ele></trkpt>
      <trkpt lat="39.18609" lon="-106.37206"><ele>2941.6</ele></trkpt>
      <trkpt lat="39.18554" lon="-106.37157"><ele>2942.4</ele></trkpt>
      <trkpt lat="39.18498" lon="-106.37107"><ele>2943.1</ele></trkpt>
      <trkpt lat="39.18481" lon="-106.37091"><ele>2943.0</ele></trkpt>
      <trkpt lat="39.1841" lon="-106.37028"><ele>2942.6</ele></trkpt>
      <trkpt lat="39.1841" lon="-106.37028"><ele>2942.6</ele></trkpt>
      <trkpt lat="39.18362" lon="-106.3698"><ele>2942.5</ele></trkpt>
      <trkpt lat="39.18335" lon="-106.36957"><ele>2943.1</ele></trkpt>
      <trkpt lat="39.18318" lon="-106.36945"><ele>2943.7</ele></trkpt>
      <trkpt lat="39.18248" lon="-106.36881"><ele>2944.0</ele></trkpt>
      <trkpt lat="39.18233" lon="-106.36864"><ele>2943.9</ele></trkpt>
      <trkpt lat="39.18189" lon="-106.36828"><ele>2944.6</ele></trkpt>
      <trkpt lat="39.18132" lon="-106.36773"><ele>2945.1</ele></trkpt>
      <trkpt lat="39.18061" lon="-106.36724"><ele>2945.1</ele></trkpt>
      <trkpt lat="39.18009" lon="-106.36685"><ele>2944.9</ele></trkpt>
      <trkpt lat="39.17975" lon="-106.36652"><ele>2944.8</ele></trkpt>
      <trkpt lat="39.17951" lon="-106.36624"><ele>2944.5</ele></trkpt>
      <trkpt lat="39.17896" lon="-106.36577"><ele>2944.4</ele></trkpt>
      <trkpt lat="39.17849" lon="-106.36549"><ele>2944.6</ele></trkpt>
      <trkpt lat="39.17833" lon="-106.36549"><ele>2945.1</ele></trkpt>
      <trkpt lat="39.17821" lon="-106.36545"><ele>2945.2</ele></trkpt>
      <trkpt lat="39.17802" lon="-106.36535"><ele>2945.1</ele></trkpt>
      <trkpt lat="39.17758" lon="-106.36504"><ele>2944.3</ele></trkpt>
      <trkpt lat="39.17713" lon="-106.36474"><ele>2943.2</ele></trkpt>
      <trkpt lat="39.1765" lon="-106.36431"><ele>2941.3</ele></trkpt>
      <trkpt lat="39.17586" lon="-106.36389"><ele>2939.2</ele></trkpt>
      <trkpt lat="39.17522" lon="-106.36347"><ele>2937.7</ele></trkpt>
      <trkpt lat="39.17488" lon="-106.36315"><ele>2936.2</ele></trkpt>
      <trkpt lat="39.17462" lon="-106.36294"><ele>2935.3</ele></trkpt>
      <trkpt lat="39.17427" lon="-106.3627"><ele>2934.2</ele></trkpt>
      <trkpt lat="39.17408" lon="-106.36261"><ele>2934.0</ele></trkpt>
      <trkpt lat="39.17381" lon="-106.3624"><ele>2934.1</ele></trkpt>
      <trkpt lat="39.17378" lon="-106.36246"><ele>2934.2</ele></trkpt>
      <trkpt lat="39.17375" lon="-106.36254"><ele>2934.5</ele></trkpt>
      <trkpt lat="39.17376" lon="-106.36266"><ele>2934.8</ele></trkpt>
      <trkpt lat="39.17376" lon="-106.36266"><ele>2934.8</ele></trkpt>
      <trkpt lat="39.17379" lon="-106.36355"><ele>2938.3</ele></trkpt>
      <trkpt lat="39.17376" lon="-106.36381"><ele>2939.2</ele></trkpt>
      <trkpt lat="39.1737" lon="-106.36389"><ele>2939.3</ele></trkpt>
      <trkpt lat="39.17351" lon="-106.36392"><ele>2939.2</ele></trkpt>
      <trkpt lat="39.17322" lon="-106.36404"><ele>2939.0</ele></trkpt>
      <trkpt lat="39.17294" lon="-106.36414"><ele>2939.3</ele></trkpt>
      <trkpt lat="39.17275" lon="-106.36428"><ele>2940.0</ele></trkpt>
      <trkpt lat="39.17227" lon="-106.36439"><ele>2941.8</ele></trkpt>
      <trkpt lat="39.17208" lon="-106.36435"><ele>2941.6</ele></trkpt>
      <trkpt lat="39.17192" lon="-106.36441"><ele>2941.7</ele></trkpt>
      <trkpt lat="39.17127" lon="-106.36471"><ele>2943.8</ele></trkpt>
      <trkpt lat="39.17099" lon="-106.36477"><ele>2947.5</ele></trkpt>
      <trkpt lat="39.17042" lon="-106.3648"><ele>2949.7</ele></trkpt>
      <trkpt lat="39.16985" lon="-106.36484"><ele>2951.2</ele></trkpt>
      <trkpt lat="39.16965" lon="-106.36481"><ele>2951.8</ele></trkpt>
      <trkpt lat="39.16952" lon="-106.36484"><ele>2952.3</ele></trkpt>
      <trkpt lat="39.16944" lon="-106.3649"><ele>2952.6</ele></trkpt>
      <trkpt lat="39.1693" lon="-106.36509"><ele>2952.8</ele></trkpt>
      <trkpt lat="39.16921" lon="-106.36533"><ele>2953.2</ele></trkpt>
      <trkpt lat="39.16904" lon="-106.36592"><ele>2954.6</ele></trkpt>
      <trkpt lat="39.16896" lon="-106.36613"><ele>2955.3</ele></trkpt>
      <trkpt lat="39.16886" lon="-106.36622"><ele>2955.3</ele></trkpt>
      <trkpt lat="39.16849" lon="-106.36642"><ele>2958.4</ele></trkpt>
      <trkpt lat="39.16807" lon="-106.36676"><ele>2963.5</ele></trkpt>
      <trkpt lat="39.16765" lon="-106.36709"><ele>2968.5</ele></trkpt>
      <trkpt lat="39.16739" lon="-106.36735"><ele>2971.1</ele></trkpt>
      <trkpt lat="39.1673" lon="-106.36748"><ele>2971.5</ele></trkpt>
      <trkpt lat="39.16719" lon="-106.3676"><ele>2972.1</ele></trkpt>
      <trkpt lat="39.16712" lon="-106.36766"><ele>2972.5</ele></trkpt>
      <trkpt lat="39.16687" lon="-106.36779"><ele>2974.6</ele></trkpt>
      <trkpt lat="39.16663" lon="-106.36786"><ele>2976.6</ele></trkpt>
      <trkpt lat="39.16639" lon="-106.36786"><ele>2978.0</ele></trkpt>
      <trkpt lat="39.16624" lon="-106.36784"><ele>2978.7</ele></trkpt>
      <trkpt lat="39.16602" lon="-106.36786"><ele>2979.6</ele></trkpt>
      <trkpt lat="39.16539" lon="-106.36822"><ele>2982.8</ele></trkpt>
      <trkpt lat="39.16476" lon="-106.36857"><ele>2985.1</ele></trkpt>
      <trkpt lat="39.16438" lon="-106.36877"><ele>2986.7</ele></trkpt>
      <trkpt lat="39.16415" lon="-106.36884"><ele>2987.5</ele></trkpt>
      <trkpt lat="39.16362" lon="-106.36891"><ele>2989.3</ele></trkpt>
      <trkpt lat="39.16323" lon="-106.36889"><ele>2990.1</ele></trkpt>
      <trkpt lat="39.16299" lon="-106.36883"><ele>2990.5</ele></trkpt>
      <trkpt lat="39.16244" lon="-106.36857"><ele>2990.2</ele></trkpt>
      <trkpt lat="39.16232" lon="-106.36852"><ele>2990.0</ele></trkpt>
      <trkpt lat="39.16184" lon="-106.36839"><ele>2988.8</ele></trkpt>
      <trkpt lat="39.16142" lon="-106.36834"><ele>2986.8</ele></trkpt>
      <trkpt lat="39.16127" lon="-106.36833"><ele>2985.9</ele></trkpt>
      <trkpt lat="39.16127" lon="-106.36833"><ele>2985.9</ele></trkpt>
      <trkpt lat="39.16096" lon="-106.36833"><ele>2984.3</ele></trkpt>
      <trkpt lat="39.16092" lon="-106.36842"><ele>2984.2</ele></trkpt>
      <trkpt lat="39.16085" lon="-106.36849"><ele>2983.8</ele></trkpt>
      <trkpt lat="39.16072" lon="-106.36858"><ele>2983.2</ele></trkpt>
      <trkpt lat="39.1606" lon="-106.36861"><ele>2982.8</ele></trkpt>
      <trkpt lat="39.16046" lon="-106.36862"><ele>2983.2</ele></trkpt>
      <trkpt lat="39.16035" lon="-106.36856"><ele>2983.4</ele></trkpt>
      <trkpt lat="39.16022" lon="-106.36848"><ele>2983.7</ele></trkpt>
      <trkpt lat="39.15975" lon="-106.36813"><ele>2983.7</ele></trkpt>
      <trkpt lat="39.15945" lon="-106.368"><ele>2984.0</ele></trkpt>
      <trkpt lat="39.15888" lon="-106.36784"><ele>2985.1</ele></trkpt>
      <trkpt lat="39.15854" lon="-106.36783"><ele>2986.3</ele></trkpt>
      <trkpt lat="39.15826" lon="-106.36778"><ele>2987.0</ele></trkpt>
      <trkpt lat="39.15783" lon="-106.36767"><ele>2988.2</ele></trkpt>
      <trkpt lat="39.15761" lon="-106.36762"><ele>2989.0</ele></trkpt>
      <trkpt lat="39.1574" lon="-106.36764"><ele>2989.9</ele></trkpt>
      <trkpt lat="39.15704" lon="-106.36781"><ele>2991.4</ele></trkpt>
      <trkpt lat="39.15664" lon="-106.36814"><ele>2993.2</ele></trkpt>
      <trkpt lat="39.15605" lon="-106.36869"><ele>2995.3</ele></trkpt>
      <trkpt lat="39.15578" lon="-106.369"><ele>2997.1</ele></trkpt>
      <trkpt lat="39.15537" lon="-106.36953"><ele>3000.0</ele></trkpt>
      <trkpt lat="39.15492" lon="-106.36998"><ele>3003.1</ele></trkpt>
      <trkpt lat="39.15446" lon="-106.37043"><ele>3005.6</ele></trkpt>
      <trkpt lat="39.15406" lon="-106.37079"><ele>3006.9</ele></trkpt>
      <trkpt lat="39.15359" lon="-106.37112"><ele>3007.4</ele></trkpt>
      <trkpt lat="39.15296" lon="-106.37143"><ele>3007.5</ele></trkpt>
      <trkpt lat="39.15243" lon="-106.37166"><ele>3007.8</ele></trkpt>
      <trkpt lat="39.15209" lon="-106.37173"><ele>3007.6</ele></trkpt>
      <trkpt lat="39.15138" lon="-106.3717"><ele>3006.7</ele></trkpt>
      <trkpt lat="39.15065" lon="-106.37163"><ele>3005.4</ele></trkpt>
      <trkpt lat="39.15015" lon="-106.37149"><ele>3003.4</ele></trkpt>
      <trkpt lat="39.14996" lon="-106.37155"><ele>3002.9</ele></trkpt>
      <trkpt lat="39.14988" lon="-106.37163"><ele>3002.7</ele></trkpt>
      <trkpt lat="39.14979" lon="-106.37175"><ele>3002.4</ele></trkpt>
      <trkpt lat="39.14974" lon="-106.37186"><ele>3002.3</ele></trkpt>
      <trkpt lat="39.1497" lon="-106.37211"><ele>3002.5</ele></trkpt>
      <trkpt lat="39.14968" lon="-106.37249"><ele>3003.6</ele></trkpt>
      <trkpt lat="39.14966" lon="-106.37304"><ele>3004.2</ele></trkpt>
      <trkpt lat="39.14963" lon="-106.37335"><ele>3003.6</ele></trkpt>
      <trkpt lat="39.14955" lon="-106.37366"><ele>3001.0</ele></trkpt>
      <trkpt lat="39.14939" lon="-106.37406"><ele>2998.1</ele></trkpt>
      <trkpt lat="39.14934" lon="-106.37415"><ele>2997.7</ele></trkpt>
      <trkpt lat="39.14925" lon="-106.37417"><ele>2996.8</ele></trkpt>
      <trkpt lat="39.14916" lon="-106.37412"><ele>2995.8</ele></trkpt>
      <trkpt lat="39.14878" lon="-106.37355"><ele>2996.3</ele></trkpt>
      <trkpt lat="39.14821" lon="-106.37268"><ele>2998.1</ele></trkpt>
      <trkpt lat="39.14806" lon="-106.37256"><ele>2999.5</ele></trkpt>
      <trkpt lat="39.14796" lon="-106.37253"><ele>3000.3</ele></trkpt>
      <trkpt lat="39.14782" lon="-106.37255"><ele>3001.5</ele></trkpt>
      <trkpt lat="39.14757" lon="-106.37272"><ele>3003.5</ele></trkpt>
      <trkpt lat="39.14737" lon="-106.37281"><ele>3004.4</ele></trkpt>
      <trkpt lat="39.14716" lon="-106.37288"><ele>3004.9</ele></trkpt>
      <trkpt lat="39.1469" lon="-106.37287"><ele>3004.7</ele></trkpt>
      <trkpt lat="39.14654" lon="-106.37298"><ele>3004.9</ele></trkpt>
      <trkpt lat="39.14645" lon="-106.37306"><ele>3005.1</ele></trkpt>
      <trkpt lat="39.14634" lon="-106.37325"><ele>3005.6</ele></trkpt>
      <trkpt lat="39.14625" lon="-106.37352"><ele>3006.5</ele></trkpt>
      <trkpt lat="39.14613" lon="-106.37416"><ele>3008.6</ele></trkpt>
      <trkpt lat="39.14604" lon="-106.37482"><ele>3010.7</ele></trkpt>
      <trkpt lat="39.14599" lon="-106.37538"><ele>3013.5</ele></trkpt>
      <trkpt lat="39.14592" lon="-106.37609"><ele>3017.1</ele></trkpt>
      <trkpt lat="39.14591" lon="-106.37667"><ele>3019.5</ele></trkpt>
      <trkpt lat="39.14592" lon="-106.37736"><ele>3022.2</ele></trkpt>
      <trkpt lat="39.14593" lon="-106.37804"><ele>3024.7</ele></trkpt>
      <trkpt lat="39.14592" lon="-106.3784"><ele>3028.0</ele></trkpt>
      <trkpt lat="39.14584" lon="-106.37869"><ele>3030.7</ele></trkpt>
      <trkpt lat="39.14575" lon="-106.3789"><ele>3032.2</ele></trkpt>
      <trkpt lat="39.14527" lon="-106.37955"><ele>3035.5</ele></trkpt>
      <trkpt lat="39.14514" lon="-106.3798"><ele>3037.6</ele></trkpt>
      <trkpt lat="39.14496" lon="-106.38031"><ele>3039.9</ele></trkpt>
      <trkpt lat="39.14489" lon="-106.38058"><ele>3040.9</ele></trkpt>
      <trkpt lat="39.14481" lon="-106.38106"><ele>3042.6</ele></trkpt>
      <trkpt lat="39.14472" lon="-106.38201"><ele>3046.5</ele></trkpt>
      <trkpt lat="39.14466" lon="-106.38311"><ele>3048.9</ele></trkpt>
      <trkpt lat="39.1446" lon="-106.38376"><ele>3051.6</ele></trkpt>
      <trkpt lat="39.14462" lon="-106.3839"><ele>3051.9</ele></trkpt>
      <trkpt lat="39.1447" lon="-106.38413"><ele>3052.8</ele></trkpt>
      <trkpt lat="39.14509" lon="-106.38502"><ele>3056.2</ele></trkpt>
      <trkpt lat="39.14517" lon="-106.38532"><ele>3057.2</ele></trkpt>
      <trkpt lat="39.14518" lon="-106.38545"><ele>3057.6</ele></trkpt>
      <trkpt lat="39.14508" lon="-106.38616"><ele>3057.0</ele></trkpt>
      <trkpt lat="39.14511" lon="-106.38646"><ele>3058.0</ele></trkpt>
      <trkpt lat="39.14519" lon="-106.38675"><ele>3060.6</ele></trkpt>
      <trkpt lat="39.14515" lon="-106.38688"><ele>3059.9</ele></trkpt>
      <trkpt lat="39.14508" lon="-106.38692"><ele>3058.8</ele></trkpt>
      <trkpt lat="39.1448" lon="-106.38696"><ele>3055.4</ele></trkpt>
      <trkpt lat="39.14471" lon="-106.38704"><ele>3055.8</ele></trkpt>
      <trkpt lat="39.14465" lon="-106.38725"><ele>3057.7</ele></trkpt>
      <trkpt lat="39.14455" lon="-106.38776"><ele>3058.5</ele></trkpt>
      <trkpt lat="39.14452" lon="-106.38813"><ele>3060.2</ele></trkpt>
      <trkpt lat="39.14436" lon="-106.38844"><ele>3058.2</ele></trkpt>
      <trkpt lat="39.14426" lon="-106.3887"><ele>3056.8</ele></trkpt>
      <trkpt lat="39.14424" lon="-106.38889"><ele>3056.8</ele></trkpt>
      <trkpt lat="39.14427" lon="-106.38932"><ele>3057.5</ele></trkpt>
      <trkpt lat="39.14437" lon="-106.39003"><ele>3059.3</ele></trkpt>
      <trkpt lat="39.1445" lon="-106.39088"><ele>3061.2</ele></trkpt>
      <trkpt lat="39.14467" lon="-106.39179"><ele>3060.3</ele></trkpt>
      <trkpt lat="39.14483" lon="-106.39241"><ele>3059.1</ele></trkpt>
      <trkpt lat="39.14509" lon="-106.39323"><ele>3059.0</ele></trkpt>
      <trkpt lat="39.14521" lon="-106.39356"><ele>3058.8</ele></trkpt>
      <trkpt lat="39.14548" lon="-106.39425"><ele>3059.1</ele></trkpt>
      <trkpt lat="39.14539" lon="-106.39442"><ele>3057.3</ele></trkpt>
      <trkpt lat="39.1451" lon="-106.39461"><ele>3055.9</ele></trkpt>
      <trkpt lat="39.14442" lon="-106.39512"><ele>3057.3</ele></trkpt>
      <trkpt lat="39.14413" lon="-106.39532"><ele>3055.5</ele></trkpt>
      <trkpt lat="39.14403" lon="-106.39547"><ele>3056.3</ele></trkpt>
      <trkpt lat="39.14385" lon="-106.3961"><ele>3062.7</ele></trkpt>
      <trkpt lat="39.14368" lon="-106.39673"><ele>3064.3</ele></trkpt>
      <trkpt lat="39.14353" lon="-106.39742"><ele>3070.1</ele></trkpt>
      <trkpt lat="39.1434" lon="-106.39766"><ele>3069.8</ele></trkpt>
      <trkpt lat="39.14336" lon="-106.39798"><ele>3071.2</ele></trkpt>
      <trkpt lat="39.14331" lon="-106.39822"><ele>3071.2</ele></trkpt>
      <trkpt lat="39.14322" lon="-106.39846"><ele>3071.9</ele></trkpt>
      <trkpt lat="39.14295" lon="-106.3986"><ele>3072.1</ele></trkpt>
      <trkpt lat="39.14267" lon="-106.39863"><ele>3072.0</ele></trkpt>
      <trkpt lat="39.14241" lon="-106.3987"><ele>3074.1</ele></trkpt>
      <trkpt lat="39.14216" lon="-106.39865"><ele>3077.3</ele></trkpt>
      <trkpt lat="39.14193" lon="-106.39859"><ele>3079.0</ele></trkpt>
      <trkpt lat="39.14159" lon="-106.39825"><ele>3083.3</ele></trkpt>
      <trkpt lat="39.141" lon="-106.39795"><ele>3092.1</ele></trkpt>
      <trkpt lat="39.14048" lon="-106.39759"><ele>3093.9</ele></trkpt>
      <trkpt lat="39.14036" lon="-106.39756"><ele>3094.1</ele></trkpt>
      <trkpt lat="39.14004" lon="-106.39751"><ele>3094.5</ele></trkpt>
      <trkpt lat="39.13981" lon="-106.39758"><ele>3095.2</ele></trkpt>
      <trkpt lat="39.13965" lon="-106.39768"><ele>3095.6</ele></trkpt>
      <trkpt lat="39.13914" lon="-106.39793"><ele>3096.2</ele></trkpt>
      <trkpt lat="39.13886" lon="-106.39815"><ele>3095.4</ele></trkpt>
      <trkpt lat="39.13868" lon="-106.39814"><ele>3093.0</ele></trkpt>
      <trkpt lat="39.1385" lon="-106.39804"><ele>3095.4</ele></trkpt>
      <trkpt lat="39.13847" lon="-106.39801"><ele>3096.2</ele></trkpt>
      <trkpt lat="39.1381" lon="-106.39795"><ele>3105.0</ele></trkpt>
      <trkpt lat="39.13793" lon="-106.39793"><ele>3108.2</ele></trkpt>
      <trkpt lat="39.13787" lon="-106.39794"><ele>3109.2</ele></trkpt>
      <trkpt lat="39.13782" lon="-106.39784"><ele>3110.0</ele></trkpt>
      <trkpt lat="39.13782" lon="-106.39772"><ele>3109.7</ele></trkpt>
      <trkpt lat="39.13764" lon="-106.39763"><ele>3112.3</ele></trkpt>
      <trkpt lat="39.13756" lon="-106.39757"><ele>3113.0</ele></trkpt>
      <trkpt lat="39.13747" lon="-106.39752"><ele>3113.8</ele></trkpt>
      <trkpt lat="39.13724" lon="-106.39747"><ele>3115.8</ele></trkpt>
      <trkpt lat="39.13716" lon="-106.39747"><ele>3116.8</ele></trkpt>
      <trkpt lat="39.13705" lon="-106.39747"><ele>3118.4</ele></trkpt>
      <trkpt lat="39.13698" lon="-106.39749"><ele>3119.8</ele></trkpt>
      <trkpt lat="39.13689" lon="-106.39745"><ele>3120.8</ele></trkpt>
      <trkpt lat="39.1368" lon="-106.39744"><ele>3122.3</ele></trkpt>
      <trkpt lat="39.13662" lon="-106.39739"><ele>3124.4</ele></trkpt>
      <trkpt lat="39.13654" lon="-106.3973"><ele>3124.2</ele></trkpt>
      <trkpt lat="39.13645" lon="-106.39727"><ele>3124.8</ele></trkpt>
      <trkpt lat="39.13635" lon="-106.39725"><ele>3125.5</ele></trkpt>
      <trkpt lat="39.13609" lon="-106.39711"><ele>3124.0</ele></trkpt>
      <trkpt lat="39.136" lon="-106.39712"><ele>3124.5</ele></trkpt>
      <trkpt lat="39.13591" lon="-106.39706"><ele>3124.7</ele></trkpt>
      <trkpt lat="39.13589" lon="-106.39706"><ele>3125.1</ele></trkpt>
      <trkpt lat="39.13575" lon="-106.39704"><ele>3128.6</ele></trkpt>
      <trkpt lat="39.13563" lon="-106.397"><ele>3131.2</ele></trkpt>
      <trkpt lat="39.13544" lon="-106.39687"><ele>3134.3</ele></trkpt>
      <trkpt lat="39.13527" lon="-106.39664"><ele>3136.4</ele></trkpt>
      <trkpt lat="39.13502" lon="-106.39652"><ele>3139.0</ele></trkpt>
      <trkpt lat="39.13454" lon="-106.39621"><ele>3142.2</ele></trkpt>
      <trkpt lat="39.13407" lon="-106.3959"><ele>3145.0</ele></trkpt>
      <trkpt lat="39.13344" lon="-106.39561"><ele>3150.0</ele></trkpt>
      <trkpt lat="39.13281" lon="-106.39533"><ele>3153.6</ele></trkpt>
      <trkpt lat="39.13218" lon="-106.39505"><ele>3158.3</ele></trkpt>
      <trkpt lat="39.13184" lon="-106.39441"><ele>3160.4</ele></trkpt>
      <trkpt lat="39.13168" lon="-106.39389"><ele>3160.4</ele></trkpt>
      <trkpt lat="39.13131" lon="-106.39334"><ele>3161.5</ele></trkpt>
      <trkpt lat="39.1306" lon="-106.39278"><ele>3167.1</ele></trkpt>
      <trkpt lat="39.13008" lon="-106.39244"><ele>3170.2</ele></trkpt>
      <trkpt lat="39.1297" lon="-106.39192"><ele>3168.5</ele></trkpt>
      <trkpt lat="39.12925" lon="-106.39154"><ele>3170.4</ele></trkpt>
      <trkpt lat="39.12894" lon="-106.39103"><ele>3168.7</ele></trkpt>
      <trkpt lat="39.12851" lon="-106.39049"><ele>3167.9</ele></trkpt>
      <trkpt lat="39.12826" lon="-106.39034"><ele>3168.7</ele></trkpt>
      <trkpt lat="39.12784" lon="-106.3901"><ele>3168.2</ele></trkpt>
      <trkpt lat="39.12699" lon="-106.39013"><ele>3168.2</ele></trkpt>
      <trkpt lat="39.1268" lon="-106.39028"><ele>3167.9</ele></trkpt>
      <trkpt lat="39.12675" lon="-106.3904"><ele>3168.6</ele></trkpt>
      <trkpt lat="39.12652" lon="-106.3906"><ele>3165.9</ele></trkpt>
      <trkpt lat="39.1263" lon="-106.39069"><ele>3160.9</ele></trkpt>
      <trkpt lat="39.12611" lon="-106.3909"><ele>3158.7</ele></trkpt>
      <trkpt lat="39.12597" lon="-106.39099"><ele>3155.2</ele></trkpt>
      <trkpt lat="39.12556" lon="-106.3911"><ele>3146.3</ele></trkpt>
      <trkpt lat="39.12531" lon="-106.39106"><ele>3140.0</ele></trkpt>
      <trkpt lat="39.12502" lon="-106.39131"><ele>3141.3</ele></trkpt>
      <trkpt lat="39.12485" lon="-106.39132"><ele>3139.4</ele></trkpt>
      <trkpt lat="39.12463" lon="-106.39143"><ele>3142.0</ele></trkpt>
      <trkpt lat="39.12455" lon="-106.391"><ele>3142.4</ele></trkpt>
      <trkpt lat="39.12433" lon="-106.3912"><ele>3146.2</ele></trkpt>
      <trkpt lat="39.12426" lon="-106.39116"><ele>3147.5</ele></trkpt>
      <trkpt lat="39.12433" lon="-106.39059"><ele>3149.3</ele></trkpt>
      <trkpt lat="39.12407" lon="-106.39034"><ele>3158.7</ele></trkpt>
      <trkpt lat="39.124" lon="-106.39012"><ele>3160.4</ele></trkpt>
      <trkpt lat="39.124" lon="-106.38982"><ele>3159.0</ele></trkpt>
      <trkpt lat="39.12412" lon="-106.38934"><ele>3153.5</ele></trkpt>
      <trkpt lat="39.12409" lon="-106.38909"><ele>3153.7</ele></trkpt>
      <trkpt lat="39.12381" lon="-106.38876"><ele>3158.9</ele></trkpt>
      <trkpt lat="39.12358" lon="-106.38862"><ele>3161.9</ele></trkpt>
      <trkpt lat="39.12309" lon="-106.38864"><ele>3171.5</ele></trkpt>
      <trkpt lat="39.12261" lon="-106.38866"><ele>3177.0</ele></trkpt>
      <trkpt lat="39.12221" lon="-106.38883"><ele>3182.1</ele></trkpt>
      <trkpt lat="39.12177" lon="-106.38888"><ele>3183.9</ele></trkpt>
      <trkpt lat="39.12149" lon="-106.38903"><ele>3188.7</ele></trkpt>
      <trkpt lat="39.12092" lon="-106.38923"><ele>3197.8</ele></trkpt>
      <trkpt lat="39.12088" lon="-106.38936"><ele>3200.0</ele></trkpt>
      <trkpt lat="39.12108" lon="-106.38971"><ele>3204.2</ele></trkpt>
      <trkpt lat="39.12072" lon="-106.38974"><ele>3206.7</ele></trkpt>
      <trkpt lat="39.12041" lon="-106.38961"><ele>3207.6</ele></trkpt>
      <trkpt lat="39.11971" lon="-106.38952"><ele>3212.1</ele></trkpt>
      <trkpt lat="39.11927" lon="-106.38933"><ele>3215.5</ele></trkpt>
      <trkpt lat="39.11884" lon="-106.38914"><ele>3219.0</ele></trkpt>
      <trkpt lat="39.11847" lon="-106.38905"><ele>3221.0</ele></trkpt>
      <trkpt lat="39.11804" lon="-106.38926"><ele>3229.1</ele></trkpt>
      <trkpt lat="39.11771" lon="-106.38952"><ele>3234.6</ele></trkpt>
      <trkpt lat="39.11734" lon="-106.38931"><ele>3234.1</ele></trkpt>
      <trkpt lat="39.11708" lon="-106.38858"><ele>3231.7</ele></trkpt>
      <trkpt lat="39.11658" lon="-106.38898"><ele>3227.3</ele></trkpt>
      <trkpt lat="39.11608" lon="-106.38939"><ele>3215.8</ele></trkpt>
      <trkpt lat="39.11565" lon="-106.38986"><ele>3206.9</ele></trkpt>
      <trkpt lat="39.11522" lon="-106.39032"><ele>3202.5</ele></trkpt>
      <trkpt lat="39.11507" lon="-106.39027"><ele>3198.6</ele></trkpt>
      <trkpt lat="39.11493" lon="-106.39008"><ele>3194.4</ele></trkpt>
      <trkpt lat="39.11454" lon="-106.38975"><ele>3189.6</ele></trkpt>
      <trkpt lat="39.11394" lon="-106.38954"><ele>3184.3</ele></trkpt>
      <trkpt lat="39.11355" lon="-106.38969"><ele>3185.2</ele></trkpt>
      <trkpt lat="39.11325" lon="-106.39025"><ele>3188.5</ele></trkpt>
      <trkpt lat="39.11275" lon="-106.39077"><ele>3197.1</ele></trkpt>
      <trkpt lat="39.11223" lon="-106.39137"><ele>3195.7</ele></trkpt>
      <trkpt lat="39.11195" lon="-106.39139"><ele>3192.0</ele></trkpt>
      <trkpt lat="39.11135" lon="-106.3921"><ele>3195.1</ele></trkpt>
      <trkpt lat="39.11122" lon="-106.39287"><ele>3207.8</ele></trkpt>
      <trkpt lat="39.11078" lon="-106.39313"><ele>3210.5</ele></trkpt>
      <trkpt lat="39.11012" lon="-106.39347"><ele>3203.8</ele></trkpt>
      <trkpt lat="39.10968" lon="-106.39343"><ele>3198.2</ele></trkpt>
      <trkpt lat="39.10965" lon="-106.39338"><ele>3197.4</ele></trkpt>
      <trkpt lat="39.10961" lon="-106.39337"><ele>3198.3</ele></trkpt>
      <trkpt lat="39.1096" lon="-106.3934"><ele>3199.7</ele></trkpt>
      <trkpt lat="39.10967" lon="-106.39382"><ele>3214.0</ele></trkpt>
      <trkpt lat="39.10963" lon="-106.39388"><ele>3216.6</ele></trkpt>
      <trkpt lat="39.10956" lon="-106.39391"><ele>3218.8</ele></trkpt>
      <trkpt lat="39.10942" lon="-106.39383"><ele>3219.7</ele></trkpt>
      <trkpt lat="39.10934" lon="-106.3939"><ele>3222.8</ele></trkpt>
      <trkpt lat="39.10911" lon="-106.39407"><ele>3228.8</ele></trkpt>
      <trkpt lat="39.10899" lon="-106.39421"><ele>3231.9</ele></trkpt>
      <trkpt lat="39.10887" lon="-106.39431"><ele>3233.3</ele></trkpt>
      <trkpt lat="39.10877" lon="-106.39436"><ele>3233.5</ele></trkpt>
      <trkpt lat="39.10863" lon="-106.39439"><ele>3232.4</ele></trkpt>
      <trkpt lat="39.1085" lon="-106.39446"><ele>3232.5</ele></trkpt>
      <trkpt lat="39.10833" lon="-106.3944"><ele>3229.2</ele></trkpt>
      <trkpt lat="39.10816" lon="-106.39444"><ele>3229.7</ele></trkpt>
      <trkpt lat="39.10804" lon="-106.39446"><ele>3230.0</ele></trkpt>
      <trkpt lat="39.10792" lon="-106.39443"><ele>3228.7</ele></trkpt>
      <trkpt lat="39.10767" lon="-106.39445"><ele>3226.3</ele></trkpt>
      <trkpt lat="39.10756" lon="-106.3945"><ele>3225.2</ele></trkpt>
      <trkpt lat="39.10743" lon="-106.39456"><ele>3223.3</ele></trkpt>
      <trkpt lat="39.10704" lon="-106.39479"><ele>3221.4</ele></trkpt>
      <trkpt lat="39.1068" lon="-106.39483"><ele>3220.4</ele></trkpt>
      <trkpt lat="39.10639" lon="-106.39494"><ele>3214.2</ele></trkpt>
      <trkpt lat="39.10623" lon="-106.39496"><ele>3211.2</ele></trkpt>
      <trkpt lat="39.10604" lon="-106.39512"><ele>3209.1</ele></trkpt>
      <trkpt lat="39.10595" lon="-106.39522"><ele>3208.1</ele></trkpt>
      <trkpt lat="39.10584" lon="-106.39528"><ele>3207.0</ele></trkpt>
      <trkpt lat="39.10576" lon="-106.39534"><ele>3206.2</ele></trkpt>
      <trkpt lat="39.10573" lon="-106.39533"><ele>3205.9</ele></trkpt>
      <trkpt lat="39.10566" lon="-106.39536"><ele>3205.3</ele></trkpt>
      <trkpt lat="39.10535" lon="-106.39559"><ele>3210.7</ele></trkpt>
      <trkpt lat="39.1048" lon="-106.3957"><ele>3213.4</ele></trkpt>
      <trkpt lat="39.10454" lon="-106.39563"><ele>3207.6</ele></trkpt>
      <trkpt lat="39.10436" lon="-106.39549"><ele>3204.8</ele></trkpt>
      <trkpt lat="39.10391" lon="-106.39501"><ele>3194.3</ele></trkpt>
      <trkpt lat="39.10391" lon="-106.39501"><ele>3194.3</ele></trkpt>
      <trkpt lat="39.10356" lon="-106.39463"><ele>3185.6</ele></trkpt>
      <trkpt lat="39.10321" lon="-106.39426"><ele>3182.0</ele></trkpt>
      <trkpt lat="39.10285" lon="-106.39402"><ele>3176.2</ele></trkpt>
      <trkpt lat="39.10262" lon="-106.39375"><ele>3171.7</ele></trkpt>
      <trkpt lat="39.10243" lon="-106.39369"><ele>3173.1</ele></trkpt>
      <trkpt lat="39.10197" lon="-106.39335"><ele>3169.8</ele></trkpt>
      <trkpt lat="39.10163" lon="-106.393"><ele>3164.1</ele></trkpt>
      <trkpt lat="39.10133" lon="-106.39255"><ele>3161.2</ele></trkpt>
      <trkpt lat="39.10102" lon="-106.39211"><ele>3155.0</ele></trkpt>
      <trkpt lat="39.10036" lon="-106.39149"><ele>3146.2</ele></trkpt>
      <trkpt lat="39.0997" lon="-106.39086"><ele>3128.6</ele></trkpt>
      <trkpt lat="39.09912" lon="-106.39051"><ele>3123.7</ele></trkpt>
      <trkpt lat="39.09858" lon="-106.39028"><ele>3124.0</ele></trkpt>
      <trkpt lat="39.09804" lon="-106.39005"><ele>3115.6</ele></trkpt>
      <trkpt lat="39.09748" lon="-106.3898"><ele>3107.4</ele></trkpt>
      <trkpt lat="39.09711" lon="-106.38969"><ele>3105.0</ele></trkpt>
      <trkpt lat="39.09677" lon="-106.38947"><ele>3091.8</ele></trkpt>
      <trkpt lat="39.09634" lon="-106.38909"><ele>3085.7</ele></trkpt>
      <trkpt lat="39.09608" lon="-106.38894"><ele>3082.3</ele></trkpt>
      <trkpt lat="39.09586" lon="-106.38888"><ele>3077.9</ele></trkpt>
      <trkpt lat="39.09564" lon="-106.3886"><ele>3064.0</ele></trkpt>
      <trkpt lat="39.09564" lon="-106.3886"><ele>3064.0</ele></trkpt>
      <trkpt lat="39.095538" lon="-106.388484"><ele>3062.8</ele></trkpt>
      <trkpt lat="39.095538" lon="-106.388484"><ele>3062.8</ele></trkpt>
      <trkpt lat="39.095292" lon="-106.388161"><ele>3051.5</ele></trkpt>
      <trkpt lat="39.095292" lon="-106.388161"><ele>3051.5</ele></trkpt>
      <trkpt lat="39.094879" lon="-106.388168"><ele>3047.2</ele></trkpt>
      <trkpt lat="39.094879" lon="-106.388168"><ele>3047.2</ele></trkpt>
      <trkpt lat="39.094387" lon="-106.388507"><ele>3050.2</ele></trkpt>
      <trkpt lat="39.094387" lon="-106.388507"><ele>3050.2</ele></trkpt>
      <trkpt lat="39.09376" lon="-106.388713"><ele>3043.9</ele></trkpt>
      <trkpt lat="39.09376" lon="-106.388713"><ele>3043.9</ele></trkpt>
      <trkpt lat="39.093469" lon="-106.388874"><ele>3040.9</ele></trkpt>
      <trkpt lat="39.093469" lon="-106.388874"><ele>3040.9</ele></trkpt>
      <trkpt lat="39.092911" lon="-106.389048"><ele>3028.6</ele></trkpt>
      <trkpt lat="39.092911" lon="-106.389048"><ele>3028.6</ele></trkpt>
      <trkpt lat="39.092911" lon="-106.389048"><ele>3028.6</ele></trkpt>
      <trkpt lat="39.092377" lon="-106.39002"><ele>3016.8</ele></trkpt>
      <trkpt lat="39.092377" lon="-106.39002"><ele>3016.8</ele></trkpt>
      <trkpt lat="39.092125" lon="-106.390345"><ele>3023.4</ele></trkpt>
      <trkpt lat="39.092125" lon="-106.390345"><ele>3023.4</ele></trkpt>
      <trkpt lat="39.091779" lon="-106.390383"><ele>3007.9</ele></trkpt>
      <trkpt lat="39.091779" lon="-106.390383"><ele>3007.9</ele></trkpt>
      <trkpt lat="39.091779" lon="-106.390383"><ele>3007.9</ele></trkpt>
      <trkpt lat="39.091257" lon="-106.391584"><ele>3050.0</ele></trkpt>
      <trkpt lat="39.091257" lon="-106.391584"><ele>3050.0</ele></trkpt>
      <trkpt lat="39.090688" lon="-106.391652"><ele>3055.6</ele></trkpt>
      <trkpt lat="39.090688" lon="-106.391652"><ele>3055.6</ele></trkpt>
      <trkpt lat="39.090688" lon="-106.391652"><ele>3055.6</ele></trkpt>
      <trkpt lat="39.090107" lon="-106.390329"><ele>3014.6</ele></trkpt>
      <trkpt lat="39.090107" lon="-106.390329"><ele>3014.6</ele></trkpt>
      <trkpt lat="39.090107" lon="-106.390329"><ele>3014.6</ele></trkpt>
      <trkpt lat="39.089127" lon="-106.389762"><ele>2997.9</ele></trkpt>
      <trkpt lat="39.089127" lon="-106.389762"><ele>2997.9</ele></trkpt>
      <trkpt lat="39.088396" lon="-106.390193"><ele>3014.3</ele></trkpt>
      <trkpt lat="39.088396" lon="-106.390193"><ele>3014.3</ele></trkpt>
      <trkpt lat="39.087813" lon="-106.390859"><ele>3022.4</ele></trkpt>
      <trkpt lat="39.087813" lon="-106.390859"><ele>3022.4</ele></trkpt>
      <trkpt lat="39.087813" lon="-106.390859"><ele>3022.4</ele></trkpt>
      <trkpt lat="39.086903" lon="-106.391081"><ele>3010.8</ele></trkpt>
      <trkpt lat="39.086903" lon="-106.391081"><ele>3010.8</ele></trkpt>
      <trkpt lat="39.086107" lon="-106.391112"><ele>2985.4</ele></trkpt>
      <trkpt lat="39.0861" lon="-106.39109"><ele>2985.1</ele></trkpt>
      <trkpt lat="39.08606" lon="-106.3911"><ele>2984.6</ele></trkpt>
      <trkpt lat="39.08596" lon="-106.39122"><ele>2985.1</ele></trkpt>
      <trkpt lat="39.08582" lon="-106.3914"><ele>2983.2</ele></trkpt>
      <trkpt lat="39.08574" lon="-106.39146"><ele>2979.6</ele></trkpt>
      <trkpt lat="39.08564" lon="-106.39144"><ele>2975.9</ele></trkpt>
      <trkpt lat="39.08536" lon="-106.39127"><ele>2971.9</ele></trkpt>
      <trkpt lat="39.08513" lon="-106.39117"><ele>2969.1</ele></trkpt>
      <trkpt lat="39.08499" lon="-106.39125"><ele>2969.0</ele></trkpt>
      <trkpt lat="39.08479" lon="-106.3914"><ele>2963.3</ele></trkpt>
      <trkpt lat="39.08462" lon="-106.39159"><ele>2961.9</ele></trkpt>
      <trkpt lat="39.08456" lon="-106.39158"><ele>2960.5</ele></trkpt>
      <trkpt lat="39.08453" lon="-106.39154"><ele>2959.1</ele></trkpt>
      <trkpt lat="39.0846" lon="-106.39136"><ele>2957.0</ele></trkpt>
      <trkpt lat="39.08455" lon="-106.39096"><ele>2950.7</ele></trkpt>
      <trkpt lat="39.08456" lon="-106.3907"><ele>2945.8</ele></trkpt>
      <trkpt lat="39.08446" lon="-106.39057"><ele>2941.8</ele></trkpt>
      <trkpt lat="39.0843" lon="-106.39044"><ele>2939.4</ele></trkpt>
      <trkpt lat="39.08418" lon="-106.39044"><ele>2938.6</ele></trkpt>
      <trkpt lat="39.08409" lon="-106.39052"><ele>2938.3</ele></trkpt>
      <trkpt lat="39.08399" lon="-106.39073"><ele>2937.8</ele></trkpt>
      <trkpt lat="39.08387" lon="-106.39079"><ele>2935.5</ele></trkpt>
      <trkpt lat="39.0838" lon="-106.39076"><ele>2933.6</ele></trkpt>
      <trkpt lat="39.0837" lon="-106.39063"><ele>2931.2</ele></trkpt>
      <trkpt lat="39.08363" lon="-106.39055"><ele>2929.6</ele></trkpt>
      <trkpt lat="39.08357" lon="-106.39057"><ele>2928.5</ele></trkpt>
      <trkpt lat="39.08354" lon="-106.3907"><ele>2928.4</ele></trkpt>
      <trkpt lat="39.0837" lon="-106.3914"><ele>2928.2</ele></trkpt>
      <trkpt lat="39.08372" lon="-106.39153"><ele>2927.6</ele></trkpt>
      <trkpt lat="39.08367" lon="-106.39161"><ele>2925.7</ele></trkpt>
      <trkpt lat="39.08359" lon="-106.3916"><ele>2923.9</ele></trkpt>
      <trkpt lat="39.08344" lon="-106.39148"><ele>2919.8</ele></trkpt>
      <trkpt lat="39.08324" lon="-106.39124"><ele>2914.2</ele></trkpt>
      <trkpt lat="39.08293" lon="-106.39091"><ele>2908.7</ele></trkpt>
      <trkpt lat="39.08274" lon="-106.39068"><ele>2902.9</ele></trkpt>
      <trkpt lat="39.08247" lon="-106.39051"><ele>2898.5</ele></trkpt>
      <trkpt lat="39.08227" lon="-106.39041"><ele>2895.3</ele></trkpt>
      <trkpt lat="39.08211" lon="-106.3905"><ele>2893.9</ele></trkpt>
      <trkpt lat="39.08202" lon="-106.39051"><ele>2893.3</ele></trkpt>
      <trkpt lat="39.08191" lon="-106.39044"><ele>2892.1</ele></trkpt>
      <trkpt lat="39.08187" lon="-106.39029"><ele>2889.9</ele></trkpt>
      <trkpt lat="39.08193" lon="-106.39004"><ele>2887.2</ele></trkpt>
      <trkpt lat="39.08201" lon="-106.38976"><ele>2882.8</ele></trkpt>
      <trkpt lat="39.08206" lon="-106.38941"><ele>2877.4</ele></trkpt>
      <trkpt lat="39.08208" lon="-106.38917"><ele>2875.2</ele></trkpt>
      <trkpt lat="39.08209" lon="-106.38892"><ele>2871.4</ele></trkpt>
      <trkpt lat="39.08226" lon="-106.38818"><ele>2862.4</ele></trkpt>
      <trkpt lat="39.08237" lon="-106.38777"><ele>2855.8</ele></trkpt>
      <trkpt lat="39.08261" lon="-106.38731"><ele>2852.6</ele></trkpt>
      <trkpt lat="39.08264" lon="-106.38717"><ele>2852.0</ele></trkpt>
      <trkpt lat="39.08261" lon="-106.387"><ele>2850.3</ele></trkpt>
      <trkpt lat="39.08251" lon="-106.3868"><ele>2845.1</ele></trkpt>
      <trkpt lat="39.08247" lon="-106.38651"><ele>2840.5</ele></trkpt>
      <trkpt lat="39.08254" lon="-106.38632"><ele>2836.4</ele></trkpt>
      <trkpt lat="39.08274" lon="-106.38631"><ele>2837.1</ele></trkpt>
      <trkpt lat="39.08281" lon="-106.38628"><ele>2837.1</ele></trkpt>
      <trkpt lat="39.0829" lon="-106.38616"><ele>2836.8</ele></trkpt>
      <trkpt lat="39.08295" lon="-106.386"><ele>2837.2</ele></trkpt>
      <trkpt lat="39.08291" lon="-106.3859"><ele>2836.6</ele></trkpt>
      <trkpt lat="39.08283" lon="-106.38584"><ele>2833.5</ele></trkpt>
      <trkpt lat="39.08276" lon="-106.38582"><ele>2830.7</ele></trkpt>
      <trkpt lat="39.08269" lon="-106.38568"><ele>2829.2</ele></trkpt>
      <trkpt lat="39.08264" lon="-106.38548"><ele>2828.3</ele></trkpt>
      <trkpt lat="39.08265" lon="-106.38537"><ele>2828.2</ele></trkpt>
      <trkpt lat="39.08272" lon="-106.38506"><ele>2827.6</ele></trkpt>
      <trkpt lat="39.08281" lon="-106.38479"><ele>2826.5</ele></trkpt>
      <trkpt lat="39.08298" lon="-106.38463"><ele>2829.1</ele></trkpt>
      <trkpt lat="39.08298" lon="-106.38463"><ele>2829.1</ele></trkpt>
      <trkpt lat="39.082915" lon="-106.384119"><ele>2819.3</ele></trkpt>
      <trkpt lat="39.08291" lon="-106.38386"><ele>2817.6</ele></trkpt>
      <trkpt lat="39.0829" lon="-106.38337"><ele>2816.1</ele></trkpt>
      <trkpt lat="39.08289" lon="-106.38315"><ele>2815.8</ele></trkpt>
      <trkpt lat="39.08289" lon="-106.38212"><ele>2816.4</ele></trkpt>
      <trkpt lat="39.08289" lon="-106.38212"><ele>2816.4</ele></trkpt>
      <trkpt lat="39.08289" lon="-106.38205"><ele>2816.2</ele></trkpt>
      <trkpt lat="39.08235" lon="-106.38205"><ele>2813.1</ele></trkpt>
      <trkpt lat="39.08182" lon="-106.38205"><ele>2810.8</ele></trkpt>
      <trkpt lat="39.08182" lon="-106.38205"><ele>2810.8</ele></trkpt>
      <trkpt lat="39.08152" lon="-106.38206"><ele>2809.7</ele></trkpt>
      <trkpt lat="39.08152" lon="-106.38289"><ele>2810.4</ele></trkpt>
      <trkpt lat="39.0815" lon="-106.38296"><ele>2810.3</ele></trkpt>
      <trkpt lat="39.08145" lon="-106.38303"><ele>2810.2</ele></trkpt>
      <trkpt lat="39.0814" lon="-106.38305"><ele>2810.0</ele></trkpt>
      <trkpt lat="39.08139" lon="-106.38317"><ele>2810.1</ele></trkpt>
      <trkpt lat="39.08136" lon="-106.38335"><ele>2810.2</ele></trkpt>
      <trkpt lat="39.08136" lon="-106.38339"><ele>2810.3</ele></trkpt>
      <trkpt lat="39.0813" lon="-106.38348"><ele>2810.4</ele></trkpt>
      <trkpt lat="39.08122" lon="-106.38365"><ele>2810.7</ele></trkpt>
      <trkpt lat="39.08114" lon="-106.38398"><ele>2811.8</ele></trkpt>
      <trkpt lat="39.08115" lon="-106.38404"><ele>2812.2</ele></trkpt>
      <trkpt lat="39.08097" lon="-106.38426"><ele>2813.5</ele></trkpt>
      <trkpt lat="39.08085" lon="-106.38447"><ele>2815.3</ele></trkpt>
      <trkpt lat="39.08078" lon="-106.38456"><ele>2816.0</ele></trkpt>
      <trkpt lat="39.08064" lon="-106.38459"><ele>2815.8</ele></trkpt>
      <trkpt lat="39.08055" lon="-106.38459"><ele>2815.5</ele></trkpt>
      <trkpt lat="39.08045" lon="-106.38485"><ele>2816.5</ele></trkpt>
      <trkpt lat="39.08036" lon="-106.38515"><ele>2816.6</ele></trkpt>
      <trkpt lat="39.08034" lon="-106.38544"><ele>2816.1</ele></trkpt>
      <trkpt lat="39.08036" lon="-106.38572"><ele>2815.3</ele></trkpt>
      <trkpt lat="39.08036" lon="-106.38615"><ele>2812.5</ele></trkpt>
      <trkpt lat="39.08031" lon="-106.38628"><ele>2810.8</ele></trkpt>
      <trkpt lat="39.08028" lon="-106.38649"><ele>2809.5</ele></trkpt>
      <trkpt lat="39.08018" lon="-106.38678"><ele>2806.9</ele></trkpt>
      <trkpt lat="39.08018" lon="-106.38678"><ele>2806.9</ele></trkpt>
      <trkpt lat="39.08016" lon="-106.38684"><ele>2806.6</ele></trkpt>
      <trkpt lat="39.08003" lon="-106.38755"><ele>2806.1</ele></trkpt>
      <trkpt lat="39.07978" lon="-106.3881"><ele>2808.7</ele></trkpt>
      <trkpt lat="39.07959" lon="-106.38866"><ele>2811.4</ele></trkpt>
      <trkpt lat="39.07947" lon="-106.38923"><ele>2814.2</ele></trkpt>
      <trkpt lat="39.07946" lon="-106.38941"><ele>2815.1</ele></trkpt>
      <trkpt lat="39.07938" lon="-106.38952"><ele>2815.0</ele></trkpt>
      <trkpt lat="39.07928" lon="-106.38955"><ele>2814.3</ele></trkpt>
      <trkpt lat="39.0792" lon="-106.3896"><ele>2813.8</ele></trkpt>
      <trkpt lat="39.07916" lon="-106.38977"><ele>2814.0</ele></trkpt>
      <trkpt lat="39.079" lon="-106.39027"><ele>2813.4</ele></trkpt>
      <trkpt lat="39.07895" lon="-106.39055"><ele>2812.8</ele></trkpt>
      <trkpt lat="39.07884" lon="-106.39086"><ele>2811.5</ele></trkpt>
      <trkpt lat="39.07864" lon="-106.39121"><ele>2809.5</ele></trkpt>
      <trkpt lat="39.07844" lon="-106.39142"><ele>2807.7</ele></trkpt>
      <trkpt lat="39.07825" lon="-106.3915"><ele>2806.1</ele></trkpt>
      <trkpt lat="39.07814" lon="-106.39181"><ele>2805.9</ele></trkpt>
      <trkpt lat="39.07805" lon="-106.39191"><ele>2806.1</ele></trkpt>
      <trkpt lat="39.07804" lon="-106.39202"><ele>2806.4</ele></trkpt>
      <trkpt lat="39.07791" lon="-106.39263"><ele>2808.0</ele></trkpt>
      <trkpt lat="39.07744" lon="-106.3932"><ele>2808.7</ele></trkpt>
      <trkpt lat="39.07722" lon="-106.39339"><ele>2809.2</ele></trkpt>
      <trkpt lat="39.07703" lon="-106.39355"><ele>2809.4</ele></trkpt>
      <trkpt lat="39.07693" lon="-106.39361"><ele>2809.2</ele></trkpt>
      <trkpt lat="39.07682" lon="-106.39359"><ele>2808.7</ele></trkpt>
      <trkpt lat="39.0767" lon="-106.39354"><ele>2808.0</ele></trkpt>
      <trkpt lat="39.07661" lon="-106.3934"><ele>2807.3</ele></trkpt>
      <trkpt lat="39.0765" lon="-106.39309"><ele>2805.9</ele></trkpt>
      <trkpt lat="39.07622" lon="-106.39296"><ele>2806.0</ele></trkpt>
      <trkpt lat="39.07622" lon="-106.39296"><ele>2806.0</ele></trkpt>
      <trkpt lat="39.07613" lon="-106.39293"><ele>2806.2</ele></trkpt>
      <trkpt lat="39.07587" lon="-106.39288"><ele>2806.6</ele></trkpt>
      <trkpt lat="39.07573" lon="-106.39281"><ele>2806.4</ele></trkpt>
      <trkpt lat="39.07561" lon="-106.39273"><ele>2806.1</ele></trkpt>
      <trkpt lat="39.07535" lon="-106.39286"><ele>2806.0</ele></trkpt>
      <trkpt lat="39.07511" lon="-106.39285"><ele>2806.1</ele></trkpt>
      <trkpt lat="39.07468" lon="-106.39271"><ele>2807.1</ele></trkpt>
      <trkpt lat="39.07427" lon="-106.39228"><ele>2806.7</ele></trkpt>
      <trkpt lat="39.07401" lon="-106.39196"><ele>2806.1</ele></trkpt>
      <trkpt lat="39.07394" lon="-106.39191"><ele>2806.1</ele></trkpt>
      <trkpt lat="39.07394" lon="-106.39191"><ele>2806.1</ele></trkpt>
      <trkpt lat="39.07368" lon="-106.39176"><ele>2806.1</ele></trkpt>
      <trkpt lat="39.07365" lon="-106.39155"><ele>2806.2</ele></trkpt>
      <trkpt lat="39.07361" lon="-106.39148"><ele>2806.3</ele></trkpt>
      <trkpt lat="39.07339" lon="-106.39133"><ele>2806.7</ele></trkpt>
      <trkpt lat="39.07323" lon="-106.39112"><ele>2807.0</ele></trkpt>
      <trkpt lat="39.07321" lon="-106.3909"><ele>2807.0</ele></trkpt>
      <trkpt lat="39.0733" lon="-106.39044"><ele>2806.7</ele></trkpt>
      <trkpt lat="39.07342" lon="-106.39001"><ele>2806.4</ele></trkpt>
      <trkpt lat="39.07346" lon="-106.38959"><ele>2806.1</ele></trkpt>
      <trkpt lat="39.07316" lon="-106.38941"><ele>2806.0</ele></trkpt>
      <trkpt lat="39.07304" lon="-106.38941"><ele>2806.0</ele></trkpt>
      <trkpt lat="39.07282" lon="-106.38929"><ele>2805.9</ele></trkpt>
      <trkpt lat="39.07271" lon="-106.38919"><ele>2805.8</ele></trkpt>
      <trkpt lat="39.07263" lon="-106.389"><ele>2805.7</ele></trkpt>
      <trkpt lat="39.07262" lon="-106.38882"><ele>2805.7</ele></trkpt>
      <trkpt lat="39.07257" lon="-106.3887"><ele>2805.6</ele></trkpt>
      <trkpt lat="39.07249" lon="-106.38859"><ele>2805.6</ele></trkpt>
      <trkpt lat="39.0723" lon="-106.38846"><ele>2805.5</ele></trkpt>
      <trkpt lat="39.07225" lon="-106.38848"><ele>2805.5</ele></trkpt>
      <trkpt lat="39.0722" lon="-106.38847"><ele>2805.5</ele></trkpt>
      <trkpt lat="39.07216" lon="-106.3884"><ele>2805.5</ele></trkpt>
      <trkpt lat="39.07211" lon="-106.38836"><ele>2805.5</ele></trkpt>
      <trkpt lat="39.07204" lon="-106.38829"><ele>2805.5</ele></trkpt>
      <trkpt lat="39.07204" lon="-106.38829"><ele>2805.5</ele></trkpt>
      <trkpt lat="39.072" lon="-106.38825"><ele>2805.5</ele></trkpt>
      <trkpt lat="39.07162" lon="-106.3881"><ele>2805.6</ele></trkpt>
      <trkpt lat="39.0713" lon="-106.388"><ele>2805.8</ele></trkpt>
      <trkpt lat="39.07114" lon="-106.38771"><ele>2806.0</ele></trkpt>
      <trkpt lat="39.07094" lon="-106.38744"><ele>2806.1</ele></trkpt>
      <trkpt lat="39.07065" lon="-106.38724"><ele>2806.7</ele></trkpt>
      <trkpt lat="39.07048" lon="-106.38701"><ele>2806.9</ele></trkpt>
      <trkpt lat="39.06995" lon="-106.38683"><ele>2807.2</ele></trkpt>
      <trkpt lat="39.06948" lon="-106.38649"><ele>2807.0</ele></trkpt>
      <trkpt lat="39.06901" lon="-106.38641"><ele>2807.4</ele></trkpt>
      <trkpt lat="39.0684" lon="-106.38641"><ele>2808.8</ele></trkpt>
      <trkpt lat="39.0677" lon="-106.38631"><ele>2811.6</ele></trkpt>
      <trkpt lat="39.06699" lon="-106.38622"><ele>2815.3</ele></trkpt>
      <trkpt lat="39.06661" lon="-106.38624"><ele>2816.7</ele></trkpt>
      <trkpt lat="39.06591" lon="-106.38624"><ele>2821.3</ele></trkpt>
      <trkpt lat="39.06522" lon="-106.38623"><ele>2829.8</ele></trkpt>
      <trkpt lat="39.06477" lon="-106.38622"><ele>2831.1</ele></trkpt>
      <trkpt lat="39.06432" lon="-106.3862"><ele>2837.6</ele></trkpt>
      <trkpt lat="39.06432" lon="-106.3862"><ele>2837.6</ele></trkpt>
      <trkpt lat="39.06398" lon="-106.38638"><ele>2839.9</ele></trkpt>
      <trkpt lat="39.06353" lon="-106.38643"><ele>2842.2</ele></trkpt>
      <trkpt lat="39.06305" lon="-106.38636"><ele>2850.7</ele></trkpt>
      <trkpt lat="39.06287" lon="-106.38659"><ele>2853.8</ele></trkpt>
      <trkpt lat="39.06262" lon="-106.38679"><ele>2859.1</ele></trkpt>
      <trkpt lat="39.06259" lon="-106.38686"><ele>2859.2</ele></trkpt>
      <trkpt lat="39.06259" lon="-106.38686"><ele>2859.2</ele></trkpt>
      <trkpt lat="39.0624" lon="-106.38727"><ele>2864.0</ele></trkpt>
      <trkpt lat="39.06197" lon="-106.38748"><ele>2876.0</ele></trkpt>
      <trkpt lat="39.06145" lon="-106.38759"><ele>2888.7</ele></trkpt>
      <trkpt lat="39.06107" lon="-106.38745"><ele>2902.9</ele></trkpt>
      <trkpt lat="39.06071" lon="-106.38756"><ele>2910.3</ele></trkpt>
      <trkpt lat="39.06035" lon="-106.3877"><ele>2919.5</ele></trkpt>
      <trkpt lat="39.06027" lon="-106.38776"><ele>2921.1</ele></trkpt>
      <trkpt lat="39.06031" lon="-106.38748"><ele>2925.7</ele></trkpt>
      <trkpt lat="39.06045" lon="-106.38715"><ele>2930.0</ele></trkpt>
      <trkpt lat="39.06038" lon="-106.38711"><ele>2934.5</ele></trkpt>
      <trkpt lat="39.06017" lon="-106.38727"><ele>2940.8</ele></trkpt>
      <trkpt lat="39.06004" lon="-106.38751"><ele>2939.6</ele></trkpt>
      <trkpt lat="39.05991" lon="-106.38765"><ele>2945.1</ele></trkpt>
      <trkpt lat="39.05991" lon="-106.38765"><ele>2945.1</ele></trkpt>
      <trkpt lat="39.05972" lon="-106.38786"><ele>2951.3</ele></trkpt>
      <trkpt lat="39.05946" lon="-106.38802"><ele>2958.0</ele></trkpt>
      <trkpt lat="39.0592" lon="-106.38838"><ele>2960.0</ele></trkpt>
      <trkpt lat="39.05884" lon="-106.38848"><ele>2967.2</ele></trkpt>
      <trkpt lat="39.05828" lon="-106.3886"><ele>2977.3</ele></trkpt>
      <trkpt lat="39.05739" lon="-106.38853"><ele>2991.3</ele></trkpt>
      <trkpt lat="39.05683" lon="-106.38853"><ele>2996.1</ele></trkpt>
      <trkpt lat="39.05635" lon="-106.38864"><ele>3002.8</ele></trkpt>
      <trkpt lat="39.05635" lon="-106.38864"><ele>3002.8</ele></trkpt>
      <trkpt lat="39.05589" lon="-106.38874"><ele>3011.2</ele></trkpt>
      <trkpt lat="39.05508" lon="-106.38866"><ele>3031.6</ele></trkpt>
      <trkpt lat="39.05437" lon="-106.38875"><ele>3043.9</ele></trkpt>
      <trkpt lat="39.05365" lon="-106.38885"><ele>3060.9</ele></trkpt>
      <trkpt lat="39.05314" lon="-106.389"><ele>3071.1</ele></trkpt>
      <trkpt lat="39.05263" lon="-106.38914"><ele>3082.8</ele></trkpt>
      <trkpt lat="39.05263" lon="-106.38914"><ele>3082.8</ele></trkpt>
      <trkpt lat="39.05213" lon="-106.38928"><ele>3093.7</ele></trkpt>
      <trkpt lat="39.05148" lon="-106.38954"><ele>3106.2</ele></trkpt>
      <trkpt lat="39.05083" lon="-106.3898"><ele>3116.8</ele></trkpt>
      <trkpt lat="39.05054" lon="-106.38982"><ele>3122.9</ele></trkpt>
      <trkpt lat="39.05016" lon="-106.39011"><ele>3126.8</ele></trkpt>
      <trkpt lat="39.04959" lon="-106.3903"><ele>3137.2</ele></trkpt>
      <trkpt lat="39.04918" lon="-106.39053"><ele>3146.4</ele></trkpt>
      <trkpt lat="39.049" lon="-106.39067"><ele>3150.2</ele></trkpt>
      <trkpt lat="39.04879" lon="-106.39071"><ele>3155.5</ele></trkpt>
      <trkpt lat="39.04863" lon="-106.39067"><ele>3158.9</ele></trkpt>
      <trkpt lat="39.04847" lon="-106.39055"><ele>3163.0</ele></trkpt>
      <trkpt lat="39.04819" lon="-106.39038"><ele>3170.6</ele></trkpt>
      <trkpt lat="39.04804" lon="-106.39023"><ele>3174.6</ele></trkpt>
      <trkpt lat="39.04779" lon="-106.39012"><ele>3181.4</ele></trkpt>
      <trkpt lat="39.04756" lon="-106.38992"><ele>3190.1</ele></trkpt>
      <trkpt lat="39.04756" lon="-106.38992"><ele>3190.1</ele></trkpt>
      <trkpt lat="39.04747" lon="-106.38984"><ele>3194.2</ele></trkpt>
      <trkpt lat="39.04718" lon="-106.38964"><ele>3205.4</ele></trkpt>
      <trkpt lat="39.04679" lon="-106.38954"><ele>3216.5</ele></trkpt>
      <trkpt lat="39.04651" lon="-106.38952"><ele>3225.1</ele></trkpt>
      <trkpt lat="39.0463" lon="-106.38953"><ele>3230.2</ele></trkpt>
      <trkpt lat="39.04612" lon="-106.38955"><ele>3235.3</ele></trkpt>
      <trkpt lat="39.04613" lon="-106.38967"><ele>3235.2</ele></trkpt>
      <trkpt lat="39.04625" lon="-106.38979"><ele>3235.5</ele></trkpt>
      <trkpt lat="39.04629" lon="-106.38992"><ele>3237.3</ele></trkpt>
      <trkpt lat="39.04624" lon="-106.39015"><ele>3241.5</ele></trkpt>
      <trkpt lat="39.04609" lon="-106.39039"><ele>3247.7</ele></trkpt>
      <trkpt lat="39.04589" lon="-106.39025"><ele>3255.1</ele></trkpt>
      <trkpt lat="39.04571" lon="-106.39025"><ele>3261.5</ele></trkpt>
      <trkpt lat="39.04552" lon="-106.39029"><ele>3269.6</ele></trkpt>
      <trkpt lat="39.04507" lon="-106.39023"><ele>3279.0</ele></trkpt>
      <trkpt lat="39.04436" lon="-106.38993"><ele>3288.1</ele></trkpt>
      <trkpt lat="39.04436" lon="-106.39002"><ele>3290.5</ele></trkpt>
      <trkpt lat="39.04444" lon="-106.39019"><ele>3294.2</ele></trkpt>
      <trkpt lat="39.04454" lon="-106.39044"><ele>3299.7</ele></trkpt>
      <trkpt lat="39.04451" lon="-106.39054"><ele>3303.4</ele></trkpt>
      <trkpt lat="39.04442" lon="-106.39047"><ele>3304.5</ele></trkpt>
      <trkpt lat="39.04415" lon="-106.39035"><ele>3307.7</ele></trkpt>
      <trkpt lat="39.04393" lon="-106.39036"><ele>3309.3</ele></trkpt>
      <trkpt lat="39.04358" lon="-106.39067"><ele>3317.7</ele></trkpt>
      <trkpt lat="39.04344" lon="-106.39078"><ele>3318.8</ele></trkpt>
      <trkpt lat="39.04331" lon="-106.39083"><ele>3319.3</ele></trkpt>
      <trkpt lat="39.04319" lon="-106.39084"><ele>3319.6</ele></trkpt>
      <trkpt lat="39.04299" lon="-106.3909"><ele>3320.8</ele></trkpt>
      <trkpt lat="39.04265" lon="-106.39115"><ele>3324.2</ele></trkpt>
      <trkpt lat="39.04192" lon="-106.39169"><ele>3332.2</ele></trkpt>
      <trkpt lat="39.04153" lon="-106.39181"><ele>3335.0</ele></trkpt>
      <trkpt lat="39.0412" lon="-106.39208"><ele>3338.0</ele></trkpt>
      <trkpt lat="39.0409" lon="-106.39228"><ele>3341.5</ele></trkpt>
      <trkpt lat="39.04051" lon="-106.39257"><ele>3346.5</ele></trkpt>
      <trkpt lat="39.03988" lon="-106.39307"><ele>3358.4</ele></trkpt>
      <trkpt lat="39.03946" lon="-106.3935"><ele>3368.6</ele></trkpt>
      <trkpt lat="39.03934" lon="-106.39381"><ele>3367.2</ele></trkpt>
      <trkpt lat="39.03921" lon="-106.39409"><ele>3368.7</ele></trkpt>
      <trkpt lat="39.03911" lon="-106.39441"><ele>3374.7</ele></trkpt>
      <trkpt lat="39.03858" lon="-106.39493"><ele>3383.1</ele></trkpt>
      <trkpt lat="39.03839" lon="-106.39517"><ele>3387.6</ele></trkpt>
      <trkpt lat="39.0383" lon="-106.39535"><ele>3390.2</ele></trkpt>
      <trkpt lat="39.03812" lon="-106.39593"><ele>3395.8</ele></trkpt>
      <trkpt lat="39.0377" lon="-106.39619"><ele>3402.3</ele></trkpt>
      <trkpt lat="39.0373" lon="-106.39628"><ele>3409.7</ele></trkpt>
      <trkpt lat="39.03691" lon="-106.3965"><ele>3417.3</ele></trkpt>
      <trkpt lat="39.03691" lon="-106.3965"><ele>3417.3</ele></trkpt>
      <trkpt lat="39.03672" lon="-106.39661"><ele>3418.3</ele></trkpt>
      <trkpt lat="39.03613" lon="-106.39689"><ele>3428.0</ele></trkpt>
      <trkpt lat="39.03571" lon="-106.39722"><ele>3432.9</ele></trkpt>
      <trkpt lat="39.03513" lon="-106.39751"><ele>3444.2</ele></trkpt>
      <trkpt lat="39.03501" lon="-106.3976"><ele>3446.0</ele></trkpt>
      <trkpt lat="39.03501" lon="-106.3976"><ele>3446.0</ele></trkpt>
      <trkpt lat="39.03461" lon="-106.39791"><ele>3452.7</ele></trkpt>
      <trkpt lat="39.03457" lon="-106.39789"><ele>3453.3</ele></trkpt>
      <trkpt lat="39.03457" lon="-106.39789"><ele>3453.3</ele></trkpt>
      <trkpt lat="39.03452" lon="-106.39786"><ele>3454.3</ele></trkpt>
      <trkpt lat="39.03449" lon="-106.39776"><ele>3456.5</ele></trkpt>
      <trkpt lat="39.03438" lon="-106.39769"><ele>3460.6</ele></trkpt>
      <trkpt lat="39.03422" lon="-106.39775"><ele>3463.7</ele></trkpt>
      <trkpt lat="39.03386" lon="-106.39809"><ele>3466.1</ele></trkpt>
      <trkpt lat="39.03342" lon="-106.39866"><ele>3475.1</ele></trkpt>
      <trkpt lat="39.03286" lon="-106.39912"><ele>3486.5</ele></trkpt>
      <trkpt lat="39.03233" lon="-106.39937"><ele>3497.8</ele></trkpt>
      <trkpt lat="39.03183" lon="-106.39957"><ele>3508.4</ele></trkpt>
      <trkpt lat="39.03129" lon="-106.39973"><ele>3519.3</ele></trkpt>
      <trkpt lat="39.0308" lon="-106.39986"><ele>3530.2</ele></trkpt>
      <trkpt lat="39.03059" lon="-106.39995"><ele>3537.2</ele></trkpt>
      <trkpt lat="39.03041" lon="-106.40009"><ele>3540.6</ele></trkpt>
      <trkpt lat="39.02982" lon="-106.40016"><ele>3551.2</ele></trkpt>
      <trkpt lat="39.02954" lon="-106.40028"><ele>3557.5</ele></trkpt>
      <trkpt lat="39.02924" lon="-106.40061"><ele>3564.1</ele></trkpt>
      <trkpt lat="39.02869" lon="-106.40104"><ele>3574.7</ele></trkpt>
      <trkpt lat="39.0284" lon="-106.40101"><ele>3581.9</ele></trkpt>
      <trkpt lat="39.02816" lon="-106.40104"><ele>3586.2</ele></trkpt>
      <trkpt lat="39.02804" lon="-106.40108"><ele>3588.7</ele></trkpt>
      <trkpt lat="39.02794" lon="-106.40121"><ele>3589.8</ele></trkpt>
      <trkpt lat="39.02789" lon="-106.40125"><ele>3590.4</ele></trkpt>
      <trkpt lat="39.02783" lon="-106.40132"><ele>3591.0</ele></trkpt>
      <trkpt lat="39.02764" lon="-106.40144"><ele>3594.5</ele></trkpt>
      <trkpt lat="39.02758" lon="-106.40153"><ele>3595.3</ele></trkpt>
      <trkpt lat="39.02748" lon="-106.40163"><ele>3597.0</ele></trkpt>
      <trkpt lat="39.02731" lon="-106.40178"><ele>3600.8</ele></trkpt>
      <trkpt lat="39.02718" lon="-106.40193"><ele>3603.4</ele></trkpt>
      <trkpt lat="39.027" lon="-106.40203"><ele>3607.7</ele></trkpt>
      <trkpt lat="39.02693" lon="-106.40211"><ele>3609.5</ele></trkpt>
      <trkpt lat="39.02683" lon="-106.40219"><ele>3611.6</ele></trkpt>
      <trkpt lat="39.02671" lon="-106.40222"><ele>3613.3</ele></trkpt>
      <trkpt lat="39.02655" lon="-106.40228"><ele>3615.2</ele></trkpt>
      <trkpt lat="39.02631" lon="-106.4023"><ele>3618.1</ele></trkpt>
      <trkpt lat="39.0262" lon="-106.40238"><ele>3619.7</ele></trkpt>
      <trkpt lat="39.02613" lon="-106.40241"><ele>3620.8</ele></trkpt>
      <trkpt lat="39.02604" lon="-106.40243"><ele>3622.3</ele></trkpt>
      <trkpt lat="39.026" lon="-106.40246"><ele>3622.9</ele></trkpt>
      <trkpt lat="39.0259" lon="-106.40246"><ele>3624.6</ele></trkpt>
      <trkpt lat="39.02574" lon="-106.40251"><ele>3627.0</ele></trkpt>
      <trkpt lat="39.02574" lon="-106.40255"><ele>3626.9</ele></trkpt>
      <trkpt lat="39.02571" lon="-106.40262"><ele>3627.1</ele></trkpt>
      <trkpt lat="39.02566" lon="-106.40265"><ele>3627.8</ele></trkpt>
      <trkpt lat="39.02555" lon="-106.40272"><ele>3629.7</ele></trkpt>
      <trkpt lat="39.02532" lon="-106.40272"><ele>3635.5</ele></trkpt>
      <trkpt lat="39.02523" lon="-106.40276"><ele>3637.6</ele></trkpt>
      <trkpt lat="39.02512" lon="-106.4028"><ele>3640.5</ele></trkpt>
      <trkpt lat="39.025" lon="-106.40289"><ele>3642.8</ele></trkpt>
      <trkpt lat="39.02486" lon="-106.40303"><ele>3644.4</ele></trkpt>
      <trkpt lat="39.02452" lon="-106.40353"><ele>3655.0</ele></trkpt>
      <trkpt lat="39.02452" lon="-106.40353"><ele>3655.0</ele></trkpt>
      <trkpt lat="39.0244" lon="-106.40362"><ele>3658.0</ele></trkpt>
      <trkpt lat="39.02431" lon="-106.40374"><ele>3659.0</ele></trkpt>
      <trkpt lat="39.02421" lon="-106.40383"><ele>3660.2</ele></trkpt>
      <trkpt lat="39.02408" lon="-106.4039"><ele>3662.3</ele></trkpt>
      <trkpt lat="39.02396" lon="-106.40389"><ele>3666.4</ele></trkpt>
      <trkpt lat="39.0239" lon="-106.40392"><ele>3667.7</ele></trkpt>
      <trkpt lat="39.02383" lon="-106.40413"><ele>3667.0</ele></trkpt>
      <trkpt lat="39.02373" lon="-106.4042"><ele>3670.3</ele></trkpt>
      <trkpt lat="39.02356" lon="-106.40452"><ele>3676.2</ele></trkpt>
      <trkpt lat="39.02354" lon="-106.40441"><ele>3678.2</ele></trkpt>
      <trkpt lat="39.02357" lon="-106.40424"><ele>3677.8</ele></trkpt>
      <trkpt lat="39.02353" lon="-106.40425"><ele>3679.9</ele></trkpt>
      <trkpt lat="39.02345" lon="-106.40436"><ele>3683.3</ele></trkpt>
      <trkpt lat="39.02324" lon="-106.40459"><ele>3690.9</ele></trkpt>
      <trkpt lat="39.02305" lon="-106.40467"><ele>3698.4</ele></trkpt>
      <trkpt lat="39.02281" lon="-106.40493"><ele>3702.0</ele></trkpt>
      <trkpt lat="39.02269" lon="-106.40511"><ele>3705.2</ele></trkpt>
      <trkpt lat="39.02265" lon="-106.40517"><ele>3706.3</ele></trkpt>
      <trkpt lat="39.0226" lon="-106.40523"><ele>3707.6</ele></trkpt>
      <trkpt lat="39.02252" lon="-106.40527"><ele>3710.9</ele></trkpt>
      <trkpt lat="39.02239" lon="-106.40535"><ele>3715.9</ele></trkpt>
      <trkpt lat="39.02232" lon="-106.40541"><ele>3718.1</ele></trkpt>
      <trkpt lat="39.02229" lon="-106.40547"><ele>3717.7</ele></trkpt>
      <trkpt lat="39.02224" lon="-106.40552"><ele>3718.6</ele></trkpt>
      <trkpt lat="39.02223" lon="-106.40549"><ele>3719.8</ele></trkpt>
      <trkpt lat="39.02225" lon="-106.40544"><ele>3720.3</ele></trkpt>
      <trkpt lat="39.0223" lon="-106.40522"><ele>3723.6</ele></trkpt>
      <trkpt lat="39.02239" lon="-106.40507"><ele>3722.5</ele></trkpt>
      <trkpt lat="39.02235" lon="-106.40504"><ele>3725.3</ele></trkpt>
      <trkpt lat="39.02219" lon="-106.40509"><ele>3731.2</ele></trkpt>
      <trkpt lat="39.02199" lon="-106.40518"><ele>3735.5</ele></trkpt>
      <trkpt lat="39.02181" lon="-106.40527"><ele>3739.6</ele></trkpt>
      <trkpt lat="39.02172" lon="-106.40528"><ele>3743.0</ele></trkpt>
      <trkpt lat="39.02163" lon="-106.40531"><ele>3745.9</ele></trkpt>
      <trkpt lat="39.02149" lon="-106.40545"><ele>3748.4</ele></trkpt>
      <trkpt lat="39.02147" lon="-106.40542"><ele>3749.7</ele></trkpt>
      <trkpt lat="39.02151" lon="-106.40534"><ele>3749.8</ele></trkpt>
      <trkpt lat="39.02154" lon="-106.40526"><ele>3750.2</ele></trkpt>
      <trkpt lat="39.02158" lon="-106.40518"><ele>3750.1</ele></trkpt>
      <trkpt lat="39.02162" lon="-106.40506"><ele>3751.5</ele></trkpt>
      <trkpt lat="39.02165" lon="-106.40499"><ele>3752.5</ele></trkpt>
      <trkpt lat="39.02175" lon="-106.40493"><ele>3751.0</ele></trkpt>
      <trkpt lat="39.0217" lon="-106.40491"><ele>3753.2</ele></trkpt>
      <trkpt lat="39.02158" lon="-106.40494"><ele>3756.3</ele></trkpt>
      <trkpt lat="39.02113" lon="-106.40499"><ele>3774.7</ele></trkpt>
      <trkpt lat="39.02091" lon="-106.40503"><ele>3780.7</ele></trkpt>
      <trkpt lat="39.02079" lon="-106.40509"><ele>3779.9</ele></trkpt>
      <trkpt lat="39.02075" lon="-106.40512"><ele>3780.0</ele></trkpt>
      <trkpt lat="39.02071" lon="-106.40521"><ele>3781.2</ele></trkpt>
      <trkpt lat="39.02066" lon="-106.40517"><ele>3784.2</ele></trkpt>
      <trkpt lat="39.0206" lon="-106.40503"><ele>3788.5</ele></trkpt>
      <trkpt lat="39.02059" lon="-106.40484"><ele>3793.0</ele></trkpt>
      <trkpt lat="39.02061" lon="-106.40475"><ele>3796.1</ele></trkpt>
      <trkpt lat="39.02052" lon="-106.40474"><ele>3799.6</ele></trkpt>
      <trkpt lat="39.02042" lon="-106.40478"><ele>3801.7</ele></trkpt>
      <trkpt lat="39.02033" lon="-106.40484"><ele>3803.6</ele></trkpt>
      <trkpt lat="39.02029" lon="-106.40488"><ele>3804.8</ele></trkpt>
      <trkpt lat="39.02017" lon="-106.40501"><ele>3808.8</ele></trkpt>
      <trkpt lat="39.02008" lon="-106.40505"><ele>3812.5</ele></trkpt>
      <trkpt lat="39.01998" lon="-106.40513"><ele>3815.9</ele></trkpt>
      <trkpt lat="39.01983" lon="-106.40511"><ele>3820.2</ele></trkpt>
      <trkpt lat="39.01971" lon="-106.40506"><ele>3821.2</ele></trkpt>
      <trkpt lat="39.01962" lon="-106.40499"><ele>3820.1</ele></trkpt>
      <trkpt lat="39.01935" lon="-106.40468"><ele>3819.2</ele></trkpt>
      <trkpt lat="39.01928" lon="-106.40459"><ele>3819.2</ele></trkpt>
      <trkpt lat="39.01884" lon="-106.40421"><ele>3811.3</ele></trkpt>
      <trkpt lat="39.01877" lon="-106.40417"><ele>3808.5</ele></trkpt>
      <trkpt lat="39.01874" lon="-106.40425"><ele>3804.2</ele></trkpt>
      <trkpt lat="39.01882" lon="-106.40474"><ele>3797.7</ele></trkpt>
      <trkpt lat="39.01882" lon="-106.4051"><ele>3793.6</ele></trkpt>
      <trkpt lat="39.01882" lon="-106.4051"><ele>3793.6</ele></trkpt>
      <trkpt lat="39.01882" lon="-106.40528"><ele>3792.2</ele></trkpt>
      <trkpt lat="39.01881" lon="-106.40543"><ele>3790.8</ele></trkpt>
      <trkpt lat="39.01869" lon="-106.40521"><ele>3788.0</ele></trkpt>
      <trkpt lat="39.01865" lon="-106.40506"><ele>3787.5</ele></trkpt>
      <trkpt lat="39.01865" lon="-106.40506"><ele>3787.5</ele></trkpt>
      <trkpt lat="39.01865" lon="-106.40504"><ele>3787.7</ele></trkpt>
      <trkpt lat="39.01859" lon="-106.40501"><ele>3785.6</ele></trkpt>
      <trkpt lat="39.01858" lon="-106.40506"><ele>3784.9</ele></trkpt>
      <trkpt lat="39.01859" lon="-106.40519"><ele>3784.6</ele></trkpt>
      <trkpt lat="39.01857" lon="-106.40531"><ele>3783.2</ele></trkpt>
      <trkpt lat="39.01857" lon="-106.40549"><ele>3782.1</ele></trkpt>
      <trkpt lat="39.01852" lon="-106.4056"><ele>3779.6</ele></trkpt>
      <trkpt lat="39.01842" lon="-106.40538"><ele>3776.9</ele></trkpt>
      <trkpt lat="39.01828" lon="-106.40515"><ele>3772.9</ele></trkpt>
      <trkpt lat="39.01828" lon="-106.40515"><ele>3772.9</ele></trkpt>
      <trkpt lat="39.01809" lon="-106.40484"><ele>3767.2</ele></trkpt>
      <trkpt lat="39.01776" lon="-106.40444"><ele>3757.2</ele></trkpt>
      <trkpt lat="39.01756" lon="-106.40428"><ele>3750.6</ele></trkpt>
      <trkpt lat="39.0175" lon="-106.40416"><ele>3749.6</ele></trkpt>
      <trkpt lat="39.01741" lon="-106.40402"><ele>3747.0</ele></trkpt>
      <trkpt lat="39.01739" lon="-106.40392"><ele>3747.1</ele></trkpt>
      <trkpt lat="39.0173" lon="-106.40387"><ele>3743.0</ele></trkpt>
      <trkpt lat="39.01723" lon="-106.40384"><ele>3741.2</ele></trkpt>
      <trkpt lat="39.01717" lon="-106.4038"><ele>3740.8</ele></trkpt>
      <trkpt lat="39.01711" lon="-106.40372"><ele>3741.9</ele></trkpt>
      <trkpt lat="39.01711" lon="-106.40372"><ele>3741.9</ele></trkpt>
      <trkpt lat="39.01708" lon="-106.40369"><ele>3741.9</ele></trkpt>
      <trkpt lat="39.01686" lon="-106.40364"><ele>3737.3</ele></trkpt>
      <trkpt lat="39.01662" lon="-106.40358"><ele>3735.2</ele></trkpt>
      <trkpt lat="39.0164" lon="-106.40358"><ele>3729.6</ele></trkpt>
      <trkpt lat="39.01636" lon="-106.40355"><ele>3729.4</ele></trkpt>
      <trkpt lat="39.01631" lon="-106.40354"><ele>3728.3</ele></trkpt>
      <trkpt lat="39.01627" lon="-106.40356"><ele>3726.6</ele></trkpt>
      <trkpt lat="39.0162" lon="-106.40357"><ele>3724.4</ele></trkpt>
      <trkpt lat="39.01608" lon="-106.40344"><ele>3723.8</ele></trkpt>
      <trkpt lat="39.01598" lon="-106.40337"><ele>3721.5</ele></trkpt>
      <trkpt lat="39.01575" lon="-106.40325"><ele>3716.1</ele></trkpt>
      <trkpt lat="39.01568" lon="-106.40324"><ele>3714.1</ele></trkpt>
      <trkpt lat="39.01552" lon="-106.40318"><ele>3710.5</ele></trkpt>
      <trkpt lat="39.01539" lon="-106.40309"><ele>3707.3</ele></trkpt>
      <trkpt lat="39.01535" lon="-106.40311"><ele>3704.4</ele></trkpt>
      <trkpt lat="39.01541" lon="-106.40333"><ele>3700.9</ele></trkpt>
      <trkpt lat="39.01551" lon="-106.40362"><ele>3694.7</ele></trkpt>
      <trkpt lat="39.0156" lon="-106.40381"><ele>3689.5</ele></trkpt>
      <trkpt lat="39.01566" lon="-106.40391"><ele>3687.5</ele></trkpt>
      <trkpt lat="39.01581" lon="-106.40412"><ele>3688.1</ele></trkpt>
      <trkpt lat="39.01581" lon="-106.40412"><ele>3688.1</ele></trkpt>
      <trkpt lat="39.01583" lon="-106.40415"><ele>3687.7</ele></trkpt>
      <trkpt lat="39.0158" lon="-106.40416"><ele>3685.1</ele></trkpt>
      <trkpt lat="39.01571" lon="-106.40411"><ele>3682.2</ele></trkpt>
      <trkpt lat="39.01565" lon="-106.40404"><ele>3681.8</ele></trkpt>
      <trkpt lat="39.01565" lon="-106.40404"><ele>3681.8</ele></trkpt>
      <trkpt lat="39.01544" lon="-106.40394"><ele>3679.7</ele></trkpt>
      <trkpt lat="39.01533" lon="-106.40392"><ele>3677.5</ele></trkpt>
      <trkpt lat="39.01533" lon="-106.40392"><ele>3677.5</ele></trkpt>
      <trkpt lat="39.01522" lon="-106.40388"><ele>3674.8</ele></trkpt>
      <trkpt lat="39.01516" lon="-106.40382"><ele>3674.2</ele></trkpt>
      <trkpt lat="39.01513" lon="-106.40378"><ele>3674.0</ele></trkpt>
      <trkpt lat="39.01513" lon="-106.40384"><ele>3672.0</ele></trkpt>
      <trkpt lat="39.01521" lon="-106.40419"><ele>3661.0</ele></trkpt>
      <trkpt lat="39.01521" lon="-106.40419"><ele>3661.0</ele></trkpt>
      <trkpt lat="39.01527" lon="-106.40436"><ele>3654.4</ele></trkpt>
      <trkpt lat="39.01527" lon="-106.4044"><ele>3652.5</ele></trkpt>
      <trkpt lat="39.01521" lon="-106.40439"><ele>3650.7</ele></trkpt>
      <trkpt lat="39.01514" lon="-106.40434"><ele>3650.4</ele></trkpt>
      <trkpt lat="39.01503" lon="-106.40417"><ele>3655.0</ele></trkpt>
      <trkpt lat="39.01496" lon="-106.4041"><ele>3654.8</ele></trkpt>
      <trkpt lat="39.01487" lon="-106.404"><ele>3653.2</ele></trkpt>
      <trkpt lat="39.01482" lon="-106.4039"><ele>3652.8</ele></trkpt>
      <trkpt lat="39.01482" lon="-106.4039"><ele>3652.8</ele></trkpt>
      <trkpt lat="39.01478" lon="-106.40383"><ele>3652.0</ele></trkpt>
      <trkpt lat="39.01457" lon="-106.40361"><ele>3642.1</ele></trkpt>
      <trkpt lat="39.0145" lon="-106.40351"><ele>3638.4</ele></trkpt>
      <trkpt lat="39.01443" lon="-106.40337"><ele>3637.3</ele></trkpt>
      <trkpt lat="39.01436" lon="-106.40326"><ele>3635.5</ele></trkpt>
      <trkpt lat="39.01431" lon="-106.4036"><ele>3623.1</ele></trkpt>
      <trkpt lat="39.01428" lon="-106.40373"><ele>3620.0</ele></trkpt>
      <trkpt lat="39.01426" lon="-106.40384"><ele>3617.8</ele></trkpt>
      <trkpt lat="39.01426" lon="-106.40384"><ele>3617.8</ele></trkpt>
      <trkpt lat="39.01421" lon="-106.40412"><ele>3610.8</ele></trkpt>
      <trkpt lat="39.01415" lon="-106.40428"><ele>3606.0</ele></trkpt>
      <trkpt lat="39.01408" lon="-106.40435"><ele>3602.5</ele></trkpt>
      <trkpt lat="39.01399" lon="-106.4044"><ele>3598.9</ele></trkpt>
      <trkpt lat="39.01389" lon="-106.40443"><ele>3595.2</ele></trkpt>
      <trkpt lat="39.01372" lon="-106.40443"><ele>3591.0</ele></trkpt>
      <trkpt lat="39.01363" lon="-106.40447"><ele>3589.5</ele></trkpt>
      <trkpt lat="39.01346" lon="-106.40448"><ele>3586.7</ele></trkpt>
      <trkpt lat="39.01339" lon="-106.4044"><ele>3585.9</ele></trkpt>
      <trkpt lat="39.01333" lon="-106.40413"><ele>3584.5</ele></trkpt>
      <trkpt lat="39.01324" lon="-106.40398"><ele>3583.1</ele></trkpt>
      <trkpt lat="39.01314" lon="-106.40384"><ele>3582.5</ele></trkpt>
      <trkpt lat="39.01309" lon="-106.40373"><ele>3582.3</ele></trkpt>
      <trkpt lat="39.01306" lon="-106.4037"><ele>3581.5</ele></trkpt>
      <trkpt lat="39.01302" lon="-106.40362"><ele>3580.6</ele></trkpt>
      <trkpt lat="39.01298" lon="-106.40358"><ele>3579.4</ele></trkpt>
      <trkpt lat="39.01293" lon="-106.40356"><ele>3577.3</ele></trkpt>
      <trkpt lat="39.01286" lon="-106.40347"><ele>3575.6</ele></trkpt>
      <trkpt lat="39.01285" lon="-106.40349"><ele>3574.7</ele></trkpt>
      <trkpt lat="39.01286" lon="-106.40364"><ele>3573.2</ele></trkpt>
      <trkpt lat="39.01285" lon="-106.40374"><ele>3572.4</ele></trkpt>
      <trkpt lat="39.01283" lon="-106.40378"><ele>3571.3</ele></trkpt>
      <trkpt lat="39.0128" lon="-106.40369"><ele>3570.3</ele></trkpt>
      <trkpt lat="39.01273" lon="-106.40367"><ele>3567.1</ele></trkpt>
      <trkpt lat="39.01267" lon="-106.40357"><ele>3565.7</ele></trkpt>
      <trkpt lat="39.01262" lon="-106.40349"><ele>3565.1</ele></trkpt>
      <trkpt lat="39.01253" lon="-106.4034"><ele>3563.2</ele></trkpt>
      <trkpt lat="39.01249" lon="-106.40334"><ele>3562.6</ele></trkpt>
      <trkpt lat="39.01244" lon="-106.40324"><ele>3561.5</ele></trkpt>
      <trkpt lat="39.01235" lon="-106.4032"><ele>3557.7</ele></trkpt>
      <trkpt lat="39.01229" lon="-106.40312"><ele>3555.3</ele></trkpt>
      <trkpt lat="39.01223" lon="-106.40309"><ele>3553.0</ele></trkpt>
      <trkpt lat="39.0122" lon="-106.40311"><ele>3551.9</ele></trkpt>
      <trkpt lat="39.01219" lon="-106.40316"><ele>3551.5</ele></trkpt>
      <trkpt lat="39.01219" lon="-106.40324"><ele>3551.3</ele></trkpt>
      <trkpt lat="39.01214" lon="-106.40351"><ele>3546.2</ele></trkpt>
      <trkpt lat="39.01214" lon="-106.40367"><ele>3544.6</ele></trkpt>
      <trkpt lat="39.01207" lon="-106.40385"><ele>3541.4</ele></trkpt>
      <trkpt lat="39.01201" lon="-106.40391"><ele>3539.0</ele></trkpt>
      <trkpt lat="39.01196" lon="-106.40399"><ele>3537.1</ele></trkpt>
      <trkpt lat="39.01193" lon="-106.40408"><ele>3535.9</ele></trkpt>
      <trkpt lat="39.01185" lon="-106.40411"><ele>3533.3</ele></trkpt>
      <trkpt lat="39.01175" lon="-106.40421"><ele>3530.0</ele></trkpt>
      <trkpt lat="39.0117" lon="-106.40415"><ele>3528.7</ele></trkpt>
      <trkpt lat="39.01163" lon="-106.4041"><ele>3526.8</ele></trkpt>
      <trkpt lat="39.01159" lon="-106.40402"><ele>3525.8</ele></trkpt>
      <trkpt lat="39.01153" lon="-106.40397"><ele>3524.1</ele></trkpt>
      <trkpt lat="39.01149" lon="-106.40385"><ele>3523.2</ele></trkpt>
      <trkpt lat="39.01141" lon="-106.40381"><ele>3521.0</ele></trkpt>
      <trkpt lat="39.01128" lon="-106.40366"><ele>3518.2</ele></trkpt>
      <trkpt lat="39.01107" lon="-106.40327"><ele>3513.2</ele></trkpt>
      <trkpt lat="39.01095" lon="-106.40311"><ele>3511.8</ele></trkpt>
      <trkpt lat="39.01088" lon="-106.40287"><ele>3510.4</ele></trkpt>
      <trkpt lat="39.01078" lon="-106.4026"><ele>3506.0</ele></trkpt>
      <trkpt lat="39.01069" lon="-106.40253"><ele>3503.8</ele></trkpt>
      <trkpt lat="39.01065" lon="-106.40267"><ele>3502.0</ele></trkpt>
      <trkpt lat="39.01051" lon="-106.40277"><ele>3499.0</ele></trkpt>
      <trkpt lat="39.01037" lon="-106.40294"><ele>3493.1</ele></trkpt>
      <trkpt lat="39.0103" lon="-106.40298"><ele>3490.8</ele></trkpt>
      <trkpt lat="39.01027" lon="-106.4029"><ele>3490.7</ele></trkpt>
      <trkpt lat="39.01018" lon="-106.40278"><ele>3488.9</ele></trkpt>
      <trkpt lat="39.01004" lon="-106.40245"><ele>3482.7</ele></trkpt>
      <trkpt lat="39.00989" lon="-106.40228"><ele>3481.3</ele></trkpt>
      <trkpt lat="39.0098" lon="-106.40224"><ele>3480.0</ele></trkpt>
      <trkpt lat="39.00977" lon="-106.40229"><ele>3478.1</ele></trkpt>
      <trkpt lat="39.0098" lon="-106.40238"><ele>3477.6</ele></trkpt>
      <trkpt lat="39.00981" lon="-106.40246"><ele>3477.7</ele></trkpt>
      <trkpt lat="39.00967" lon="-106.40264"><ele>3474.1</ele></trkpt>
      <trkpt lat="39.00966" lon="-106.4027"><ele>3473.7</ele></trkpt>
      <trkpt lat="39.00968" lon="-106.40276"><ele>3474.4</ele></trkpt>
      <trkpt lat="39.00974" lon="-106.40286"><ele>3476.2</ele></trkpt>
      <trkpt lat="39.00974" lon="-106.40286"><ele>3476.2</ele></trkpt>
      <trkpt lat="39.00988" lon="-106.40312"><ele>3473.4</ele></trkpt>
      <trkpt lat="39.00996" lon="-106.40333"><ele>3466.0</ele></trkpt>
      <trkpt lat="39.00996" lon="-106.40351"><ele>3457.8</ele></trkpt>
      <trkpt lat="39.00993" lon="-106.40365"><ele>3452.2</ele></trkpt>
      <trkpt lat="39.00982" lon="-106.40377"><ele>3443.6</ele></trkpt>
      <trkpt lat="39.00969" lon="-106.40387"><ele>3441.9</ele></trkpt>
      <trkpt lat="39.00901" lon="-106.40407"><ele>3433.1</ele></trkpt>
      <trkpt lat="39.00882" lon="-106.40403"><ele>3426.1</ele></trkpt>
      <trkpt lat="39.00832" lon="-106.40431"><ele>3430.4</ele></trkpt>
      <trkpt lat="39.00818" lon="-106.40433"><ele>3431.6</ele></trkpt>
      <trkpt lat="39.00803" lon="-106.4042"><ele>3426.7</ele></trkpt>
      <trkpt lat="39.00793" lon="-106.40422"><ele>3423.6</ele></trkpt>
      <trkpt lat="39.00776" lon="-106.40457"><ele>3417.7</ele></trkpt>
      <trkpt lat="39.00755" lon="-106.40458"><ele>3405.3</ele></trkpt>
      <trkpt lat="39.00743" lon="-106.40453"><ele>3398.7</ele></trkpt>
      <trkpt lat="39.00729" lon="-106.40448"><ele>3392.8</ele></trkpt>
      <trkpt lat="39.00712" lon="-106.40434"><ele>3385.6</ele></trkpt>
      <trkpt lat="39.00691" lon="-106.40407"><ele>3374.9</ele></trkpt>
      <trkpt lat="39.00689" lon="-106.40391"><ele>3369.7</ele></trkpt>
      <trkpt lat="39.00647" lon="-106.40338"><ele>3357.7</ele></trkpt>
      <trkpt lat="39.00634" lon="-106.4033"><ele>3355.4</ele></trkpt>
      <trkpt lat="39.00623" lon="-106.40325"><ele>3354.1</ele></trkpt>
      <trkpt lat="39.00577" lon="-106.40317"><ele>3340.6</ele></trkpt>
      <trkpt lat="39.00555" lon="-106.40316"><ele>3334.3</ele></trkpt>
      <trkpt lat="39.00533" lon="-106.40313"><ele>3327.4</ele></trkpt>
      <trkpt lat="39.00503" lon="-106.40303"><ele>3317.1</ele></trkpt>
      <trkpt lat="39.00491" lon="-106.40293"><ele>3311.3</ele></trkpt>
      <trkpt lat="39.00472" lon="-106.40281"><ele>3304.5</ele></trkpt>
      <trkpt lat="39.00466" lon="-106.4028"><ele>3304.0</ele></trkpt>
      <trkpt lat="39.00445" lon="-106.40291"><ele>3304.9</ele></trkpt>
      <trkpt lat="39.00429" lon="-106.40294"><ele>3298.8</ele></trkpt>
      <trkpt lat="39.00413" lon="-106.40279"><ele>3289.9</ele></trkpt>
      <trkpt lat="39.00396" lon="-106.40267"><ele>3282.9</ele></trkpt>
      <trkpt lat="39.0039" lon="-106.40274"><ele>3280.6</ele></trkpt>
      <trkpt lat="39.0038" lon="-106.40291"><ele>3270.5</ele></trkpt>
      <trkpt lat="39.00359" lon="-106.40294"><ele>3269.5</ele></trkpt>
      <trkpt lat="39.00331" lon="-106.40292"><ele>3263.3</ele></trkpt>
      <trkpt lat="39.00306" lon="-106.403"><ele>3260.1</ele></trkpt>
      <trkpt lat="39.00276" lon="-106.40296"><ele>3247.0</ele></trkpt>
      <trkpt lat="39.00233" lon="-106.40307"><ele>3239.5</ele></trkpt>
      <trkpt lat="39.00216" lon="-106.40313"><ele>3235.9</ele></trkpt>
      <trkpt lat="39.00179" lon="-106.40302"><ele>3227.6</ele></trkpt>
      <trkpt lat="39.00156" lon="-106.40289"><ele>3220.4</ele></trkpt>
      <trkpt lat="39.00152" lon="-106.40278"><ele>3216.0</ele></trkpt>
      <trkpt lat="39.00165" lon="-106.40273"><ele>3215.5</ele></trkpt>
      <trkpt lat="39.00167" lon="-106.40265"><ele>3212.8</ele></trkpt>
      <trkpt lat="39.00131" lon="-106.40228"><ele>3195.6</ele></trkpt>
      <trkpt lat="39.00104" lon="-106.40216"><ele>3187.8</ele></trkpt>
      <trkpt lat="39.00048" lon="-106.40167"><ele>3157.3</ele></trkpt>
      <trkpt lat="39.00025" lon="-106.40157"><ele>3145.4</ele></trkpt>
      <trkpt lat="39.00007" lon="-106.40156"><ele>3137.4</ele></trkpt>
      <trkpt lat="38.99985" lon="-106.40164"><ele>3131.0</ele></trkpt>
      <trkpt lat="38.99971" lon="-106.40174"><ele>3127.3</ele></trkpt>
      <trkpt lat="38.99958" lon="-106.40201"><ele>3126.3</ele></trkpt>
      <trkpt lat="38.99942" lon="-106.40228"><ele>3118.8</ele></trkpt>
      <trkpt lat="38.9992" lon="-106.40248"><ele>3108.6</ele></trkpt>
      <trkpt lat="38.99913" lon="-106.40264"><ele>3105.3</ele></trkpt>
      <trkpt lat="38.99871" lon="-106.40304"><ele>3084.9</ele></trkpt>
      <trkpt lat="38.99829" lon="-106.40345"><ele>3074.4</ele></trkpt>
      <trkpt lat="38.9982" lon="-106.40385"><ele>3075.2</ele></trkpt>
      <trkpt lat="38.99812" lon="-106.40473"><ele>3080.7</ele></trkpt>
      <trkpt lat="38.99803" lon="-106.40501"><ele>3080.7</ele></trkpt>
      <trkpt lat="38.99802" lon="-106.40528"><ele>3082.5</ele></trkpt>
      <trkpt lat="38.99788" lon="-106.40554"><ele>3081.5</ele></trkpt>
      <trkpt lat="38.99771" lon="-106.40603"><ele>3083.3</ele></trkpt>
      <trkpt lat="38.99729" lon="-106.40675"><ele>3081.7</ele></trkpt>
      <trkpt lat="38.99729" lon="-106.40675"><ele>3081.7</ele></trkpt>
      <trkpt lat="38.997" lon="-106.40725"><ele>3085.5</ele></trkpt>
      <trkpt lat="38.99671" lon="-106.40775"><ele>3085.6</ele></trkpt>
      <trkpt lat="38.99644" lon="-106.40864"><ele>3084.6</ele></trkpt>
      <trkpt lat="38.99636" lon="-106.40923"><ele>3082.6</ele></trkpt>
      <trkpt lat="38.99627" lon="-106.40982"><ele>3082.9</ele></trkpt>
      <trkpt lat="38.99599" lon="-106.41013"><ele>3078.9</ele></trkpt>
      <trkpt lat="38.99594" lon="-106.41042"><ele>3081.2</ele></trkpt>
      <trkpt lat="38.99555" lon="-106.41123"><ele>3082.4</ele></trkpt>
      <trkpt lat="38.99522" lon="-106.41165"><ele>3081.6</ele></trkpt>
      <trkpt lat="38.99491" lon="-106.4119"><ele>3079.5</ele></trkpt>
      <trkpt lat="38.99431" lon="-106.41245"><ele>3079.7</ele></trkpt>
      <trkpt lat="38.99372" lon="-106.413"><ele>3081.1</ele></trkpt>
      <trkpt lat="38.99353" lon="-106.41321"><ele>3081.1</ele></trkpt>
      <trkpt lat="38.99353" lon="-106.41321"><ele>3081.1</ele></trkpt>
      <trkpt lat="38.99325" lon="-106.41351"><ele>3082.1</ele></trkpt>
      <trkpt lat="38.99287" lon="-106.41431"><ele>3086.0</ele></trkpt>
      <trkpt lat="38.99258" lon="-106.41467"><ele>3086.6</ele></trkpt>
      <trkpt lat="38.99216" lon="-106.41499"><ele>3085.9</ele></trkpt>
      <trkpt lat="38.99203" lon="-106.4153"><ele>3088.2</ele></trkpt>
      <trkpt lat="38.99161" lon="-106.41573"><ele>3088.6</ele></trkpt>
      <trkpt lat="38.9915" lon="-106.416"><ele>3090.1</ele></trkpt>
      <trkpt lat="38.99141" lon="-106.41636"><ele>3093.0</ele></trkpt>
      <trkpt lat="38.99116" lon="-106.41643"><ele>3090.2</ele></trkpt>
      <trkpt lat="38.99101" lon="-106.41665"><ele>3091.3</ele></trkpt>
      <trkpt lat="38.99092" lon="-106.41706"><ele>3092.1</ele></trkpt>
      <trkpt lat="38.9909" lon="-106.41756"><ele>3089.1</ele></trkpt>
      <trkpt lat="38.99087" lon="-106.4178"><ele>3090.8</ele></trkpt>
      <trkpt lat="38.99078" lon="-106.418"><ele>3091.0</ele></trkpt>
      <trkpt lat="38.99083" lon="-106.41817"><ele>3093.9</ele></trkpt>
      <trkpt lat="38.99083" lon="-106.41829"><ele>3094.7</ele></trkpt>
      <trkpt lat="38.99075" lon="-106.41849"><ele>3094.8</ele></trkpt>
      <trkpt lat="38.99074" lon="-106.41869"><ele>3097.6</ele></trkpt>
      <trkpt lat="38.99069" lon="-106.41893"><ele>3098.2</ele></trkpt>
      <trkpt lat="38.99074" lon="-106.41935"><ele>3099.9</ele></trkpt>
      <trkpt lat="38.99067" lon="-106.41979"><ele>3099.1</ele></trkpt>
      <trkpt lat="38.99067" lon="-106.42027"><ele>3099.1</ele></trkpt>
      <trkpt lat="38.99049" lon="-106.4208"><ele>3093.4</ele></trkpt>
      <trkpt lat="38.99041" lon="-106.42111"><ele>3094.2</ele></trkpt>
      <trkpt lat="38.99049" lon="-106.42154"><ele>3097.4</ele></trkpt>
      <trkpt lat="38.99043" lon="-106.42217"><ele>3097.0</ele></trkpt>
      <trkpt lat="38.99027" lon="-106.42267"><ele>3095.1</ele></trkpt>
      <trkpt lat="38.99031" lon="-106.42322"><ele>3096.3</ele></trkpt>
      <trkpt lat="38.9903" lon="-106.42392"><ele>3095.5</ele></trkpt>
      <trkpt lat="38.99032" lon="-106.42448"><ele>3096.4</ele></trkpt>
      <trkpt lat="38.99046" lon="-106.42483"><ele>3099.3</ele></trkpt>
      <trkpt lat="38.99072" lon="-106.42521"><ele>3106.4</ele></trkpt>
      <trkpt lat="38.99089" lon="-106.42585"><ele>3111.3</ele></trkpt>
      <trkpt lat="38.99109" lon="-106.42616"><ele>3116.4</ele></trkpt>
      <trkpt lat="38.99116" lon="-106.42647"><ele>3124.4</ele></trkpt>
      <trkpt lat="38.99112" lon="-106.42679"><ele>3126.5</ele></trkpt>
      <trkpt lat="38.99094" lon="-106.42786"><ele>3135.2</ele></trkpt>
      <trkpt lat="38.99102" lon="-106.42826"><ele>3145.2</ele></trkpt>
      <trkpt lat="38.99105" lon="-106.42836"><ele>3147.7</ele></trkpt>
      <trkpt lat="38.99098" lon="-106.4289"><ele>3147.8</ele></trkpt>
      <trkpt lat="38.99085" lon="-106.42942"><ele>3152.4</ele></trkpt>
      <trkpt lat="38.99061" lon="-106.43033"><ele>3161.3</ele></trkpt>
      <trkpt lat="38.99058" lon="-106.43082"><ele>3166.3</ele></trkpt>
      <trkpt lat="38.99062" lon="-106.43112"><ele>3171.1</ele></trkpt>
      <trkpt lat="38.99075" lon="-106.43138"><ele>3174.9</ele></trkpt>
      <trkpt lat="38.9908" lon="-106.43158"><ele>3176.1</ele></trkpt>
      <trkpt lat="38.99072" lon="-106.4319"><ele>3179.0</ele></trkpt>
      <trkpt lat="38.99055" lon="-106.43232"><ele>3177.9</ele></trkpt>
      <trkpt lat="38.99039" lon="-106.43328"><ele>3180.7</ele></trkpt>
      <trkpt lat="38.99018" lon="-106.43366"><ele>3183.4</ele></trkpt>
      <trkpt lat="38.98978" lon="-106.43412"><ele>3188.1</ele></trkpt>
      <trkpt lat="38.98974" lon="-106.43432"><ele>3191.4</ele></trkpt>
      <trkpt lat="38.98965" lon="-106.43446"><ele>3190.2</ele></trkpt>
      <trkpt lat="38.98964" lon="-106.43475"><ele>3192.5</ele></trkpt>
      <trkpt lat="38.98966" lon="-106.43497"><ele>3194.2</ele></trkpt>
      <trkpt lat="38.98973" lon="-106.43513"><ele>3197.0</ele></trkpt>
      <trkpt lat="38.98965" lon="-106.43559"><ele>3191.9</ele></trkpt>
      <trkpt lat="38.98947" lon="-106.43624"><ele>3194.4</ele></trkpt>
      <trkpt lat="38.98929" lon="-106.43689"><ele>3196.7</ele></trkpt>
      <trkpt lat="38.98922" lon="-106.43703"><ele>3195.1</ele></trkpt>
      <trkpt lat="38.98917" lon="-106.43756"><ele>3199.9</ele></trkpt>
      <trkpt lat="38.98907" lon="-106.43798"><ele>3199.0</ele></trkpt>
      <trkpt lat="38.9889" lon="-106.43835"><ele>3194.0</ele></trkpt>
      <trkpt lat="38.98875" lon="-106.43872"><ele>3192.9</ele></trkpt>
      <trkpt lat="38.98854" lon="-106.43895"><ele>3191.7</ele></trkpt>
      <trkpt lat="38.98838" lon="-106.43921"><ele>3191.7</ele></trkpt>
      <trkpt lat="38.98834" lon="-106.43958"><ele>3194.3</ele></trkpt>
      <trkpt lat="38.98838" lon="-106.43993"><ele>3195.5</ele></trkpt>
      <trkpt lat="38.98844" lon="-106.44022"><ele>3195.2</ele></trkpt>
      <trkpt lat="38.98843" lon="-106.4403"><ele>3194.2</ele></trkpt>
      <trkpt lat="38.98844" lon="-106.44036"><ele>3193.9</ele></trkpt>
      <trkpt lat="38.98857" lon="-106.44044"><ele>3196.9</ele></trkpt>
      <trkpt lat="38.98857" lon="-106.44158"><ele>3204.7</ele></trkpt>
      <trkpt lat="38.98855" lon="-106.44221"><ele>3207.2</ele></trkpt>
      <trkpt lat="38.9886" lon="-106.44286"><ele>3210.2</ele></trkpt>
      <trkpt lat="38.98866" lon="-106.44335"><ele>3212.1</ele></trkpt>
      <trkpt lat="38.9887" lon="-106.44361"><ele>3214.5</ele></trkpt>
      <trkpt lat="38.98876" lon="-106.44469"><ele>3219.2</ele></trkpt>
      <trkpt lat="38.98869" lon="-106.44498"><ele>3214.7</ele></trkpt>
      <trkpt lat="38.98863" lon="-106.445"><ele>3212.4</ele></trkpt>
      <trkpt lat="38.98859" lon="-106.44508"><ele>3212.3</ele></trkpt>
      <trkpt lat="38.98858" lon="-106.44523"><ele>3214.4</ele></trkpt>
      <trkpt lat="38.98859" lon="-106.44606"><ele>3216.9</ele></trkpt>
      <trkpt lat="38.98857" lon="-106.44641"><ele>3213.7</ele></trkpt>
      <trkpt lat="38.98849" lon="-106.44679"><ele>3211.3</ele></trkpt>
      <trkpt lat="38.98812" lon="-106.44735"><ele>3203.7</ele></trkpt>
      <trkpt lat="38.98808" lon="-106.44744"><ele>3203.6</ele></trkpt>
      <trkpt lat="38.98808" lon="-106.44744"><ele>3203.6</ele></trkpt>
      <trkpt lat="38.98782" lon="-106.44803"><ele>3201.0</ele></trkpt>
      <trkpt lat="38.98756" lon="-106.44863"><ele>3194.3</ele></trkpt>
      <trkpt lat="38.98735" lon="-106.44917"><ele>3187.4</ele></trkpt>
      <trkpt lat="38.98723" lon="-106.45008"><ele>3187.1</ele></trkpt>
      <trkpt lat="38.98705" lon="-106.45065"><ele>3182.2</ele></trkpt>
      <trkpt lat="38.98699" lon="-106.45107"><ele>3180.9</ele></trkpt>
      <trkpt lat="38.98698" lon="-106.45134"><ele>3180.7</ele></trkpt>
      <trkpt lat="38.98687" lon="-106.45143"><ele>3179.2</ele></trkpt>
      <trkpt lat="38.98628" lon="-106.4515"><ele>3171.5</ele></trkpt>
      <trkpt lat="38.98629" lon="-106.45139"><ele>3171.5</ele></trkpt>
      <trkpt lat="38.98629" lon="-106.45078"><ele>3169.3</ele></trkpt>
      <trkpt lat="38.98636" lon="-106.45041"><ele>3168.8</ele></trkpt>
      <trkpt lat="38.98639" lon="-106.45019"><ele>3168.9</ele></trkpt>
      <trkpt lat="38.98641" lon="-106.44988"><ele>3168.3</ele></trkpt>
      <trkpt lat="38.98642" lon="-106.44959"><ele>3167.9</ele></trkpt>
      <trkpt lat="38.98641" lon="-106.44944"><ele>3167.3</ele></trkpt>
      <trkpt lat="38.98638" lon="-106.44928"><ele>3166.0</ele></trkpt>
      <trkpt lat="38.98621" lon="-106.4484"><ele>3159.8</ele></trkpt>
      <trkpt lat="38.9862" lon="-106.44798"><ele>3159.3</ele></trkpt>
      <trkpt lat="38.98633" lon="-106.44711"><ele>3159.7</ele></trkpt>
      <trkpt lat="38.98634" lon="-106.44663"><ele>3158.3</ele></trkpt>
      <trkpt lat="38.9865" lon="-106.44569"><ele>3154.7</ele></trkpt>
      <trkpt lat="38.98643" lon="-106.44456"><ele>3143.5</ele></trkpt>
      <trkpt lat="38.98638" lon="-106.4444"><ele>3140.6</ele></trkpt>
      <trkpt lat="38.98635" lon="-106.44424"><ele>3137.9</ele></trkpt>
      <trkpt lat="38.98637" lon="-106.44413"><ele>3136.9</ele></trkpt>
      <trkpt lat="38.98654" lon="-106.44381"><ele>3136.8</ele></trkpt>
      <trkpt lat="38.98655" lon="-106.44361"><ele>3135.4</ele></trkpt>
      <trkpt lat="38.98634" lon="-106.44313"><ele>3131.7</ele></trkpt>
      <trkpt lat="38.98627" lon="-106.44288"><ele>3130.6</ele></trkpt>
      <trkpt lat="38.98626" lon="-106.44265"><ele>3130.9</ele></trkpt>
      <trkpt lat="38.98618" lon="-106.44244"><ele>3130.7</ele></trkpt>
      <trkpt lat="38.98607" lon="-106.44216"><ele>3130.4</ele></trkpt>
      <trkpt lat="38.98562" lon="-106.44165"><ele>3127.4</ele></trkpt>
      <trkpt lat="38.98515" lon="-106.4416"><ele>3125.0</ele></trkpt>
      <trkpt lat="38.98512" lon="-106.44157"><ele>3124.9</ele></trkpt>
      <trkpt lat="38.98505" lon="-106.44121"><ele>3125.1</ele></trkpt>
      <trkpt lat="38.98488" lon="-106.44127"><ele>3123.9</ele></trkpt>
      <trkpt lat="38.9847" lon="-106.4413"><ele>3122.6</ele></trkpt>
      <trkpt lat="38.98398" lon="-106.4413"><ele>3118.5</ele></trkpt>
      <trkpt lat="38.9833" lon="-106.44132"><ele>3119.8</ele></trkpt>
      <trkpt lat="38.98329" lon="-106.44114"><ele>3119.5</ele></trkpt>
      <trkpt lat="38.98335" lon="-106.44083"><ele>3118.5</ele></trkpt>
      <trkpt lat="38.98333" lon="-106.44065"><ele>3118.6</ele></trkpt>
      <trkpt lat="38.98331" lon="-106.44041"><ele>3118.6</ele></trkpt>
      <trkpt lat="38.9833" lon="-106.44032"><ele>3118.7</ele></trkpt>
      <trkpt lat="38.9833" lon="-106.44032"><ele>3118.7</ele></trkpt>
      <trkpt lat="38.98329" lon="-106.4401"><ele>3118.8</ele></trkpt>
      <trkpt lat="38.98329" lon="-106.4401"><ele>3118.8</ele></trkpt>
      <trkpt lat="38.98333" lon="-106.44065"><ele>3118.6</ele></trkpt>
      <trkpt lat="38.98335" lon="-106.44083"><ele>3118.5</ele></trkpt>
      <trkpt lat="38.98329" lon="-106.44114"><ele>3119.5</ele></trkpt>
      <trkpt lat="38.9833" lon="-106.44132"><ele>3119.8</ele></trkpt>
      <trkpt lat="38.98398" lon="-106.4413"><ele>3118.5</ele></trkpt>
      <trkpt lat="38.9847" lon="-106.4413"><ele>3122.6</ele></trkpt>
      <trkpt lat="38.98488" lon="-106.44127"><ele>3123.9</ele></trkpt>
      <trkpt lat="38.98505" lon="-106.44121"><ele>3125.1</ele></trkpt>
      <trkpt lat="38.98512" lon="-106.44157"><ele>3124.9</ele></trkpt>
      <trkpt lat="38.98515" lon="-106.4416"><ele>3125.0</ele></trkpt>
      <trkpt lat="38.98562" lon="-106.44165"><ele>3127.4</ele></trkpt>
      <trkpt lat="38.98607" lon="-106.44216"><ele>3130.4</ele></trkpt>
      <trkpt lat="38.98618" lon="-106.44244"><ele>3130.7</ele></trkpt>
      <trkpt lat="38.98626" lon="-106.44265"><ele>3130.9</ele></trkpt>
      <trkpt lat="38.98627" lon="-106.44288"><ele>3130.6</ele></trkpt>
      <trkpt lat="38.98634" lon="-106.44313"><ele>3131.7</ele></trkpt>
      <trkpt lat="38.98655" lon="-106.44361"><ele>3135.4</ele></trkpt>
      <trkpt lat="38.98654" lon="-106.44381"><ele>3136.8</ele></trkpt>
      <trkpt lat="38.98637" lon="-106.44413"><ele>3136.9</ele></trkpt>
      <trkpt lat="38.98635" lon="-106.44424"><ele>3137.9</ele></trkpt>
      <trkpt lat="38.98638" lon="-106.4444"><ele>3140.6</ele></trkpt>
      <trkpt lat="38.98643" lon="-106.44456"><ele>3143.5</ele></trkpt>
      <trkpt lat="38.9865" lon="-106.44569"><ele>3154.7</ele></trkpt>
      <trkpt lat="38.98636" lon="-106.44651"><ele>3157.8</ele></trkpt>
      <trkpt lat="38.98636" lon="-106.44651"><ele>3157.8</ele></trkpt>
      <trkpt lat="38.98634" lon="-106.44663"><ele>3158.3</ele></trkpt>
      <trkpt lat="38.98633" lon="-106.44711"><ele>3159.7</ele></trkpt>
      <trkpt lat="38.9862" lon="-106.44798"><ele>3159.3</ele></trkpt>
      <trkpt lat="38.98621" lon="-106.4484"><ele>3159.8</ele></trkpt>
      <trkpt lat="38.98638" lon="-106.44928"><ele>3166.0</ele></trkpt>
      <trkpt lat="38.98641" lon="-106.44944"><ele>3167.3</ele></trkpt>
      <trkpt lat="38.98642" lon="-106.44959"><ele>3167.9</ele></trkpt>
      <trkpt lat="38.98641" lon="-106.44988"><ele>3168.3</ele></trkpt>
      <trkpt lat="38.98639" lon="-106.45019"><ele>3168.9</ele></trkpt>
      <trkpt lat="38.98636" lon="-106.45041"><ele>3168.8</ele></trkpt>
      <trkpt lat="38.98629" lon="-106.45078"><ele>3169.3</ele></trkpt>
      <trkpt lat="38.98629" lon="-106.45139"><ele>3171.5</ele></trkpt>
      <trkpt lat="38.98628" lon="-106.4515"><ele>3171.5</ele></trkpt>
      <trkpt lat="38.98687" lon="-106.45143"><ele>3179.2</ele></trkpt>
      <trkpt lat="38.98698" lon="-106.45134"><ele>3180.7</ele></trkpt>
      <trkpt lat="38.98699" lon="-106.45107"><ele>3180.9</ele></trkpt>
      <trkpt lat="38.98705" lon="-106.45065"><ele>3182.2</ele></trkpt>
      <trkpt lat="38.98723" lon="-106.45008"><ele>3187.1</ele></trkpt>
      <trkpt lat="38.98735" lon="-106.44917"><ele>3187.4</ele></trkpt>
      <trkpt lat="38.98756" lon="-106.44863"><ele>3194.3</ele></trkpt>
      <trkpt lat="38.98784" lon="-106.44799"><ele>3201.4</ele></trkpt>
      <trkpt lat="38.98812" lon="-106.44735"><ele>3203.7</ele></trkpt>
      <trkpt lat="38.98849" lon="-106.44679"><ele>3211.3</ele></trkpt>
      <trkpt lat="38.98857" lon="-106.44641"><ele>3213.7</ele></trkpt>
      <trkpt lat="38.98859" lon="-106.44606"><ele>3216.9</ele></trkpt>
      <trkpt lat="38.98858" lon="-106.44523"><ele>3214.4</ele></trkpt>
      <trkpt lat="38.98859" lon="-106.44508"><ele>3212.3</ele></trkpt>
      <trkpt lat="38.98863" lon="-106.445"><ele>3212.4</ele></trkpt>
      <trkpt lat="38.98869" lon="-106.44498"><ele>3214.7</ele></trkpt>
      <trkpt lat="38.98876" lon="-106.44469"><ele>3219.2</ele></trkpt>
      <trkpt lat="38.9887" lon="-106.44361"><ele>3214.5</ele></trkpt>
      <trkpt lat="38.98866" lon="-106.44335"><ele>3212.1</ele></trkpt>
      <trkpt lat="38.9886" lon="-106.44286"><ele>3210.2</ele></trkpt>
      <trkpt lat="38.98855" lon="-106.44221"><ele>3207.2</ele></trkpt>
      <trkpt lat="38.98857" lon="-106.44158"><ele>3204.7</ele></trkpt>
      <trkpt lat="38.98857" lon="-106.44044"><ele>3196.9</ele></trkpt>
      <trkpt lat="38.98844" lon="-106.44036"><ele>3193.9</ele></trkpt>
      <trkpt lat="38.98843" lon="-106.4403"><ele>3194.2</ele></trkpt>
      <trkpt lat="38.98844" lon="-106.44022"><ele>3195.2</ele></trkpt>
      <trkpt lat="38.98838" lon="-106.43993"><ele>3195.5</ele></trkpt>
      <trkpt lat="38.98834" lon="-106.43958"><ele>3194.3</ele></trkpt>
      <trkpt lat="38.98838" lon="-106.43921"><ele>3191.7</ele></trkpt>
      <trkpt lat="38.98854" lon="-106.43895"><ele>3191.7</ele></trkpt>
      <trkpt lat="38.98875" lon="-106.43872"><ele>3192.9</ele></trkpt>
      <trkpt lat="38.9889" lon="-106.43835"><ele>3194.0</ele></trkpt>
      <trkpt lat="38.98907" lon="-106.43798"><ele>3199.0</ele></trkpt>
      <trkpt lat="38.98917" lon="-106.43756"><ele>3199.9</ele></trkpt>
      <trkpt lat="38.98922" lon="-106.43703"><ele>3195.1</ele></trkpt>
      <trkpt lat="38.98929" lon="-106.43689"><ele>3196.7</ele></trkpt>
      <trkpt lat="38.98946" lon="-106.43626"><ele>3194.3</ele></trkpt>
      <trkpt lat="38.98964" lon="-106.43564"><ele>3191.8</ele></trkpt>
      <trkpt lat="38.98964" lon="-106.43564"><ele>3191.8</ele></trkpt>
      <trkpt lat="38.98965" lon="-106.43559"><ele>3191.9</ele></trkpt>
      <trkpt lat="38.98973" lon="-106.43513"><ele>3197.0</ele></trkpt>
      <trkpt lat="38.98966" lon="-106.43497"><ele>3194.2</ele></trkpt>
      <trkpt lat="38.98964" lon="-106.43475"><ele>3192.5</ele></trkpt>
      <trkpt lat="38.98965" lon="-106.43446"><ele>3190.2</ele></trkpt>
      <trkpt lat="38.98974" lon="-106.43432"><ele>3191.4</ele></trkpt>
      <trkpt lat="38.98978" lon="-106.43412"><ele>3188.1</ele></trkpt>
      <trkpt lat="38.99018" lon="-106.43366"><ele>3183.4</ele></trkpt>
      <trkpt lat="38.99039" lon="-106.43328"><ele>3180.7</ele></trkpt>
      <trkpt lat="38.99055" lon="-106.43232"><ele>3177.9</ele></trkpt>
      <trkpt lat="38.99072" lon="-106.4319"><ele>3179.0</ele></trkpt>
      <trkpt lat="38.9908" lon="-106.43158"><ele>3176.1</ele></trkpt>
      <trkpt lat="38.99075" lon="-106.43138"><ele>3174.9</ele></trkpt>
      <trkpt lat="38.99062" lon="-106.43112"><ele>3171.1</ele></trkpt>
      <trkpt lat="38.99058" lon="-106.43082"><ele>3166.3</ele></trkpt>
      <trkpt lat="38.99061" lon="-106.43033"><ele>3161.3</ele></trkpt>
      <trkpt lat="38.99085" lon="-106.42942"><ele>3152.4</ele></trkpt>
      <trkpt lat="38.99098" lon="-106.4289"><ele>3147.8</ele></trkpt>
      <trkpt lat="38.99105" lon="-106.42836"><ele>3147.7</ele></trkpt>
      <trkpt lat="38.99094" lon="-106.42786"><ele>3135.2</ele></trkpt>
      <trkpt lat="38.99112" lon="-106.42679"><ele>3126.5</ele></trkpt>
      <trkpt lat="38.99116" lon="-106.42647"><ele>3124.4</ele></trkpt>
      <trkpt lat="38.99109" lon="-106.42616"><ele>3116.4</ele></trkpt>
      <trkpt lat="38.99089" lon="-106.42585"><ele>3111.3</ele></trkpt>
      <trkpt lat="38.99072" lon="-106.42521"><ele>3106.4</ele></trkpt>
      <trkpt lat="38.99046" lon="-106.42483"><ele>3099.3</ele></trkpt>
      <trkpt lat="38.99032" lon="-106.42448"><ele>3096.4</ele></trkpt>
      <trkpt lat="38.9903" lon="-106.42392"><ele>3095.5</ele></trkpt>
      <trkpt lat="38.99031" lon="-106.42322"><ele>3096.3</ele></trkpt>
      <trkpt lat="38.99027" lon="-106.42279"><ele>3095.3</ele></trkpt>
      <trkpt lat="38.99027" lon="-106.42279"><ele>3095.3</ele></trkpt>
      <trkpt lat="38.99027" lon="-106.42267"><ele>3095.1</ele></trkpt>
      <trkpt lat="38.99043" lon="-106.42217"><ele>3097.0</ele></trkpt>
      <trkpt lat="38.99049" lon="-106.42154"><ele>3097.4</ele></trkpt>
      <trkpt lat="38.99041" lon="-106.42111"><ele>3094.2</ele></trkpt>
      <trkpt lat="38.99049" lon="-106.4208"><ele>3093.4</ele></trkpt>
      <trkpt lat="38.99067" lon="-106.42027"><ele>3099.1</ele></trkpt>
      <trkpt lat="38.99067" lon="-106.41979"><ele>3099.1</ele></trkpt>
      <trkpt lat="38.99074" lon="-106.41935"><ele>3099.9</ele></trkpt>
      <trkpt lat="38.99069" lon="-106.41893"><ele>3098.2</ele></trkpt>
      <trkpt lat="38.99074" lon="-106.41869"><ele>3097.6</ele></trkpt>
      <trkpt lat="38.99075" lon="-106.41849"><ele>3094.8</ele></trkpt>
      <trkpt lat="38.99083" lon="-106.41829"><ele>3094.7</ele></trkpt>
      <trkpt lat="38.99083" lon="-106.41817"><ele>3093.9</ele></trkpt>
      <trkpt lat="38.99078" lon="-106.418"><ele>3091.0</ele></trkpt>
      <trkpt lat="38.99087" lon="-106.4178"><ele>3090.8</ele></trkpt>
      <trkpt lat="38.9909" lon="-106.41756"><ele>3089.1</ele></trkpt>
      <trkpt lat="38.99092" lon="-106.41706"><ele>3092.1</ele></trkpt>
      <trkpt lat="38.99101" lon="-106.41665"><ele>3091.3</ele></trkpt>
      <trkpt lat="38.99116" lon="-106.41643"><ele>3090.2</ele></trkpt>
      <trkpt lat="38.99141" lon="-106.41636"><ele>3093.0</ele></trkpt>
      <trkpt lat="38.9915" lon="-106.416"><ele>3090.1</ele></trkpt>
      <trkpt lat="38.99161" lon="-106.41573"><ele>3088.6</ele></trkpt>
      <trkpt lat="38.99203" lon="-106.4153"><ele>3088.2</ele></trkpt>
      <trkpt lat="38.99216" lon="-106.41499"><ele>3085.9</ele></trkpt>
      <trkpt lat="38.99258" lon="-106.41467"><ele>3086.6</ele></trkpt>
      <trkpt lat="38.99287" lon="-106.41431"><ele>3086.0</ele></trkpt>
      <trkpt lat="38.99325" lon="-106.41351"><ele>3082.1</ele></trkpt>
      <trkpt lat="38.99353" lon="-106.41321"><ele>3081.1</ele></trkpt>
      <trkpt lat="38.99353" lon="-106.41321"><ele>3081.1</ele></trkpt>
      <trkpt lat="38.99372" lon="-106.413"><ele>3081.1</ele></trkpt>
      <trkpt lat="38.99396" lon="-106.41278"><ele>3080.6</ele></trkpt>
      <trkpt lat="38.99396" lon="-106.41278"><ele>3080.6</ele></trkpt>
      <trkpt lat="38.99443" lon="-106.41234"><ele>3079.7</ele></trkpt>
      <trkpt lat="38.99491" lon="-106.4119"><ele>3079.5</ele></trkpt>
      <trkpt lat="38.99522" lon="-106.41165"><ele>3081.6</ele></trkpt>
      <trkpt lat="38.99555" lon="-106.41123"><ele>3082.4</ele></trkpt>
      <trkpt lat="38.99594" lon="-106.41042"><ele>3081.2</ele></trkpt>
      <trkpt lat="38.99599" lon="-106.41013"><ele>3078.9</ele></trkpt>
      <trkpt lat="38.99627" lon="-106.40982"><ele>3082.9</ele></trkpt>
      <trkpt lat="38.99636" lon="-106.40923"><ele>3082.6</ele></trkpt>
      <trkpt lat="38.99644" lon="-106.40864"><ele>3084.6</ele></trkpt>
      <trkpt lat="38.99671" lon="-106.40775"><ele>3085.6</ele></trkpt>
      <trkpt lat="38.99721" lon="-106.40689"><ele>3082.1</ele></trkpt>
      <trkpt lat="38.99771" lon="-106.40603"><ele>3083.3</ele></trkpt>
      <trkpt lat="38.99788" lon="-106.40554"><ele>3081.5</ele></trkpt>
      <trkpt lat="38.99802" lon="-106.40528"><ele>3082.5</ele></trkpt>
      <trkpt lat="38.99803" lon="-106.40501"><ele>3080.7</ele></trkpt>
      <trkpt lat="38.99812" lon="-106.40473"><ele>3080.7</ele></trkpt>
      <trkpt lat="38.9982" lon="-106.40385"><ele>3075.2</ele></trkpt>
      <trkpt lat="38.99824" lon="-106.40369"><ele>3075.3</ele></trkpt>
      <trkpt lat="38.99824" lon="-106.40369"><ele>3075.3</ele></trkpt>
      <trkpt lat="38.99829" lon="-106.40345"><ele>3074.4</ele></trkpt>
      <trkpt lat="38.99871" lon="-106.40304"><ele>3084.9</ele></trkpt>
      <trkpt lat="38.99913" lon="-106.40264"><ele>3105.3</ele></trkpt>
      <trkpt lat="38.9992" lon="-106.40248"><ele>3108.6</ele></trkpt>
      <trkpt lat="38.99942" lon="-106.40228"><ele>3118.8</ele></trkpt>
      <trkpt lat="38.99958" lon="-106.40201"><ele>3126.3</ele></trkpt>
      <trkpt lat="38.99971" lon="-106.40174"><ele>3127.3</ele></trkpt>
      <trkpt lat="38.99985" lon="-106.40164"><ele>3131.0</ele></trkpt>
      <trkpt lat="39.00007" lon="-106.40156"><ele>3137.4</ele></trkpt>
      <trkpt lat="39.00025" lon="-106.40157"><ele>3145.4</ele></trkpt>
      <trkpt lat="39.00048" lon="-106.40167"><ele>3157.3</ele></trkpt>
      <trkpt lat="39.00104" lon="-106.40216"><ele>3187.8</ele></trkpt>
      <trkpt lat="39.00131" lon="-106.40228"><ele>3195.6</ele></trkpt>
      <trkpt lat="39.00167" lon="-106.40265"><ele>3212.8</ele></trkpt>
      <trkpt lat="39.00165" lon="-106.40273"><ele>3215.5</ele></trkpt>
      <trkpt lat="39.00152" lon="-106.40278"><ele>3216.0</ele></trkpt>
      <trkpt lat="39.00156" lon="-106.40289"><ele>3220.4</ele></trkpt>
      <trkpt lat="39.00179" lon="-106.40302"><ele>3227.6</ele></trkpt>
      <trkpt lat="39.00216" lon="-106.40313"><ele>3235.9</ele></trkpt>
      <trkpt lat="39.00233" lon="-106.40307"><ele>3239.5</ele></trkpt>
      <trkpt lat="39.00276" lon="-106.40296"><ele>3247.0</ele></trkpt>
      <trkpt lat="39.00306" lon="-106.403"><ele>3260.1</ele></trkpt>
      <trkpt lat="39.00331" lon="-106.40292"><ele>3263.3</ele></trkpt>
      <trkpt lat="39.00359" lon="-106.40294"><ele>3269.5</ele></trkpt>
      <trkpt lat="39.0038" lon="-106.40291"><ele>3270.5</ele></trkpt>
      <trkpt lat="39.0039" lon="-106.40274"><ele>3280.6</ele></trkpt>
      <trkpt lat="39.00396" lon="-106.40267"><ele>3282.9</ele></trkpt>
      <trkpt lat="39.00413" lon="-106.40279"><ele>3289.9</ele></trkpt>
      <trkpt lat="39.00429" lon="-106.40294"><ele>3298.8</ele></trkpt>
      <trkpt lat="39.00445" lon="-106.40291"><ele>3304.9</ele></trkpt>
      <trkpt lat="39.00466" lon="-106.4028"><ele>3304.0</ele></trkpt>
      <trkpt lat="39.00472" lon="-106.40281"><ele>3304.5</ele></trkpt>
      <trkpt lat="39.00491" lon="-106.40293"><ele>3311.3</ele></trkpt>
      <trkpt lat="39.00503" lon="-106.40303"><ele>3317.1</ele></trkpt>
      <trkpt lat="39.00533" lon="-106.40313"><ele>3327.4</ele></trkpt>
      <trkpt lat="39.00555" lon="-106.40316"><ele>3334.3</ele></trkpt>
      <trkpt lat="39.00565" lon="-106.40316"><ele>3336.2</ele></trkpt>
      <trkpt lat="39.00565" lon="-106.40316"><ele>3336.2</ele></trkpt>
      <trkpt lat="39.00577" lon="-106.40317"><ele>3340.6</ele></trkpt>
      <trkpt lat="39.00623" lon="-106.40325"><ele>3354.1</ele></trkpt>
      <trkpt lat="39.00634" lon="-106.4033"><ele>3355.4</ele></trkpt>
      <trkpt lat="39.00647" lon="-106.40338"><ele>3357.7</ele></trkpt>
      <trkpt lat="39.00689" lon="-106.40391"><ele>3369.7</ele></trkpt>
      <trkpt lat="39.00691" lon="-106.40407"><ele>3374.9</ele></trkpt>
      <trkpt lat="39.00712" lon="-106.40434"><ele>3385.6</ele></trkpt>
      <trkpt lat="39.00729" lon="-106.40448"><ele>3392.8</ele></trkpt>
      <trkpt lat="39.00743" lon="-106.40453"><ele>3398.7</ele></trkpt>
      <trkpt lat="39.00755" lon="-106.40458"><ele>3405.3</ele></trkpt>
      <trkpt lat="39.00776" lon="-106.40457"><ele>3417.7</ele></trkpt>
      <trkpt lat="39.00793" lon="-106.40422"><ele>3423.6</ele></trkpt>
      <trkpt lat="39.00803" lon="-106.4042"><ele>3426.7</ele></trkpt>
      <trkpt lat="39.00818" lon="-106.40433"><ele>3431.6</ele></trkpt>
      <trkpt lat="39.00832" lon="-106.40431"><ele>3430.4</ele></trkpt>
      <trkpt lat="39.00882" lon="-106.40403"><ele>3426.1</ele></trkpt>
      <trkpt lat="39.00901" lon="-106.40407"><ele>3433.1</ele></trkpt>
      <trkpt lat="39.00969" lon="-106.40387"><ele>3441.9</ele></trkpt>
      <trkpt lat="39.00982" lon="-106.40377"><ele>3443.6</ele></trkpt>
      <trkpt lat="39.00993" lon="-106.40365"><ele>3452.2</ele></trkpt>
      <trkpt lat="39.00996" lon="-106.40351"><ele>3457.8</ele></trkpt>
      <trkpt lat="39.00996" lon="-106.40333"><ele>3466.0</ele></trkpt>
      <trkpt lat="39.00988" lon="-106.40312"><ele>3473.4</ele></trkpt>
      <trkpt lat="39.00968" lon="-106.40276"><ele>3474.4</ele></trkpt>
      <trkpt lat="39.00966" lon="-106.4027"><ele>3473.7</ele></trkpt>
      <trkpt lat="39.00967" lon="-106.40264"><ele>3474.1</ele></trkpt>
      <trkpt lat="39.00981" lon="-106.40246"><ele>3477.7</ele></trkpt>
      <trkpt lat="39.0098" lon="-106.40238"><ele>3477.6</ele></trkpt>
      <trkpt lat="39.00977" lon="-106.40229"><ele>3478.1</ele></trkpt>
      <trkpt lat="39.0098" lon="-106.40224"><ele>3480.0</ele></trkpt>
      <trkpt lat="39.00989" lon="-106.40228"><ele>3481.3</ele></trkpt>
      <trkpt lat="39.01004" lon="-106.40245"><ele>3482.7</ele></trkpt>
      <trkpt lat="39.01018" lon="-106.40278"><ele>3488.9</ele></trkpt>
      <trkpt lat="39.01022" lon="-106.40284"><ele>3489.8</ele></trkpt>
      <trkpt lat="39.01022" lon="-106.40284"><ele>3489.8</ele></trkpt>
      <trkpt lat="39.01027" lon="-106.4029"><ele>3490.7</ele></trkpt>
      <trkpt lat="39.0103" lon="-106.40298"><ele>3490.8</ele></trkpt>
      <trkpt lat="39.01037" lon="-106.40294"><ele>3493.1</ele></trkpt>
      <trkpt lat="39.01051" lon="-106.40277"><ele>3499.0</ele></trkpt>
      <trkpt lat="39.01065" lon="-106.40267"><ele>3502.0</ele></trkpt>
      <trkpt lat="39.01069" lon="-106.40253"><ele>3503.8</ele></trkpt>
      <trkpt lat="39.01078" lon="-106.4026"><ele>3506.0</ele></trkpt>
      <trkpt lat="39.01088" lon="-106.40287"><ele>3510.4</ele></trkpt>
      <trkpt lat="39.01095" lon="-106.40311"><ele>3511.8</ele></trkpt>
      <trkpt lat="39.01107" lon="-106.40327"><ele>3513.2</ele></trkpt>
      <trkpt lat="39.01128" lon="-106.40366"><ele>3518.2</ele></trkpt>
      <trkpt lat="39.01141" lon="-106.40381"><ele>3521.0</ele></trkpt>
      <trkpt lat="39.01149" lon="-106.40385"><ele>3523.2</ele></trkpt>
      <trkpt lat="39.01153" lon="-106.40397"><ele>3524.1</ele></trkpt>
      <trkpt lat="39.01159" lon="-106.40402"><ele>3525.8</ele></trkpt>
      <trkpt lat="39.01163" lon="-106.4041"><ele>3526.8</ele></trkpt>
      <trkpt lat="39.0117" lon="-106.40415"><ele>3528.7</ele></trkpt>
      <trkpt lat="39.01175" lon="-106.40421"><ele>3530.0</ele></trkpt>
      <trkpt lat="39.01185" lon="-106.40411"><ele>3533.3</ele></trkpt>
      <trkpt lat="39.01193" lon="-106.40408"><ele>3535.9</ele></trkpt>
      <trkpt lat="39.01196" lon="-106.40399"><ele>3537.1</ele></trkpt>
      <trkpt lat="39.01201" lon="-106.40391"><ele>3539.0</ele></trkpt>
      <trkpt lat="39.01207" lon="-106.40385"><ele>3541.4</ele></trkpt>
      <trkpt lat="39.01214" lon="-106.40367"><ele>3544.6</ele></trkpt>
      <trkpt lat="39.01214" lon="-106.40358"><ele>3545.3</ele></trkpt>
      <trkpt lat="39.01214" lon="-106.40358"><ele>3545.3</ele></trkpt>
      <trkpt lat="39.01214" lon="-106.40351"><ele>3546.2</ele></trkpt>
      <trkpt lat="39.01219" lon="-106.40324"><ele>3551.3</ele></trkpt>
      <trkpt lat="39.01219" lon="-106.40316"><ele>3551.5</ele></trkpt>
      <trkpt lat="39.0122" lon="-106.40311"><ele>3551.9</ele></trkpt>
      <trkpt lat="39.01223" lon="-106.40309"><ele>3553.0</ele></trkpt>
      <trkpt lat="39.01229" lon="-106.40312"><ele>3555.3</ele></trkpt>
      <trkpt lat="39.01235" lon="-106.4032"><ele>3557.7</ele></trkpt>
      <trkpt lat="39.01244" lon="-106.40324"><ele>3561.5</ele></trkpt>
      <trkpt lat="39.01249" lon="-106.40334"><ele>3562.6</ele></trkpt>
      <trkpt lat="39.01253" lon="-106.4034"><ele>3563.2</ele></trkpt>
      <trkpt lat="39.01262" lon="-106.40349"><ele>3565.1</ele></trkpt>
      <trkpt lat="39.01267" lon="-106.40357"><ele>3565.7</ele></trkpt>
      <trkpt lat="39.01273" lon="-106.40367"><ele>3567.1</ele></trkpt>
      <trkpt lat="39.0128" lon="-106.40369"><ele>3570.3</ele></trkpt>
      <trkpt lat="39.01283" lon="-106.40378"><ele>3571.3</ele></trkpt>
      <trkpt lat="39.01285" lon="-106.40374"><ele>3572.4</ele></trkpt>
      <trkpt lat="39.01286" lon="-106.40364"><ele>3573.2</ele></trkpt>
      <trkpt lat="39.01285" lon="-106.40349"><ele>3574.7</ele></trkpt>
      <trkpt lat="39.01286" lon="-106.40347"><ele>3575.6</ele></trkpt>
      <trkpt lat="39.01293" lon="-106.40356"><ele>3577.3</ele></trkpt>
      <trkpt lat="39.01298" lon="-106.40358"><ele>3579.4</ele></trkpt>
      <trkpt lat="39.01302" lon="-106.40362"><ele>3580.6</ele></trkpt>
      <trkpt lat="39.01306" lon="-106.4037"><ele>3581.5</ele></trkpt>
      <trkpt lat="39.01309" lon="-106.40373"><ele>3582.3</ele></trkpt>
      <trkpt lat="39.01314" lon="-106.40384"><ele>3582.5</ele></trkpt>
      <trkpt lat="39.01324" lon="-106.40398"><ele>3583.1</ele></trkpt>
      <trkpt lat="39.01333" lon="-106.40413"><ele>3584.5</ele></trkpt>
      <trkpt lat="39.01339" lon="-106.4044"><ele>3585.9</ele></trkpt>
      <trkpt lat="39.01346" lon="-106.40448"><ele>3586.7</ele></trkpt>
      <trkpt lat="39.01363" lon="-106.40447"><ele>3589.5</ele></trkpt>
      <trkpt lat="39.01372" lon="-106.40443"><ele>3591.0</ele></trkpt>
      <trkpt lat="39.01389" lon="-106.40443"><ele>3595.2</ele></trkpt>
      <trkpt lat="39.01399" lon="-106.4044"><ele>3598.9</ele></trkpt>
      <trkpt lat="39.01399" lon="-106.4044"><ele>3598.9</ele></trkpt>
      <trkpt lat="39.01408" lon="-106.40435"><ele>3602.5</ele></trkpt>
      <trkpt lat="39.01415" lon="-106.40428"><ele>3606.0</ele></trkpt>
      <trkpt lat="39.01421" lon="-106.40412"><ele>3610.8</ele></trkpt>
      <trkpt lat="39.01428" lon="-106.40373"><ele>3620.0</ele></trkpt>
      <trkpt lat="39.01431" lon="-106.4036"><ele>3623.1</ele></trkpt>
      <trkpt lat="39.01436" lon="-106.40326"><ele>3635.5</ele></trkpt>
      <trkpt lat="39.01443" lon="-106.40337"><ele>3637.3</ele></trkpt>
      <trkpt lat="39.0145" lon="-106.40351"><ele>3638.4</ele></trkpt>
      <trkpt lat="39.01457" lon="-106.40361"><ele>3642.1</ele></trkpt>
      <trkpt lat="39.01478" lon="-106.40383"><ele>3652.0</ele></trkpt>
      <trkpt lat="39.01487" lon="-106.404"><ele>3653.2</ele></trkpt>
      <trkpt lat="39.01496" lon="-106.4041"><ele>3654.8</ele></trkpt>
      <trkpt lat="39.01503" lon="-106.40417"><ele>3655.0</ele></trkpt>
      <trkpt lat="39.01514" lon="-106.40434"><ele>3650.4</ele></trkpt>
      <trkpt lat="39.01521" lon="-106.40439"><ele>3650.7</ele></trkpt>
      <trkpt lat="39.01525" lon="-106.4044"><ele>3651.7</ele></trkpt>
      <trkpt lat="39.01525" lon="-106.4044"><ele>3651.7</ele></trkpt>
      <trkpt lat="39.01527" lon="-106.4044"><ele>3652.5</ele></trkpt>
      <trkpt lat="39.01527" lon="-106.40436"><ele>3654.4</ele></trkpt>
      <trkpt lat="39.01522" lon="-106.40423"><ele>3659.3</ele></trkpt>
      <trkpt lat="39.0152" lon="-106.40414"><ele>3663.0</ele></trkpt>
      <trkpt lat="39.01518" lon="-106.40405"><ele>3666.4</ele></trkpt>
      <trkpt lat="39.01513" lon="-106.40384"><ele>3672.0</ele></trkpt>
      <trkpt lat="39.01513" lon="-106.40378"><ele>3674.0</ele></trkpt>
      <trkpt lat="39.01516" lon="-106.40382"><ele>3674.2</ele></trkpt>
      <trkpt lat="39.01522" lon="-106.40388"><ele>3674.8</ele></trkpt>
      <trkpt lat="39.01535" lon="-106.40393"><ele>3677.7</ele></trkpt>
      <trkpt lat="39.01544" lon="-106.40394"><ele>3679.7</ele></trkpt>
      <trkpt lat="39.0155" lon="-106.40397"><ele>3679.6</ele></trkpt>
      <trkpt lat="39.0155" lon="-106.40397"><ele>3679.6</ele></trkpt>
      <trkpt lat="39.01564" lon="-106.40404"><ele>3681.3</ele></trkpt>
      <trkpt lat="39.01571" lon="-106.40411"><ele>3682.2</ele></trkpt>
      <trkpt lat="39.01571" lon="-106.40411"><ele>3682.2</ele></trkpt>
      <trkpt lat="39.0158" lon="-106.40416"><ele>3685.1</ele></trkpt>
      <trkpt lat="39.01583" lon="-106.40415"><ele>3687.7</ele></trkpt>
      <trkpt lat="39.01564" lon="-106.40387"><ele>3688.1</ele></trkpt>
      <trkpt lat="39.01564" lon="-106.40387"><ele>3688.1</ele></trkpt>
      <trkpt lat="39.0156" lon="-106.40381"><ele>3689.5</ele></trkpt>
      <trkpt lat="39.01551" lon="-106.40362"><ele>3694.7</ele></trkpt>
      <trkpt lat="39.01547" lon="-106.40349"><ele>3697.9</ele></trkpt>
      <trkpt lat="39.01547" lon="-106.40349"><ele>3697.9</ele></trkpt>
      <trkpt lat="39.01541" lon="-106.40333"><ele>3700.9</ele></trkpt>
      <trkpt lat="39.01535" lon="-106.40311"><ele>3704.4</ele></trkpt>
      <trkpt lat="39.01539" lon="-106.40309"><ele>3707.3</ele></trkpt>
      <trkpt lat="39.01552" lon="-106.40318"><ele>3710.5</ele></trkpt>
      <trkpt lat="39.01568" lon="-106.40324"><ele>3714.1</ele></trkpt>
      <trkpt lat="39.01575" lon="-106.40325"><ele>3716.1</ele></trkpt>
      <trkpt lat="39.01593" lon="-106.40334"><ele>3719.9</ele></trkpt>
      <trkpt lat="39.01593" lon="-106.40334"><ele>3719.9</ele></trkpt>
      <trkpt lat="39.01608" lon="-106.40344"><ele>3723.8</ele></trkpt>
      <trkpt lat="39.0162" lon="-106.40357"><ele>3724.4</ele></trkpt>
      <trkpt lat="39.01627" lon="-106.40356"><ele>3726.6</ele></trkpt>
      <trkpt lat="39.01631" lon="-106.40354"><ele>3728.3</ele></trkpt>
      <trkpt lat="39.01636" lon="-106.40355"><ele>3729.4</ele></trkpt>
      <trkpt lat="39.0164" lon="-106.40358"><ele>3729.6</ele></trkpt>
      <trkpt lat="39.01662" lon="-106.40358"><ele>3735.2</ele></trkpt>
      <trkpt lat="39.01686" lon="-106.40364"><ele>3737.3</ele></trkpt>
      <trkpt lat="39.01708" lon="-106.40369"><ele>3741.9</ele></trkpt>
      <trkpt lat="39.01717" lon="-106.4038"><ele>3740.8</ele></trkpt>
      <trkpt lat="39.01723" lon="-106.40384"><ele>3741.2</ele></trkpt>
      <trkpt lat="39.0173" lon="-106.40387"><ele>3743.0</ele></trkpt>
      <trkpt lat="39.01739" lon="-106.40392"><ele>3747.1</ele></trkpt>
      <trkpt lat="39.0174" lon="-106.40396"><ele>3747.2</ele></trkpt>
      <trkpt lat="39.0174" lon="-106.40396"><ele>3747.2</ele></trkpt>
      <trkpt lat="39.01741" lon="-106.40402"><ele>3747.0</ele></trkpt>
      <trkpt lat="39.0175" lon="-106.40416"><ele>3749.6</ele></trkpt>
      <trkpt lat="39.01752" lon="-106.4042"><ele>3750.0</ele></trkpt>
      <trkpt lat="39.01756" lon="-106.40428"><ele>3750.6</ele></trkpt>
      <trkpt lat="39.01776" lon="-106.40444"><ele>3757.2</ele></trkpt>
      <trkpt lat="39.01809" lon="-106.40484"><ele>3767.2</ele></trkpt>
      <trkpt lat="39.01831" lon="-106.40521"><ele>3773.7</ele></trkpt>
      <trkpt lat="39.01831" lon="-106.40521"><ele>3773.7</ele></trkpt>
      <trkpt lat="39.01842" lon="-106.40538"><ele>3776.9</ele></trkpt>
      <trkpt lat="39.01852" lon="-106.4056"><ele>3779.6</ele></trkpt>
      <trkpt lat="39.01857" lon="-106.40549"><ele>3782.1</ele></trkpt>
      <trkpt lat="39.01857" lon="-106.40531"><ele>3783.2</ele></trkpt>
      <trkpt lat="39.01859" lon="-106.40519"><ele>3784.6</ele></trkpt>
      <trkpt lat="39.01858" lon="-106.40506"><ele>3784.9</ele></trkpt>
      <trkpt lat="39.01859" lon="-106.40501"><ele>3785.6</ele></trkpt>
      <trkpt lat="39.01865" lon="-106.40504"><ele>3787.7</ele></trkpt>
      <trkpt lat="39.01869" lon="-106.40521"><ele>3788.0</ele></trkpt>
      <trkpt lat="39.0188" lon="-106.40542"><ele>3790.5</ele></trkpt>
      <trkpt lat="39.0188" lon="-106.40542"><ele>3790.5</ele></trkpt>
      <trkpt lat="39.01881" lon="-106.40543"><ele>3790.8</ele></trkpt>
      <trkpt lat="39.01882" lon="-106.40528"><ele>3792.2</ele></trkpt>
      <trkpt lat="39.01882" lon="-106.40499"><ele>3794.6</ele></trkpt>
      <trkpt lat="39.01882" lon="-106.40499"><ele>3794.6</ele></trkpt>
      <trkpt lat="39.01882" lon="-106.40474"><ele>3797.7</ele></trkpt>
      <trkpt lat="39.01874" lon="-106.40425"><ele>3804.2</ele></trkpt>
      <trkpt lat="39.01877" lon="-106.40417"><ele>3808.5</ele></trkpt>
      <trkpt lat="39.01884" lon="-106.40421"><ele>3811.3</ele></trkpt>
      <trkpt lat="39.01915" lon="-106.40448"><ele>3817.7</ele></trkpt>
      <trkpt lat="39.01915" lon="-106.40448"><ele>3817.7</ele></trkpt>
      <trkpt lat="39.01928" lon="-106.40459"><ele>3819.2</ele></trkpt>
      <trkpt lat="39.01935" lon="-106.40468"><ele>3819.2</ele></trkpt>
      <trkpt lat="39.01962" lon="-106.40499"><ele>3820.1</ele></trkpt>
      <trkpt lat="39.01971" lon="-106.40506"><ele>3821.2</ele></trkpt>
      <trkpt lat="39.01983" lon="-106.40511"><ele>3820.2</ele></trkpt>
      <trkpt lat="39.01998" lon="-106.40513"><ele>3815.9</ele></trkpt>
      <trkpt lat="39.02008" lon="-106.40505"><ele>3812.5</ele></trkpt>
      <trkpt lat="39.02017" lon="-106.40501"><ele>3808.8</ele></trkpt>
      <trkpt lat="39.02029" lon="-106.40488"><ele>3804.8</ele></trkpt>
      <trkpt lat="39.02033" lon="-106.40484"><ele>3803.6</ele></trkpt>
      <trkpt lat="39.02042" lon="-106.40478"><ele>3801.7</ele></trkpt>
      <trkpt lat="39.02052" lon="-106.40474"><ele>3799.6</ele></trkpt>
      <trkpt lat="39.02061" lon="-106.40475"><ele>3796.1</ele></trkpt>
      <trkpt lat="39.02059" lon="-106.40484"><ele>3793.0</ele></trkpt>
      <trkpt lat="39.0206" lon="-106.40503"><ele>3788.5</ele></trkpt>
      <trkpt lat="39.02066" lon="-106.40517"><ele>3784.2</ele></trkpt>
      <trkpt lat="39.02071" lon="-106.40521"><ele>3781.2</ele></trkpt>
      <trkpt lat="39.02075" lon="-106.40512"><ele>3780.0</ele></trkpt>
      <trkpt lat="39.02079" lon="-106.40509"><ele>3779.9</ele></trkpt>
      <trkpt lat="39.02091" lon="-106.40503"><ele>3780.7</ele></trkpt>
      <trkpt lat="39.02113" lon="-106.40499"><ele>3774.7</ele></trkpt>
      <trkpt lat="39.02158" lon="-106.40494"><ele>3756.3</ele></trkpt>
      <trkpt lat="39.0217" lon="-106.40491"><ele>3753.2</ele></trkpt>
      <trkpt lat="39.02175" lon="-106.40493"><ele>3751.0</ele></trkpt>
      <trkpt lat="39.02165" lon="-106.40499"><ele>3752.5</ele></trkpt>
      <trkpt lat="39.02162" lon="-106.40506"><ele>3751.5</ele></trkpt>
      <trkpt lat="39.02158" lon="-106.40518"><ele>3750.1</ele></trkpt>
      <trkpt lat="39.02154" lon="-106.40526"><ele>3750.2</ele></trkpt>
      <trkpt lat="39.02151" lon="-106.40534"><ele>3749.8</ele></trkpt>
      <trkpt lat="39.02147" lon="-106.40542"><ele>3749.7</ele></trkpt>
      <trkpt lat="39.02149" lon="-106.40545"><ele>3748.4</ele></trkpt>
      <trkpt lat="39.02163" lon="-106.40531"><ele>3745.9</ele></trkpt>
      <trkpt lat="39.02172" lon="-106.40528"><ele>3743.0</ele></trkpt>
      <trkpt lat="39.02181" lon="-106.40527"><ele>3739.6</ele></trkpt>
      <trkpt lat="39.02199" lon="-106.40518"><ele>3735.5</ele></trkpt>
      <trkpt lat="39.02219" lon="-106.40509"><ele>3731.2</ele></trkpt>
      <trkpt lat="39.02235" lon="-106.40504"><ele>3725.3</ele></trkpt>
      <trkpt lat="39.02239" lon="-106.40507"><ele>3722.5</ele></trkpt>
      <trkpt lat="39.0223" lon="-106.40522"><ele>3723.6</ele></trkpt>
      <trkpt lat="39.02225" lon="-106.40544"><ele>3720.3</ele></trkpt>
      <trkpt lat="39.02223" lon="-106.40549"><ele>3719.8</ele></trkpt>
      <trkpt lat="39.02224" lon="-106.40552"><ele>3718.6</ele></trkpt>
      <trkpt lat="39.02229" lon="-106.40547"><ele>3717.7</ele></trkpt>
      <trkpt lat="39.02232" lon="-106.40541"><ele>3718.1</ele></trkpt>
      <trkpt lat="39.02239" lon="-106.40535"><ele>3715.9</ele></trkpt>
      <trkpt lat="39.02252" lon="-106.40527"><ele>3710.9</ele></trkpt>
      <trkpt lat="39.0226" lon="-106.40523"><ele>3707.6</ele></trkpt>
      <trkpt lat="39.02265" lon="-106.40517"><ele>3706.3</ele></trkpt>
      <trkpt lat="39.02269" lon="-106.40511"><ele>3705.2</ele></trkpt>
      <trkpt lat="39.02281" lon="-106.40493"><ele>3702.0</ele></trkpt>
      <trkpt lat="39.02305" lon="-106.40467"><ele>3698.4</ele></trkpt>
      <trkpt lat="39.02324" lon="-106.40459"><ele>3690.9</ele></trkpt>
      <trkpt lat="39.02345" lon="-106.40436"><ele>3683.3</ele></trkpt>
      <trkpt lat="39.02353" lon="-106.40425"><ele>3679.9</ele></trkpt>
      <trkpt lat="39.02357" lon="-106.40424"><ele>3677.8</ele></trkpt>
      <trkpt lat="39.02354" lon="-106.40441"><ele>3678.2</ele></trkpt>
      <trkpt lat="39.02356" lon="-106.40452"><ele>3676.2</ele></trkpt>
      <trkpt lat="39.02373" lon="-106.4042"><ele>3670.3</ele></trkpt>
      <trkpt lat="39.02383" lon="-106.40413"><ele>3667.0</ele></trkpt>
      <trkpt lat="39.0239" lon="-106.40392"><ele>3667.7</ele></trkpt>
      <trkpt lat="39.02396" lon="-106.40389"><ele>3666.4</ele></trkpt>
      <trkpt lat="39.02408" lon="-106.4039"><ele>3662.3</ele></trkpt>
      <trkpt lat="39.02421" lon="-106.40383"><ele>3660.2</ele></trkpt>
      <trkpt lat="39.02431" lon="-106.40374"><ele>3659.0</ele></trkpt>
      <trkpt lat="39.0244" lon="-106.40362"><ele>3658.0</ele></trkpt>
      <trkpt lat="39.02453" lon="-106.40352"><ele>3654.7</ele></trkpt>
      <trkpt lat="39.02486" lon="-106.40303"><ele>3644.4</ele></trkpt>
      <trkpt lat="39.025" lon="-106.40289"><ele>3642.8</ele></trkpt>
      <trkpt lat="39.02512" lon="-106.4028"><ele>3640.5</ele></trkpt>
      <trkpt lat="39.02523" lon="-106.40276"><ele>3637.6</ele></trkpt>
      <trkpt lat="39.02532" lon="-106.40272"><ele>3635.5</ele></trkpt>
      <trkpt lat="39.02555" lon="-106.40272"><ele>3629.7</ele></trkpt>
      <trkpt lat="39.02566" lon="-106.40265"><ele>3627.8</ele></trkpt>
      <trkpt lat="39.02571" lon="-106.40262"><ele>3627.1</ele></trkpt>
      <trkpt lat="39.02574" lon="-106.40255"><ele>3626.9</ele></trkpt>
      <trkpt lat="39.02574" lon="-106.40251"><ele>3627.0</ele></trkpt>
      <trkpt lat="39.0259" lon="-106.40246"><ele>3624.6</ele></trkpt>
      <trkpt lat="39.026" lon="-106.40246"><ele>3622.9</ele></trkpt>
      <trkpt lat="39.02604" lon="-106.40243"><ele>3622.3</ele></trkpt>
      <trkpt lat="39.02613" lon="-106.40241"><ele>3620.8</ele></trkpt>
      <trkpt lat="39.0262" lon="-106.40238"><ele>3619.7</ele></trkpt>
      <trkpt lat="39.02631" lon="-106.4023"><ele>3618.1</ele></trkpt>
      <trkpt lat="39.02645" lon="-106.40229"><ele>3616.2</ele></trkpt>
      <trkpt lat="39.02645" lon="-106.40229"><ele>3616.2</ele></trkpt>
      <trkpt lat="39.02655" lon="-106.40228"><ele>3615.2</ele></trkpt>
      <trkpt lat="39.02671" lon="-106.40222"><ele>3613.3</ele></trkpt>
      <trkpt lat="39.02683" lon="-106.40219"><ele>3611.6</ele></trkpt>
      <trkpt lat="39.02693" lon="-106.40211"><ele>3609.5</ele></trkpt>
      <trkpt lat="39.027" lon="-106.40203"><ele>3607.7</ele></trkpt>
      <trkpt lat="39.02718" lon="-106.40193"><ele>3603.4</ele></trkpt>
      <trkpt lat="39.02731" lon="-106.40178"><ele>3600.8</ele></trkpt>
      <trkpt lat="39.02748" lon="-106.40163"><ele>3597.0</ele></trkpt>
      <trkpt lat="39.02758" lon="-106.40153"><ele>3595.3</ele></trkpt>
      <trkpt lat="39.02764" lon="-106.40144"><ele>3594.5</ele></trkpt>
      <trkpt lat="39.02783" lon="-106.40132"><ele>3591.0</ele></trkpt>
      <trkpt lat="39.02789" lon="-106.40125"><ele>3590.4</ele></trkpt>
      <trkpt lat="39.02794" lon="-106.40121"><ele>3589.8</ele></trkpt>
      <trkpt lat="39.02804" lon="-106.40108"><ele>3588.7</ele></trkpt>
      <trkpt lat="39.02816" lon="-106.40104"><ele>3586.2</ele></trkpt>
      <trkpt lat="39.0284" lon="-106.40101"><ele>3581.9</ele></trkpt>
      <trkpt lat="39.02869" lon="-106.40104"><ele>3574.7</ele></trkpt>
      <trkpt lat="39.02882" lon="-106.40094"><ele>3573.4</ele></trkpt>
      <trkpt lat="39.02882" lon="-106.40094"><ele>3573.4</ele></trkpt>
      <trkpt lat="39.02924" lon="-106.40061"><ele>3564.1</ele></trkpt>
      <trkpt lat="39.02954" lon="-106.40028"><ele>3557.5</ele></trkpt>
      <trkpt lat="39.02982" lon="-106.40016"><ele>3551.2</ele></trkpt>
      <trkpt lat="39.03041" lon="-106.40009"><ele>3540.6</ele></trkpt>
      <trkpt lat="39.03059" lon="-106.39995"><ele>3537.2</ele></trkpt>
      <trkpt lat="39.0308" lon="-106.39986"><ele>3530.2</ele></trkpt>
      <trkpt lat="39.03129" lon="-106.39973"><ele>3519.3</ele></trkpt>
      <trkpt lat="39.03183" lon="-106.39957"><ele>3508.4</ele></trkpt>
      <trkpt lat="39.03233" lon="-106.39937"><ele>3497.8</ele></trkpt>
      <trkpt lat="39.03286" lon="-106.39912"><ele>3486.5</ele></trkpt>
      <trkpt lat="39.03336" lon="-106.39871"><ele>3476.2</ele></trkpt>
      <trkpt lat="39.03336" lon="-106.39871"><ele>3476.2</ele></trkpt>
      <trkpt lat="39.03342" lon="-106.39866"><ele>3475.1</ele></trkpt>
      <trkpt lat="39.03386" lon="-106.39809"><ele>3466.1</ele></trkpt>
      <trkpt lat="39.03422" lon="-106.39775"><ele>3463.7</ele></trkpt>
      <trkpt lat="39.03438" lon="-106.39769"><ele>3460.6</ele></trkpt>
      <trkpt lat="39.03449" lon="-106.39776"><ele>3456.5</ele></trkpt>
      <trkpt lat="39.03452" lon="-106.39786"><ele>3454.3</ele></trkpt>
      <trkpt lat="39.03457" lon="-106.39789"><ele>3453.3</ele></trkpt>
      <trkpt lat="39.03457" lon="-106.39789"><ele>3453.3</ele></trkpt>
      <trkpt lat="39.03461" lon="-106.39791"><ele>3452.7</ele></trkpt>
      <trkpt lat="39.03501" lon="-106.3976"><ele>3446.0</ele></trkpt>
      <trkpt lat="39.03501" lon="-106.3976"><ele>3446.0</ele></trkpt>
      <trkpt lat="39.03513" lon="-106.39751"><ele>3444.2</ele></trkpt>
      <trkpt lat="39.03571" lon="-106.39722"><ele>3432.9</ele></trkpt>
      <trkpt lat="39.03613" lon="-106.39689"><ele>3428.0</ele></trkpt>
      <trkpt lat="39.03672" lon="-106.39661"><ele>3418.3</ele></trkpt>
      <trkpt lat="39.0373" lon="-106.39628"><ele>3409.7</ele></trkpt>
      <trkpt lat="39.0377" lon="-106.39619"><ele>3402.3</ele></trkpt>
      <trkpt lat="39.03776" lon="-106.39615"><ele>3401.2</ele></trkpt>
      <trkpt lat="39.03776" lon="-106.39615"><ele>3401.2</ele></trkpt>
      <trkpt lat="39.03812" lon="-106.39593"><ele>3395.8</ele></trkpt>
      <trkpt lat="39.0383" lon="-106.39535"><ele>3390.2</ele></trkpt>
      <trkpt lat="39.03839" lon="-106.39517"><ele>3387.6</ele></trkpt>
      <trkpt lat="39.03858" lon="-106.39493"><ele>3383.1</ele></trkpt>
      <trkpt lat="39.03911" lon="-106.39441"><ele>3374.7</ele></trkpt>
      <trkpt lat="39.03921" lon="-106.39409"><ele>3368.7</ele></trkpt>
      <trkpt lat="39.03934" lon="-106.39381"><ele>3367.2</ele></trkpt>
      <trkpt lat="39.03946" lon="-106.3935"><ele>3368.6</ele></trkpt>
      <trkpt lat="39.03988" lon="-106.39307"><ele>3358.4</ele></trkpt>
      <trkpt lat="39.04051" lon="-106.39257"><ele>3346.5</ele></trkpt>
      <trkpt lat="39.0409" lon="-106.39228"><ele>3341.5</ele></trkpt>
      <trkpt lat="39.0412" lon="-106.39208"><ele>3338.0</ele></trkpt>
      <trkpt lat="39.04139" lon="-106.39192"><ele>3336.2</ele></trkpt>
      <trkpt lat="39.04139" lon="-106.39192"><ele>3336.2</ele></trkpt>
      <trkpt lat="39.04153" lon="-106.39181"><ele>3335.0</ele></trkpt>
      <trkpt lat="39.04192" lon="-106.39169"><ele>3332.2</ele></trkpt>
      <trkpt lat="39.04265" lon="-106.39115"><ele>3324.2</ele></trkpt>
      <trkpt lat="39.04299" lon="-106.3909"><ele>3320.8</ele></trkpt>
      <trkpt lat="39.04319" lon="-106.39084"><ele>3319.6</ele></trkpt>
      <trkpt lat="39.04331" lon="-106.39083"><ele>3319.3</ele></trkpt>
      <trkpt lat="39.04344" lon="-106.39078"><ele>3318.8</ele></trkpt>
      <trkpt lat="39.04358" lon="-106.39067"><ele>3317.7</ele></trkpt>
      <trkpt lat="39.04393" lon="-106.39036"><ele>3309.3</ele></trkpt>
      <trkpt lat="39.04415" lon="-106.39035"><ele>3307.7</ele></trkpt>
      <trkpt lat="39.04442" lon="-106.39047"><ele>3304.5</ele></trkpt>
      <trkpt lat="39.04451" lon="-106.39054"><ele>3303.4</ele></trkpt>
      <trkpt lat="39.04454" lon="-106.39044"><ele>3299.7</ele></trkpt>
      <trkpt lat="39.04444" lon="-106.39019"><ele>3294.2</ele></trkpt>
      <trkpt lat="39.04436" lon="-106.39002"><ele>3290.5</ele></trkpt>
      <trkpt lat="39.04436" lon="-106.38993"><ele>3288.1</ele></trkpt>
      <trkpt lat="39.04507" lon="-106.39023"><ele>3279.0</ele></trkpt>
      <trkpt lat="39.04552" lon="-106.39029"><ele>3269.6</ele></trkpt>
      <trkpt lat="39.04571" lon="-106.39025"><ele>3261.5</ele></trkpt>
      <trkpt lat="39.04575" lon="-106.39025"><ele>3260.0</ele></trkpt>
      <trkpt lat="39.04575" lon="-106.39025"><ele>3260.0</ele></trkpt>
      <trkpt lat="39.04589" lon="-106.39025"><ele>3255.1</ele></trkpt>
      <trkpt lat="39.04609" lon="-106.39039"><ele>3247.7</ele></trkpt>
      <trkpt lat="39.04624" lon="-106.39015"><ele>3241.5</ele></trkpt>
      <trkpt lat="39.04629" lon="-106.38992"><ele>3237.3</ele></trkpt>
      <trkpt lat="39.04625" lon="-106.38979"><ele>3235.5</ele></trkpt>
      <trkpt lat="39.04613" lon="-106.38967"><ele>3235.2</ele></trkpt>
      <trkpt lat="39.04612" lon="-106.38955"><ele>3235.3</ele></trkpt>
      <trkpt lat="39.0463" lon="-106.38953"><ele>3230.2</ele></trkpt>
      <trkpt lat="39.04651" lon="-106.38952"><ele>3225.1</ele></trkpt>
      <trkpt lat="39.04679" lon="-106.38954"><ele>3216.5</ele></trkpt>
      <trkpt lat="39.04718" lon="-106.38964"><ele>3205.4</ele></trkpt>
      <trkpt lat="39.04747" lon="-106.38984"><ele>3194.2</ele></trkpt>
      <trkpt lat="39.04779" lon="-106.39012"><ele>3181.4</ele></trkpt>
      <trkpt lat="39.04804" lon="-106.39023"><ele>3174.6</ele></trkpt>
      <trkpt lat="39.04819" lon="-106.39038"><ele>3170.6</ele></trkpt>
      <trkpt lat="39.04847" lon="-106.39055"><ele>3163.0</ele></trkpt>
      <trkpt lat="39.04863" lon="-106.39067"><ele>3158.9</ele></trkpt>
      <trkpt lat="39.04879" lon="-106.39071"><ele>3155.5</ele></trkpt>
      <trkpt lat="39.049" lon="-106.39067"><ele>3150.2</ele></trkpt>
      <trkpt lat="39.04918" lon="-106.39053"><ele>3146.4</ele></trkpt>
      <trkpt lat="39.04959" lon="-106.3903"><ele>3137.2</ele></trkpt>
      <trkpt lat="39.05011" lon="-106.39012"><ele>3127.8</ele></trkpt>
      <trkpt lat="39.05011" lon="-106.39012"><ele>3127.8</ele></trkpt>
      <trkpt lat="39.05016" lon="-106.39011"><ele>3126.8</ele></trkpt>
      <trkpt lat="39.05054" lon="-106.38982"><ele>3122.9</ele></trkpt>
      <trkpt lat="39.05083" lon="-106.3898"><ele>3116.8</ele></trkpt>
      <trkpt lat="39.05148" lon="-106.38954"><ele>3106.2</ele></trkpt>
      <trkpt lat="39.05213" lon="-106.38928"><ele>3093.7</ele></trkpt>
      <trkpt lat="39.05289" lon="-106.38907"><ele>3076.2</ele></trkpt>
      <trkpt lat="39.05365" lon="-106.38885"><ele>3060.9</ele></trkpt>
      <trkpt lat="39.0545" lon="-106.38874"><ele>3041.9</ele></trkpt>
      <trkpt lat="39.0545" lon="-106.38874"><ele>3041.9</ele></trkpt>
      <trkpt lat="39.05508" lon="-106.38866"><ele>3031.6</ele></trkpt>
      <trkpt lat="39.05589" lon="-106.38874"><ele>3011.2</ele></trkpt>
      <trkpt lat="39.05636" lon="-106.38863"><ele>3002.9</ele></trkpt>
      <trkpt lat="39.05683" lon="-106.38853"><ele>2996.1</ele></trkpt>
      <trkpt lat="39.05739" lon="-106.38853"><ele>2991.3</ele></trkpt>
      <trkpt lat="39.05828" lon="-106.3886"><ele>2977.3</ele></trkpt>
      <trkpt lat="39.05884" lon="-106.38848"><ele>2967.2</ele></trkpt>
      <trkpt lat="39.05908" lon="-106.38842"><ele>2963.0</ele></trkpt>
      <trkpt lat="39.05908" lon="-106.38842"><ele>2963.0</ele></trkpt>
      <trkpt lat="39.0592" lon="-106.38838"><ele>2960.0</ele></trkpt>
      <trkpt lat="39.05946" lon="-106.38802"><ele>2958.0</ele></trkpt>
      <trkpt lat="39.05972" lon="-106.38786"><ele>2951.3</ele></trkpt>
      <trkpt lat="39.06004" lon="-106.38751"><ele>2939.6</ele></trkpt>
      <trkpt lat="39.06017" lon="-106.38727"><ele>2940.8</ele></trkpt>
      <trkpt lat="39.06038" lon="-106.38711"><ele>2934.5</ele></trkpt>
      <trkpt lat="39.06045" lon="-106.38715"><ele>2930.0</ele></trkpt>
      <trkpt lat="39.06031" lon="-106.38748"><ele>2925.7</ele></trkpt>
      <trkpt lat="39.06027" lon="-106.38776"><ele>2921.1</ele></trkpt>
      <trkpt lat="39.06035" lon="-106.3877"><ele>2919.5</ele></trkpt>
      <trkpt lat="39.06071" lon="-106.38756"><ele>2910.3</ele></trkpt>
      <trkpt lat="39.06107" lon="-106.38745"><ele>2902.9</ele></trkpt>
      <trkpt lat="39.06145" lon="-106.38759"><ele>2888.7</ele></trkpt>
      <trkpt lat="39.06197" lon="-106.38748"><ele>2876.0</ele></trkpt>
      <trkpt lat="39.0624" lon="-106.38727"><ele>2864.0</ele></trkpt>
      <trkpt lat="39.06262" lon="-106.38679"><ele>2859.1</ele></trkpt>
      <trkpt lat="39.06287" lon="-106.38659"><ele>2853.8</ele></trkpt>
      <trkpt lat="39.06305" lon="-106.38636"><ele>2850.7</ele></trkpt>
      <trkpt lat="39.06323" lon="-106.38638"><ele>2844.8</ele></trkpt>
      <trkpt lat="39.06323" lon="-106.38638"><ele>2844.8</ele></trkpt>
      <trkpt lat="39.06353" lon="-106.38643"><ele>2842.2</ele></trkpt>
      <trkpt lat="39.06398" lon="-106.38638"><ele>2839.9</ele></trkpt>
      <trkpt lat="39.06432" lon="-106.3862"><ele>2837.6</ele></trkpt>
      <trkpt lat="39.06477" lon="-106.38622"><ele>2831.1</ele></trkpt>
      <trkpt lat="39.06522" lon="-106.38623"><ele>2829.8</ele></trkpt>
      <trkpt lat="39.06591" lon="-106.38624"><ele>2821.3</ele></trkpt>
      <trkpt lat="39.06661" lon="-106.38624"><ele>2816.7</ele></trkpt>
      <trkpt lat="39.06699" lon="-106.38622"><ele>2815.3</ele></trkpt>
      <trkpt lat="39.06756" lon="-106.38629"><ele>2812.4</ele></trkpt>
      <trkpt lat="39.06756" lon="-106.38629"><ele>2812.4</ele></trkpt>
      <trkpt lat="39.0684" lon="-106.38641"><ele>2808.8</ele></trkpt>
      <trkpt lat="39.06901" lon="-106.38641"><ele>2807.4</ele></trkpt>
      <trkpt lat="39.06948" lon="-106.38649"><ele>2807.0</ele></trkpt>
      <trkpt lat="39.06995" lon="-106.38683"><ele>2807.2</ele></trkpt>
      <trkpt lat="39.07048" lon="-106.38701"><ele>2806.9</ele></trkpt>
      <trkpt lat="39.07065" lon="-106.38724"><ele>2806.7</ele></trkpt>
      <trkpt lat="39.07094" lon="-106.38744"><ele>2806.1</ele></trkpt>
      <trkpt lat="39.07114" lon="-106.38771"><ele>2806.0</ele></trkpt>
      <trkpt lat="39.0713" lon="-106.388"><ele>2805.8</ele></trkpt>
      <trkpt lat="39.0713" lon="-106.388"><ele>2805.8</ele></trkpt>
      <trkpt lat="39.07162" lon="-106.3881"><ele>2805.6</ele></trkpt>
      <trkpt lat="39.072" lon="-106.38825"><ele>2805.5</ele></trkpt>
      <trkpt lat="39.07211" lon="-106.38836"><ele>2805.5</ele></trkpt>
      <trkpt lat="39.07216" lon="-106.3884"><ele>2805.5</ele></trkpt>
      <trkpt lat="39.0722" lon="-106.38847"><ele>2805.5</ele></trkpt>
      <trkpt lat="39.07225" lon="-106.38848"><ele>2805.5</ele></trkpt>
      <trkpt lat="39.0723" lon="-106.38846"><ele>2805.5</ele></trkpt>
      <trkpt lat="39.07249" lon="-106.38859"><ele>2805.6</ele></trkpt>
      <trkpt lat="39.07257" lon="-106.3887"><ele>2805.6</ele></trkpt>
      <trkpt lat="39.07262" lon="-106.38882"><ele>2805.7</ele></trkpt>
      <trkpt lat="39.07263" lon="-106.389"><ele>2805.7</ele></trkpt>
      <trkpt lat="39.07271" lon="-106.38919"><ele>2805.8</ele></trkpt>
      <trkpt lat="39.07282" lon="-106.38929"><ele>2805.9</ele></trkpt>
      <trkpt lat="39.07304" lon="-106.38941"><ele>2806.0</ele></trkpt>
      <trkpt lat="39.07316" lon="-106.38941"><ele>2806.0</ele></trkpt>
      <trkpt lat="39.07346" lon="-106.38959"><ele>2806.1</ele></trkpt>
      <trkpt lat="39.07342" lon="-106.39001"><ele>2806.4</ele></trkpt>
      <trkpt lat="39.0733" lon="-106.39044"><ele>2806.7</ele></trkpt>
      <trkpt lat="39.07321" lon="-106.3909"><ele>2807.0</ele></trkpt>
      <trkpt lat="39.07323" lon="-106.39112"><ele>2807.0</ele></trkpt>
      <trkpt lat="39.07339" lon="-106.39133"><ele>2806.7</ele></trkpt>
      <trkpt lat="39.07361" lon="-106.39148"><ele>2806.3</ele></trkpt>
      <trkpt lat="39.07365" lon="-106.39155"><ele>2806.2</ele></trkpt>
      <trkpt lat="39.07368" lon="-106.39176"><ele>2806.1</ele></trkpt>
      <trkpt lat="39.07394" lon="-106.39191"><ele>2806.1</ele></trkpt>
      <trkpt lat="39.07394" lon="-106.39191"><ele>2806.1</ele></trkpt>
      <trkpt lat="39.07401" lon="-106.39196"><ele>2806.1</ele></trkpt>
      <trkpt lat="39.07428" lon="-106.39229"><ele>2806.7</ele></trkpt>
      <trkpt lat="39.07428" lon="-106.39229"><ele>2806.7</ele></trkpt>
      <trkpt lat="39.07468" lon="-106.39271"><ele>2807.1</ele></trkpt>
      <trkpt lat="39.07511" lon="-106.39285"><ele>2806.1</ele></trkpt>
      <trkpt lat="39.07535" lon="-106.39286"><ele>2806.0</ele></trkpt>
      <trkpt lat="39.07561" lon="-106.39273"><ele>2806.1</ele></trkpt>
      <trkpt lat="39.07573" lon="-106.39281"><ele>2806.4</ele></trkpt>
      <trkpt lat="39.07587" lon="-106.39288"><ele>2806.6</ele></trkpt>
      <trkpt lat="39.07613" lon="-106.39293"><ele>2806.2</ele></trkpt>
      <trkpt lat="39.0765" lon="-106.39309"><ele>2805.9</ele></trkpt>
      <trkpt lat="39.07661" lon="-106.3934"><ele>2807.3</ele></trkpt>
      <trkpt lat="39.0767" lon="-106.39354"><ele>2808.0</ele></trkpt>
      <trkpt lat="39.07682" lon="-106.39359"><ele>2808.7</ele></trkpt>
      <trkpt lat="39.07693" lon="-106.39361"><ele>2809.2</ele></trkpt>
      <trkpt lat="39.07703" lon="-106.39355"><ele>2809.4</ele></trkpt>
      <trkpt lat="39.07722" lon="-106.39339"><ele>2809.2</ele></trkpt>
      <trkpt lat="39.07744" lon="-106.3932"><ele>2808.7</ele></trkpt>
      <trkpt lat="39.07791" lon="-106.39263"><ele>2808.0</ele></trkpt>
      <trkpt lat="39.07804" lon="-106.39199"><ele>2806.3</ele></trkpt>
      <trkpt lat="39.07804" lon="-106.39199"><ele>2806.3</ele></trkpt>
      <trkpt lat="39.07805" lon="-106.39191"><ele>2806.1</ele></trkpt>
      <trkpt lat="39.07814" lon="-106.39181"><ele>2805.9</ele></trkpt>
      <trkpt lat="39.07825" lon="-106.3915"><ele>2806.1</ele></trkpt>
      <trkpt lat="39.07844" lon="-106.39142"><ele>2807.7</ele></trkpt>
      <trkpt lat="39.07864" lon="-106.39121"><ele>2809.5</ele></trkpt>
      <trkpt lat="39.07884" lon="-106.39086"><ele>2811.5</ele></trkpt>
      <trkpt lat="39.07895" lon="-106.39055"><ele>2812.8</ele></trkpt>
      <trkpt lat="39.079" lon="-106.39027"><ele>2813.4</ele></trkpt>
      <trkpt lat="39.07916" lon="-106.38977"><ele>2814.0</ele></trkpt>
      <trkpt lat="39.0792" lon="-106.3896"><ele>2813.8</ele></trkpt>
      <trkpt lat="39.07928" lon="-106.38955"><ele>2814.3</ele></trkpt>
      <trkpt lat="39.07938" lon="-106.38952"><ele>2815.0</ele></trkpt>
      <trkpt lat="39.07946" lon="-106.38941"><ele>2815.1</ele></trkpt>
      <trkpt lat="39.07947" lon="-106.38923"><ele>2814.2</ele></trkpt>
      <trkpt lat="39.07959" lon="-106.38866"><ele>2811.4</ele></trkpt>
      <trkpt lat="39.07978" lon="-106.3881"><ele>2808.7</ele></trkpt>
      <trkpt lat="39.08003" lon="-106.38755"><ele>2806.1</ele></trkpt>
      <trkpt lat="39.08016" lon="-106.38684"><ele>2806.6</ele></trkpt>
      <trkpt lat="39.08028" lon="-106.38649"><ele>2809.5</ele></trkpt>
      <trkpt lat="39.08031" lon="-106.38628"><ele>2810.8</ele></trkpt>
      <trkpt lat="39.08036" lon="-106.38615"><ele>2812.5</ele></trkpt>
      <trkpt lat="39.08036" lon="-106.38572"><ele>2815.3</ele></trkpt>
      <trkpt lat="39.08034" lon="-106.38544"><ele>2816.1</ele></trkpt>
      <trkpt lat="39.08036" lon="-106.38515"><ele>2816.6</ele></trkpt>
      <trkpt lat="39.08039" lon="-106.38505"><ele>2816.7</ele></trkpt>
      <trkpt lat="39.08039" lon="-106.38505"><ele>2816.7</ele></trkpt>
      <trkpt lat="39.08045" lon="-106.38485"><ele>2816.5</ele></trkpt>
      <trkpt lat="39.08055" lon="-106.38459"><ele>2815.5</ele></trkpt>
      <trkpt lat="39.08064" lon="-106.38459"><ele>2815.8</ele></trkpt>
      <trkpt lat="39.08078" lon="-106.38456"><ele>2816.0</ele></trkpt>
      <trkpt lat="39.08085" lon="-106.38447"><ele>2815.3</ele></trkpt>
      <trkpt lat="39.08097" lon="-106.38426"><ele>2813.5</ele></trkpt>
      <trkpt lat="39.08115" lon="-106.38404"><ele>2812.2</ele></trkpt>
      <trkpt lat="39.08114" lon="-106.38398"><ele>2811.8</ele></trkpt>
      <trkpt lat="39.08122" lon="-106.38365"><ele>2810.7</ele></trkpt>
      <trkpt lat="39.0813" lon="-106.38348"><ele>2810.4</ele></trkpt>
      <trkpt lat="39.08136" lon="-106.38339"><ele>2810.3</ele></trkpt>
      <trkpt lat="39.08136" lon="-106.38335"><ele>2810.2</ele></trkpt>
      <trkpt lat="39.08139" lon="-106.38317"><ele>2810.1</ele></trkpt>
      <trkpt lat="39.0814" lon="-106.38305"><ele>2810.0</ele></trkpt>
      <trkpt lat="39.08145" lon="-106.38303"><ele>2810.2</ele></trkpt>
      <trkpt lat="39.0815" lon="-106.38296"><ele>2810.3</ele></trkpt>
      <trkpt lat="39.08152" lon="-106.38289"><ele>2810.4</ele></trkpt>
      <trkpt lat="39.08152" lon="-106.38262"><ele>2810.2</ele></trkpt>
      <trkpt lat="39.08152" lon="-106.38262"><ele>2810.2</ele></trkpt>
      <trkpt lat="39.08152" lon="-106.38206"><ele>2809.7</ele></trkpt>
      <trkpt lat="39.08182" lon="-106.38205"><ele>2810.8</ele></trkpt>
      <trkpt lat="39.08257" lon="-106.38205"><ele>2814.2</ele></trkpt>
      <trkpt lat="39.08257" lon="-106.38205"><ele>2814.2</ele></trkpt>
      <trkpt lat="39.08289" lon="-106.38205"><ele>2816.2</ele></trkpt>
      <trkpt lat="39.08289" lon="-106.38233"><ele>2816.5</ele></trkpt>
      <trkpt lat="39.08289" lon="-106.38314"><ele>2815.8</ele></trkpt>
      <trkpt lat="39.08289" lon="-106.38314"><ele>2815.8</ele></trkpt>
      <trkpt lat="39.0829" lon="-106.38337"><ele>2816.1</ele></trkpt>
      <trkpt lat="39.08291" lon="-106.38404"><ele>2818.5</ele></trkpt>
      <trkpt lat="39.08291" lon="-106.38404"><ele>2818.5</ele></trkpt>
      <trkpt lat="39.08291" lon="-106.38414"><ele>2819.5</ele></trkpt>
      <trkpt lat="39.08291" lon="-106.38414"><ele>2819.5</ele></trkpt>
      <trkpt lat="39.082976" lon="-106.384611"><ele>2828.8</ele></trkpt>
      <trkpt lat="39.082976" lon="-106.384611"><ele>2828.8</ele></trkpt>
      <trkpt lat="39.082966" lon="-106.384642"><ele>2828.9</ele></trkpt>
      <trkpt lat="39.08281" lon="-106.38479"><ele>2826.5</ele></trkpt>
      <trkpt lat="39.08272" lon="-106.38506"><ele>2827.6</ele></trkpt>
      <trkpt lat="39.08265" lon="-106.38537"><ele>2828.2</ele></trkpt>
      <trkpt lat="39.08264" lon="-106.38548"><ele>2828.3</ele></trkpt>
      <trkpt lat="39.08269" lon="-106.38568"><ele>2829.2</ele></trkpt>
      <trkpt lat="39.08276" lon="-106.38582"><ele>2830.7</ele></trkpt>
      <trkpt lat="39.08283" lon="-106.38584"><ele>2833.5</ele></trkpt>
      <trkpt lat="39.08291" lon="-106.3859"><ele>2836.6</ele></trkpt>
      <trkpt lat="39.08295" lon="-106.386"><ele>2837.2</ele></trkpt>
      <trkpt lat="39.0829" lon="-106.38616"><ele>2836.8</ele></trkpt>
      <trkpt lat="39.08281" lon="-106.38628"><ele>2837.1</ele></trkpt>
      <trkpt lat="39.08274" lon="-106.38631"><ele>2837.1</ele></trkpt>
      <trkpt lat="39.08254" lon="-106.38632"><ele>2836.4</ele></trkpt>
      <trkpt lat="39.08247" lon="-106.38651"><ele>2840.5</ele></trkpt>
      <trkpt lat="39.08251" lon="-106.3868"><ele>2845.1</ele></trkpt>
      <trkpt lat="39.08261" lon="-106.387"><ele>2850.3</ele></trkpt>
      <trkpt lat="39.08264" lon="-106.38717"><ele>2852.0</ele></trkpt>
      <trkpt lat="39.08261" lon="-106.38731"><ele>2852.6</ele></trkpt>
      <trkpt lat="39.08237" lon="-106.38777"><ele>2855.8</ele></trkpt>
      <trkpt lat="39.08226" lon="-106.38818"><ele>2862.4</ele></trkpt>
      <trkpt lat="39.08209" lon="-106.38892"><ele>2871.4</ele></trkpt>
      <trkpt lat="39.08208" lon="-106.38917"><ele>2875.2</ele></trkpt>
      <trkpt lat="39.08206" lon="-106.38941"><ele>2877.4</ele></trkpt>
      <trkpt lat="39.08201" lon="-106.38976"><ele>2882.8</ele></trkpt>
      <trkpt lat="39.08193" lon="-106.39004"><ele>2887.2</ele></trkpt>
      <trkpt lat="39.08187" lon="-106.39029"><ele>2889.9</ele></trkpt>
      <trkpt lat="39.08191" lon="-106.39044"><ele>2892.1</ele></trkpt>
      <trkpt lat="39.08202" lon="-106.39051"><ele>2893.3</ele></trkpt>
      <trkpt lat="39.08211" lon="-106.3905"><ele>2893.9</ele></trkpt>
      <trkpt lat="39.08227" lon="-106.39041"><ele>2895.3</ele></trkpt>
      <trkpt lat="39.08247" lon="-106.39051"><ele>2898.5</ele></trkpt>
      <trkpt lat="39.08274" lon="-106.39068"><ele>2902.9</ele></trkpt>
      <trkpt lat="39.08293" lon="-106.39091"><ele>2908.7</ele></trkpt>
      <trkpt lat="39.08324" lon="-106.39124"><ele>2914.2</ele></trkpt>
      <trkpt lat="39.08344" lon="-106.39148"><ele>2919.8</ele></trkpt>
      <trkpt lat="39.08359" lon="-106.3916"><ele>2923.9</ele></trkpt>
      <trkpt lat="39.08367" lon="-106.39161"><ele>2925.7</ele></trkpt>
      <trkpt lat="39.08372" lon="-106.39153"><ele>2927.6</ele></trkpt>
      <trkpt lat="39.0837" lon="-106.3914"><ele>2928.2</ele></trkpt>
      <trkpt lat="39.08354" lon="-106.3907"><ele>2928.4</ele></trkpt>
      <trkpt lat="39.08357" lon="-106.39057"><ele>2928.5</ele></trkpt>
      <trkpt lat="39.08363" lon="-106.39055"><ele>2929.6</ele></trkpt>
      <trkpt lat="39.0837" lon="-106.39063"><ele>2931.2</ele></trkpt>
      <trkpt lat="39.0838" lon="-106.39076"><ele>2933.6</ele></trkpt>
      <trkpt lat="39.08387" lon="-106.39079"><ele>2935.5</ele></trkpt>
      <trkpt lat="39.08399" lon="-106.39073"><ele>2937.8</ele></trkpt>
      <trkpt lat="39.08409" lon="-106.39052"><ele>2938.3</ele></trkpt>
      <trkpt lat="39.08418" lon="-106.39044"><ele>2938.6</ele></trkpt>
      <trkpt lat="39.0843" lon="-106.39044"><ele>2939.4</ele></trkpt>
      <trkpt lat="39.08446" lon="-106.39057"><ele>2941.8</ele></trkpt>
      <trkpt lat="39.08456" lon="-106.3907"><ele>2945.8</ele></trkpt>
      <trkpt lat="39.08455" lon="-106.39096"><ele>2950.7</ele></trkpt>
      <trkpt lat="39.0846" lon="-106.39136"><ele>2957.0</ele></trkpt>
      <trkpt lat="39.08453" lon="-106.39154"><ele>2959.1</ele></trkpt>
      <trkpt lat="39.08456" lon="-106.39158"><ele>2960.5</ele></trkpt>
      <trkpt lat="39.08462" lon="-106.39159"><ele>2961.9</ele></trkpt>
      <trkpt lat="39.08479" lon="-106.3914"><ele>2963.3</ele></trkpt>
      <trkpt lat="39.08499" lon="-106.39125"><ele>2969.0</ele></trkpt>
      <trkpt lat="39.08513" lon="-106.39117"><ele>2969.1</ele></trkpt>
      <trkpt lat="39.08537" lon="-106.39127"><ele>2971.9</ele></trkpt>
      <trkpt lat="39.08537" lon="-106.39127"><ele>2971.9</ele></trkpt>
      <trkpt lat="39.08564" lon="-106.39144"><ele>2975.9</ele></trkpt>
      <trkpt lat="39.08574" lon="-106.39146"><ele>2979.6</ele></trkpt>
      <trkpt lat="39.08582" lon="-106.3914"><ele>2983.2</ele></trkpt>
      <trkpt lat="39.08595" lon="-106.39124"><ele>2985.3</ele></trkpt>
      <trkpt lat="39.08595" lon="-106.39124"><ele>2985.3</ele></trkpt>
      <trkpt lat="39.086281" lon="-106.391151"><ele>2990.6</ele></trkpt>
      <trkpt lat="39.086281" lon="-106.391151"><ele>2990.6</ele></trkpt>
      <trkpt lat="39.086763" lon="-106.391046"><ele>3006.0</ele></trkpt>
      <trkpt lat="39.086763" lon="-106.391046"><ele>3006.0</ele></trkpt>
      <trkpt lat="39.086763" lon="-106.391046"><ele>3006.0</ele></trkpt>
      <trkpt lat="39.087677" lon="-106.390883"><ele>3020.1</ele></trkpt>
      <trkpt lat="39.087677" lon="-106.390883"><ele>3020.1</ele></trkpt>
      <trkpt lat="39.087982" lon="-106.390778"><ele>3024.3</ele></trkpt>
      <trkpt lat="39.087982" lon="-106.390778"><ele>3024.3</ele></trkpt>
      <trkpt lat="39.088286" lon="-106.390271"><ele>3015.4</ele></trkpt>
      <trkpt lat="39.088286" lon="-106.390271"><ele>3015.4</ele></trkpt>
      <trkpt lat="39.088949" lon="-106.389867"><ele>3002.4</ele></trkpt>
      <trkpt lat="39.088949" lon="-106.389867"><ele>3002.4</ele></trkpt>
      <trkpt lat="39.089079" lon="-106.389776"><ele>2998.5</ele></trkpt>
      <trkpt lat="39.089079" lon="-106.389776"><ele>2998.5</ele></trkpt>
      <trkpt lat="39.089163" lon="-106.389779"><ele>2998.5</ele></trkpt>
      <trkpt lat="39.089163" lon="-106.389779"><ele>2998.5</ele></trkpt>
      <trkpt lat="39.089163" lon="-106.389779"><ele>2998.5</ele></trkpt>
      <trkpt lat="39.090074" lon="-106.390305"><ele>3014.1</ele></trkpt>
      <trkpt lat="39.090074" lon="-106.390305"><ele>3014.1</ele></trkpt>
      <trkpt lat="39.090126" lon="-106.390378"><ele>3015.9</ele></trkpt>
      <trkpt lat="39.090126" lon="-106.390378"><ele>3015.9</ele></trkpt>
      <trkpt lat="39.090126" lon="-106.390378"><ele>3015.9</ele></trkpt>
      <trkpt lat="39.090653" lon="-106.391593"><ele>3053.6</ele></trkpt>
      <trkpt lat="39.090653" lon="-106.391593"><ele>3053.6</ele></trkpt>
      <trkpt lat="39.090729" lon="-106.391654"><ele>3056.0</ele></trkpt>
      <trkpt lat="39.090729" lon="-106.391654"><ele>3056.0</ele></trkpt>
      <trkpt lat="39.09121" lon="-106.391599"><ele>3051.6</ele></trkpt>
      <trkpt lat="39.09121" lon="-106.391599"><ele>3051.6</ele></trkpt>
      <trkpt lat="39.091285" lon="-106.391537"><ele>3048.0</ele></trkpt>
      <trkpt lat="39.091285" lon="-106.391537"><ele>3048.0</ele></trkpt>
      <trkpt lat="39.091285" lon="-106.391537"><ele>3048.0</ele></trkpt>
      <trkpt lat="39.091749" lon="-106.39044"><ele>3007.7</ele></trkpt>
      <trkpt lat="39.091749" lon="-106.39044"><ele>3007.7</ele></trkpt>
      <trkpt lat="39.091832" lon="-106.390377"><ele>3010.4</ele></trkpt>
      <trkpt lat="39.091832" lon="-106.390377"><ele>3010.4</ele></trkpt>
      <trkpt lat="39.092087" lon="-106.390345"><ele>3021.9</ele></trkpt>
      <trkpt lat="39.092087" lon="-106.390345"><ele>3021.9</ele></trkpt>
      <trkpt lat="39.092356" lon="-106.390041"><ele>3017.4</ele></trkpt>
      <trkpt lat="39.092356" lon="-106.390041"><ele>3017.4</ele></trkpt>
      <trkpt lat="39.092878" lon="-106.389107"><ele>3029.0</ele></trkpt>
      <trkpt lat="39.092878" lon="-106.389107"><ele>3029.0</ele></trkpt>
      <trkpt lat="39.092899" lon="-106.389065"><ele>3028.8</ele></trkpt>
      <trkpt lat="39.092899" lon="-106.389065"><ele>3028.8</ele></trkpt>
      <trkpt lat="39.093452" lon="-106.388879"><ele>3040.6</ele></trkpt>
      <trkpt lat="39.093452" lon="-106.388879"><ele>3040.6</ele></trkpt>
      <trkpt lat="39.09373" lon="-106.388729"><ele>3043.7</ele></trkpt>
      <trkpt lat="39.09373" lon="-106.388729"><ele>3043.7</ele></trkpt>
      <trkpt lat="39.093793" lon="-106.388691"><ele>3043.9</ele></trkpt>
      <trkpt lat="39.093793" lon="-106.388691"><ele>3043.9</ele></trkpt>
      <trkpt lat="39.094341" lon="-106.388522"><ele>3049.2</ele></trkpt>
      <trkpt lat="39.094341" lon="-106.388522"><ele>3049.2</ele></trkpt>
      <trkpt lat="39.094847" lon="-106.388193"><ele>3048.2</ele></trkpt>
      <trkpt lat="39.094847" lon="-106.388193"><ele>3048.2</ele></trkpt>
      <trkpt lat="39.095253" lon="-106.388149"><ele>3050.8</ele></trkpt>
      <trkpt lat="39.095253" lon="-106.388149"><ele>3050.8</ele></trkpt>
      <trkpt lat="39.095516" lon="-106.38846"><ele>3062.7</ele></trkpt>
      <trkpt lat="39.095516" lon="-106.38846"><ele>3062.7</ele></trkpt>
      <trkpt lat="39.095614" lon="-106.388573"><ele>3063.9</ele></trkpt>
      <trkpt lat="39.09586" lon="-106.38888"><ele>3077.9</ele></trkpt>
      <trkpt lat="39.09608" lon="-106.38894"><ele>3082.3</ele></trkpt>
      <trkpt lat="39.09634" lon="-106.38909"><ele>3085.7</ele></trkpt>
      <trkpt lat="39.09677" lon="-106.38947"><ele>3091.8</ele></trkpt>
      <trkpt lat="39.09711" lon="-106.38969"><ele>3105.0</ele></trkpt>
      <trkpt lat="39.09748" lon="-106.3898"><ele>3107.4</ele></trkpt>
      <trkpt lat="39.09804" lon="-106.39005"><ele>3115.6</ele></trkpt>
      <trkpt lat="39.09858" lon="-106.39028"><ele>3124.0</ele></trkpt>
      <trkpt lat="39.09912" lon="-106.39051"><ele>3123.7</ele></trkpt>
      <trkpt lat="39.0997" lon="-106.39086"><ele>3128.6</ele></trkpt>
      <trkpt lat="39.10036" lon="-106.39149"><ele>3146.2</ele></trkpt>
      <trkpt lat="39.10102" lon="-106.39211"><ele>3155.0</ele></trkpt>
      <trkpt lat="39.10133" lon="-106.39255"><ele>3161.2</ele></trkpt>
      <trkpt lat="39.10163" lon="-106.393"><ele>3164.1</ele></trkpt>
      <trkpt lat="39.10197" lon="-106.39335"><ele>3169.8</ele></trkpt>
      <trkpt lat="39.10215" lon="-106.39349"><ele>3172.2</ele></trkpt>
      <trkpt lat="39.10215" lon="-106.39349"><ele>3172.2</ele></trkpt>
      <trkpt lat="39.10243" lon="-106.39369"><ele>3173.1</ele></trkpt>
      <trkpt lat="39.10262" lon="-106.39375"><ele>3171.7</ele></trkpt>
      <trkpt lat="39.10285" lon="-106.39402"><ele>3176.2</ele></trkpt>
      <trkpt lat="39.10321" lon="-106.39426"><ele>3182.0</ele></trkpt>
      <trkpt lat="39.10356" lon="-106.39463"><ele>3185.6</ele></trkpt>
      <trkpt lat="39.10391" lon="-106.39501"><ele>3194.3</ele></trkpt>
      <trkpt lat="39.10391" lon="-106.39501"><ele>3194.3</ele></trkpt>
      <trkpt lat="39.10436" lon="-106.39549"><ele>3204.8</ele></trkpt>
      <trkpt lat="39.10454" lon="-106.39563"><ele>3207.6</ele></trkpt>
      <trkpt lat="39.1048" lon="-106.3957"><ele>3213.4</ele></trkpt>
      <trkpt lat="39.10535" lon="-106.39559"><ele>3210.7</ele></trkpt>
      <trkpt lat="39.10566" lon="-106.39536"><ele>3208.7</ele></trkpt>
      <trkpt lat="39.10573" lon="-106.39533"><ele>3208.3</ele></trkpt>
      <trkpt lat="39.10576" lon="-106.39534"><ele>3208.2</ele></trkpt>
      <trkpt lat="39.10584" lon="-106.39528"><ele>3207.7</ele></trkpt>
      <trkpt lat="39.10595" lon="-106.39522"><ele>3207.1</ele></trkpt>
      <trkpt lat="39.10604" lon="-106.39512"><ele>3208.3</ele></trkpt>
      <trkpt lat="39.10623" lon="-106.39496"><ele>3211.2</ele></trkpt>
      <trkpt lat="39.10639" lon="-106.39494"><ele>3214.2</ele></trkpt>
      <trkpt lat="39.1068" lon="-106.39483"><ele>3220.4</ele></trkpt>
      <trkpt lat="39.10704" lon="-106.39479"><ele>3221.4</ele></trkpt>
      <trkpt lat="39.10743" lon="-106.39456"><ele>3223.3</ele></trkpt>
      <trkpt lat="39.10756" lon="-106.3945"><ele>3225.2</ele></trkpt>
      <trkpt lat="39.10767" lon="-106.39445"><ele>3226.3</ele></trkpt>
      <trkpt lat="39.10792" lon="-106.39443"><ele>3228.7</ele></trkpt>
      <trkpt lat="39.10804" lon="-106.39446"><ele>3230.0</ele></trkpt>
      <trkpt lat="39.10816" lon="-106.39444"><ele>3229.7</ele></trkpt>
      <trkpt lat="39.10833" lon="-106.3944"><ele>3229.2</ele></trkpt>
      <trkpt lat="39.1085" lon="-106.39446"><ele>3232.5</ele></trkpt>
      <trkpt lat="39.10863" lon="-106.39439"><ele>3232.4</ele></trkpt>
      <trkpt lat="39.10877" lon="-106.39436"><ele>3233.5</ele></trkpt>
      <trkpt lat="39.10887" lon="-106.39431"><ele>3233.3</ele></trkpt>
      <trkpt lat="39.10899" lon="-106.39421"><ele>3231.9</ele></trkpt>
      <trkpt lat="39.10911" lon="-106.39407"><ele>3228.8</ele></trkpt>
      <trkpt lat="39.10934" lon="-106.3939"><ele>3222.8</ele></trkpt>
      <trkpt lat="39.10942" lon="-106.39383"><ele>3219.7</ele></trkpt>
      <trkpt lat="39.10956" lon="-106.39391"><ele>3218.8</ele></trkpt>
      <trkpt lat="39.10963" lon="-106.39388"><ele>3216.6</ele></trkpt>
      <trkpt lat="39.10967" lon="-106.39382"><ele>3214.0</ele></trkpt>
      <trkpt lat="39.1096" lon="-106.3934"><ele>3199.7</ele></trkpt>
      <trkpt lat="39.10961" lon="-106.39337"><ele>3198.3</ele></trkpt>
      <trkpt lat="39.10965" lon="-106.39338"><ele>3197.4</ele></trkpt>
      <trkpt lat="39.10968" lon="-106.39343"><ele>3198.2</ele></trkpt>
      <trkpt lat="39.11012" lon="-106.39347"><ele>3203.8</ele></trkpt>
      <trkpt lat="39.11078" lon="-106.39313"><ele>3210.5</ele></trkpt>
      <trkpt lat="39.11122" lon="-106.39287"><ele>3207.8</ele></trkpt>
      <trkpt lat="39.11135" lon="-106.3921"><ele>3195.1</ele></trkpt>
      <trkpt lat="39.11195" lon="-106.39139"><ele>3192.0</ele></trkpt>
      <trkpt lat="39.11223" lon="-106.39137"><ele>3195.7</ele></trkpt>
      <trkpt lat="39.11262" lon="-106.39091"><ele>3197.4</ele></trkpt>
      <trkpt lat="39.11262" lon="-106.39091"><ele>3197.4</ele></trkpt>
      <trkpt lat="39.11275" lon="-106.39077"><ele>3197.1</ele></trkpt>
      <trkpt lat="39.11325" lon="-106.39025"><ele>3188.5</ele></trkpt>
      <trkpt lat="39.11355" lon="-106.38969"><ele>3185.2</ele></trkpt>
      <trkpt lat="39.11394" lon="-106.38954"><ele>3184.3</ele></trkpt>
      <trkpt lat="39.11454" lon="-106.38975"><ele>3189.6</ele></trkpt>
      <trkpt lat="39.11493" lon="-106.39008"><ele>3194.4</ele></trkpt>
      <trkpt lat="39.11507" lon="-106.39027"><ele>3198.6</ele></trkpt>
      <trkpt lat="39.11522" lon="-106.39032"><ele>3202.5</ele></trkpt>
      <trkpt lat="39.11565" lon="-106.38986"><ele>3206.9</ele></trkpt>
      <trkpt lat="39.11608" lon="-106.38939"><ele>3215.8</ele></trkpt>
      <trkpt lat="39.11658" lon="-106.38898"><ele>3227.3</ele></trkpt>
      <trkpt lat="39.11708" lon="-106.38858"><ele>3231.7</ele></trkpt>
      <trkpt lat="39.11734" lon="-106.38931"><ele>3234.1</ele></trkpt>
      <trkpt lat="39.11771" lon="-106.38952"><ele>3234.6</ele></trkpt>
      <trkpt lat="39.11804" lon="-106.38926"><ele>3229.1</ele></trkpt>
      <trkpt lat="39.11847" lon="-106.38905"><ele>3221.0</ele></trkpt>
      <trkpt lat="39.11884" lon="-106.38914"><ele>3219.0</ele></trkpt>
      <trkpt lat="39.11927" lon="-106.38933"><ele>3215.5</ele></trkpt>
      <trkpt lat="39.11971" lon="-106.38952"><ele>3212.1</ele></trkpt>
      <trkpt lat="39.12041" lon="-106.38961"><ele>3207.6</ele></trkpt>
      <trkpt lat="39.12072" lon="-106.38974"><ele>3206.7</ele></trkpt>
      <trkpt lat="39.12108" lon="-106.38971"><ele>3204.2</ele></trkpt>
      <trkpt lat="39.12088" lon="-106.38936"><ele>3200.0</ele></trkpt>
      <trkpt lat="39.12092" lon="-106.38923"><ele>3197.8</ele></trkpt>
      <trkpt lat="39.12149" lon="-106.38903"><ele>3188.7</ele></trkpt>
      <trkpt lat="39.12177" lon="-106.38888"><ele>3183.9</ele></trkpt>
      <trkpt lat="39.12221" lon="-106.38883"><ele>3182.1</ele></trkpt>
      <trkpt lat="39.12261" lon="-106.38866"><ele>3177.0</ele></trkpt>
      <trkpt lat="39.12264" lon="-106.38866"><ele>3176.8</ele></trkpt>
      <trkpt lat="39.12264" lon="-106.38866"><ele>3176.8</ele></trkpt>
      <trkpt lat="39.12311" lon="-106.38864"><ele>3171.1</ele></trkpt>
      <trkpt lat="39.12358" lon="-106.38862"><ele>3161.9</ele></trkpt>
      <trkpt lat="39.12381" lon="-106.38876"><ele>3158.9</ele></trkpt>
      <trkpt lat="39.12409" lon="-106.38909"><ele>3153.7</ele></trkpt>
      <trkpt lat="39.12412" lon="-106.38934"><ele>3153.5</ele></trkpt>
      <trkpt lat="39.124" lon="-106.38982"><ele>3159.0</ele></trkpt>
      <trkpt lat="39.124" lon="-106.39012"><ele>3160.4</ele></trkpt>
      <trkpt lat="39.12407" lon="-106.39034"><ele>3158.7</ele></trkpt>
      <trkpt lat="39.12433" lon="-106.39059"><ele>3149.3</ele></trkpt>
      <trkpt lat="39.12426" lon="-106.39116"><ele>3147.5</ele></trkpt>
      <trkpt lat="39.12433" lon="-106.3912"><ele>3146.2</ele></trkpt>
      <trkpt lat="39.12455" lon="-106.391"><ele>3142.4</ele></trkpt>
      <trkpt lat="39.12463" lon="-106.39143"><ele>3142.0</ele></trkpt>
      <trkpt lat="39.12485" lon="-106.39132"><ele>3139.4</ele></trkpt>
      <trkpt lat="39.12502" lon="-106.39131"><ele>3141.3</ele></trkpt>
      <trkpt lat="39.12531" lon="-106.39106"><ele>3140.0</ele></trkpt>
      <trkpt lat="39.12556" lon="-106.3911"><ele>3146.3</ele></trkpt>
      <trkpt lat="39.12597" lon="-106.39099"><ele>3155.2</ele></trkpt>
      <trkpt lat="39.12611" lon="-106.3909"><ele>3158.7</ele></trkpt>
      <trkpt lat="39.1263" lon="-106.39069"><ele>3160.9</ele></trkpt>
      <trkpt lat="39.12652" lon="-106.3906"><ele>3165.9</ele></trkpt>
      <trkpt lat="39.12675" lon="-106.3904"><ele>3168.6</ele></trkpt>
      <trkpt lat="39.1268" lon="-106.39028"><ele>3167.9</ele></trkpt>
      <trkpt lat="39.12699" lon="-106.39013"><ele>3168.2</ele></trkpt>
      <trkpt lat="39.12784" lon="-106.3901"><ele>3168.2</ele></trkpt>
      <trkpt lat="39.12851" lon="-106.39049"><ele>3167.9</ele></trkpt>
      <trkpt lat="39.12894" lon="-106.39103"><ele>3168.7</ele></trkpt>
      <trkpt lat="39.12925" lon="-106.39154"><ele>3170.4</ele></trkpt>
      <trkpt lat="39.1297" lon="-106.39192"><ele>3168.5</ele></trkpt>
      <trkpt lat="39.13008" lon="-106.39244"><ele>3170.2</ele></trkpt>
      <trkpt lat="39.1306" lon="-106.39278"><ele>3167.1</ele></trkpt>
      <trkpt lat="39.13131" lon="-106.39334"><ele>3161.5</ele></trkpt>
      <trkpt lat="39.13168" lon="-106.39389"><ele>3160.4</ele></trkpt>
      <trkpt lat="39.13184" lon="-106.39441"><ele>3160.4</ele></trkpt>
      <trkpt lat="39.13206" lon="-106.39483"><ele>3158.7</ele></trkpt>
      <trkpt lat="39.13206" lon="-106.39483"><ele>3158.7</ele></trkpt>
      <trkpt lat="39.13218" lon="-106.39505"><ele>3158.3</ele></trkpt>
      <trkpt lat="39.13281" lon="-106.39533"><ele>3153.6</ele></trkpt>
      <trkpt lat="39.13344" lon="-106.39561"><ele>3150.0</ele></trkpt>
      <trkpt lat="39.13407" lon="-106.3959"><ele>3145.0</ele></trkpt>
      <trkpt lat="39.13454" lon="-106.39621"><ele>3142.2</ele></trkpt>
      <trkpt lat="39.13502" lon="-106.39652"><ele>3139.0</ele></trkpt>
      <trkpt lat="39.13527" lon="-106.39664"><ele>3136.4</ele></trkpt>
      <trkpt lat="39.13544" lon="-106.39687"><ele>3134.3</ele></trkpt>
      <trkpt lat="39.13563" lon="-106.397"><ele>3131.2</ele></trkpt>
      <trkpt lat="39.13575" lon="-106.39704"><ele>3128.6</ele></trkpt>
      <trkpt lat="39.13589" lon="-106.39706"><ele>3125.1</ele></trkpt>
      <trkpt lat="39.13591" lon="-106.39706"><ele>3124.7</ele></trkpt>
      <trkpt lat="39.136" lon="-106.39712"><ele>3124.5</ele></trkpt>
      <trkpt lat="39.13609" lon="-106.39711"><ele>3124.0</ele></trkpt>
      <trkpt lat="39.13635" lon="-106.39725"><ele>3125.5</ele></trkpt>
      <trkpt lat="39.13645" lon="-106.39727"><ele>3124.8</ele></trkpt>
      <trkpt lat="39.13654" lon="-106.3973"><ele>3124.2</ele></trkpt>
      <trkpt lat="39.13662" lon="-106.39739"><ele>3124.4</ele></trkpt>
      <trkpt lat="39.1368" lon="-106.39744"><ele>3122.3</ele></trkpt>
      <trkpt lat="39.13689" lon="-106.39745"><ele>3120.8</ele></trkpt>
      <trkpt lat="39.13698" lon="-106.39749"><ele>3119.8</ele></trkpt>
      <trkpt lat="39.13705" lon="-106.39747"><ele>3118.4</ele></trkpt>
      <trkpt lat="39.13716" lon="-106.39747"><ele>3116.8</ele></trkpt>
      <trkpt lat="39.13724" lon="-106.39747"><ele>3115.8</ele></trkpt>
      <trkpt lat="39.13747" lon="-106.39752"><ele>3113.8</ele></trkpt>
      <trkpt lat="39.13756" lon="-106.39757"><ele>3113.0</ele></trkpt>
      <trkpt lat="39.13764" lon="-106.39763"><ele>3112.3</ele></trkpt>
      <trkpt lat="39.13782" lon="-106.39772"><ele>3109.7</ele></trkpt>
      <trkpt lat="39.13782" lon="-106.39784"><ele>3110.0</ele></trkpt>
      <trkpt lat="39.13787" lon="-106.39794"><ele>3109.2</ele></trkpt>
      <trkpt lat="39.13793" lon="-106.39793"><ele>3108.2</ele></trkpt>
      <trkpt lat="39.1381" lon="-106.39795"><ele>3105.0</ele></trkpt>
      <trkpt lat="39.13847" lon="-106.39801"><ele>3096.2</ele></trkpt>
      <trkpt lat="39.1385" lon="-106.39804"><ele>3095.4</ele></trkpt>
      <trkpt lat="39.13868" lon="-106.39814"><ele>3093.0</ele></trkpt>
      <trkpt lat="39.13886" lon="-106.39815"><ele>3095.4</ele></trkpt>
      <trkpt lat="39.13914" lon="-106.39793"><ele>3096.2</ele></trkpt>
      <trkpt lat="39.13965" lon="-106.39768"><ele>3095.6</ele></trkpt>
      <trkpt lat="39.13981" lon="-106.39758"><ele>3095.2</ele></trkpt>
      <trkpt lat="39.14004" lon="-106.39751"><ele>3094.5</ele></trkpt>
      <trkpt lat="39.14036" lon="-106.39756"><ele>3094.1</ele></trkpt>
      <trkpt lat="39.14048" lon="-106.39759"><ele>3093.9</ele></trkpt>
      <trkpt lat="39.141" lon="-106.39795"><ele>3092.1</ele></trkpt>
      <trkpt lat="39.14126" lon="-106.39808"><ele>3089.2</ele></trkpt>
      <trkpt lat="39.14126" lon="-106.39808"><ele>3089.2</ele></trkpt>
      <trkpt lat="39.14159" lon="-106.39825"><ele>3083.3</ele></trkpt>
      <trkpt lat="39.14193" lon="-106.39859"><ele>3079.0</ele></trkpt>
      <trkpt lat="39.14216" lon="-106.39865"><ele>3077.3</ele></trkpt>
      <trkpt lat="39.14241" lon="-106.3987"><ele>3074.1</ele></trkpt>
      <trkpt lat="39.14267" lon="-106.39863"><ele>3072.0</ele></trkpt>
      <trkpt lat="39.14295" lon="-106.3986"><ele>3072.1</ele></trkpt>
      <trkpt lat="39.14322" lon="-106.39846"><ele>3071.9</ele></trkpt>
      <trkpt lat="39.14331" lon="-106.39822"><ele>3071.2</ele></trkpt>
      <trkpt lat="39.14336" lon="-106.39798"><ele>3071.2</ele></trkpt>
      <trkpt lat="39.1434" lon="-106.39766"><ele>3069.8</ele></trkpt>
      <trkpt lat="39.14353" lon="-106.39742"><ele>3070.1</ele></trkpt>
      <trkpt lat="39.14368" lon="-106.39673"><ele>3064.3</ele></trkpt>
      <trkpt lat="39.14385" lon="-106.3961"><ele>3062.7</ele></trkpt>
      <trkpt lat="39.14403" lon="-106.39547"><ele>3056.3</ele></trkpt>
      <trkpt lat="39.14413" lon="-106.39532"><ele>3055.5</ele></trkpt>
      <trkpt lat="39.14442" lon="-106.39512"><ele>3057.3</ele></trkpt>
      <trkpt lat="39.1451" lon="-106.39461"><ele>3055.9</ele></trkpt>
      <trkpt lat="39.14539" lon="-106.39442"><ele>3057.3</ele></trkpt>
      <trkpt lat="39.14548" lon="-106.39425"><ele>3059.1</ele></trkpt>
      <trkpt lat="39.14521" lon="-106.39356"><ele>3058.8</ele></trkpt>
      <trkpt lat="39.14509" lon="-106.39323"><ele>3059.0</ele></trkpt>
      <trkpt lat="39.14483" lon="-106.39241"><ele>3059.1</ele></trkpt>
      <trkpt lat="39.14467" lon="-106.39179"><ele>3060.3</ele></trkpt>
      <trkpt lat="39.1445" lon="-106.39088"><ele>3061.2</ele></trkpt>
      <trkpt lat="39.14437" lon="-106.39003"><ele>3059.3</ele></trkpt>
      <trkpt lat="39.14427" lon="-106.38932"><ele>3057.5</ele></trkpt>
      <trkpt lat="39.14424" lon="-106.38889"><ele>3056.8</ele></trkpt>
      <trkpt lat="39.14426" lon="-106.3887"><ele>3056.8</ele></trkpt>
      <trkpt lat="39.14436" lon="-106.38844"><ele>3058.2</ele></trkpt>
      <trkpt lat="39.14452" lon="-106.38813"><ele>3060.2</ele></trkpt>
      <trkpt lat="39.14455" lon="-106.38776"><ele>3058.5</ele></trkpt>
      <trkpt lat="39.14465" lon="-106.38725"><ele>3057.7</ele></trkpt>
      <trkpt lat="39.14471" lon="-106.38704"><ele>3055.8</ele></trkpt>
      <trkpt lat="39.1448" lon="-106.38696"><ele>3055.4</ele></trkpt>
      <trkpt lat="39.14508" lon="-106.38692"><ele>3058.8</ele></trkpt>
      <trkpt lat="39.14515" lon="-106.38688"><ele>3059.9</ele></trkpt>
      <trkpt lat="39.14519" lon="-106.38675"><ele>3060.6</ele></trkpt>
      <trkpt lat="39.14511" lon="-106.38646"><ele>3058.0</ele></trkpt>
      <trkpt lat="39.14508" lon="-106.38616"><ele>3057.0</ele></trkpt>
      <trkpt lat="39.14518" lon="-106.38545"><ele>3057.6</ele></trkpt>
      <trkpt lat="39.14517" lon="-106.38532"><ele>3057.2</ele></trkpt>
      <trkpt lat="39.14509" lon="-106.38502"><ele>3056.2</ele></trkpt>
      <trkpt lat="39.1447" lon="-106.38413"><ele>3052.8</ele></trkpt>
      <trkpt lat="39.14462" lon="-106.3839"><ele>3051.9</ele></trkpt>
      <trkpt lat="39.1446" lon="-106.38376"><ele>3051.6</ele></trkpt>
      <trkpt lat="39.14466" lon="-106.38311"><ele>3048.9</ele></trkpt>
      <trkpt lat="39.14472" lon="-106.38201"><ele>3046.5</ele></trkpt>
      <trkpt lat="39.14481" lon="-106.38106"><ele>3042.6</ele></trkpt>
      <trkpt lat="39.14489" lon="-106.38058"><ele>3040.9</ele></trkpt>
      <trkpt lat="39.14496" lon="-106.38031"><ele>3039.9</ele></trkpt>
      <trkpt lat="39.14514" lon="-106.3798"><ele>3037.6</ele></trkpt>
      <trkpt lat="39.14527" lon="-106.37955"><ele>3035.5</ele></trkpt>
      <trkpt lat="39.14575" lon="-106.3789"><ele>3032.2</ele></trkpt>
      <trkpt lat="39.14584" lon="-106.37869"><ele>3030.7</ele></trkpt>
      <trkpt lat="39.14592" lon="-106.3784"><ele>3028.0</ele></trkpt>
      <trkpt lat="39.14593" lon="-106.37804"><ele>3024.7</ele></trkpt>
      <trkpt lat="39.14592" lon="-106.3773"><ele>3021.9</ele></trkpt>
      <trkpt lat="39.14591" lon="-106.37656"><ele>3019.1</ele></trkpt>
      <trkpt lat="39.14591" lon="-106.37656"><ele>3019.1</ele></trkpt>
      <trkpt lat="39.14592" lon="-106.37609"><ele>3017.1</ele></trkpt>
      <trkpt lat="39.14599" lon="-106.37538"><ele>3013.5</ele></trkpt>
      <trkpt lat="39.14604" lon="-106.37482"><ele>3010.7</ele></trkpt>
      <trkpt lat="39.14613" lon="-106.37416"><ele>3008.6</ele></trkpt>
      <trkpt lat="39.14625" lon="-106.37352"><ele>3006.5</ele></trkpt>
      <trkpt lat="39.14634" lon="-106.37325"><ele>3005.6</ele></trkpt>
      <trkpt lat="39.14645" lon="-106.37306"><ele>3005.1</ele></trkpt>
      <trkpt lat="39.14654" lon="-106.37298"><ele>3004.9</ele></trkpt>
      <trkpt lat="39.1469" lon="-106.37287"><ele>3004.7</ele></trkpt>
      <trkpt lat="39.14716" lon="-106.37288"><ele>3004.9</ele></trkpt>
      <trkpt lat="39.14737" lon="-106.37281"><ele>3004.4</ele></trkpt>
      <trkpt lat="39.14757" lon="-106.37272"><ele>3003.5</ele></trkpt>
      <trkpt lat="39.14782" lon="-106.37255"><ele>3001.5</ele></trkpt>
      <trkpt lat="39.14796" lon="-106.37253"><ele>3000.3</ele></trkpt>
      <trkpt lat="39.14806" lon="-106.37256"><ele>2999.5</ele></trkpt>
      <trkpt lat="39.14821" lon="-106.37268"><ele>2998.1</ele></trkpt>
      <trkpt lat="39.14878" lon="-106.37355"><ele>2996.3</ele></trkpt>
      <trkpt lat="39.14916" lon="-106.37412"><ele>2995.8</ele></trkpt>
      <trkpt lat="39.14925" lon="-106.37417"><ele>2996.8</ele></trkpt>
      <trkpt lat="39.14934" lon="-106.37415"><ele>2997.7</ele></trkpt>
      <trkpt lat="39.14939" lon="-106.37406"><ele>2998.1</ele></trkpt>
      <trkpt lat="39.14955" lon="-106.37366"><ele>3001.0</ele></trkpt>
      <trkpt lat="39.14963" lon="-106.37335"><ele>3003.6</ele></trkpt>
      <trkpt lat="39.14966" lon="-106.37304"><ele>3004.2</ele></trkpt>
      <trkpt lat="39.14968" lon="-106.37249"><ele>3003.6</ele></trkpt>
      <trkpt lat="39.1497" lon="-106.37211"><ele>3002.5</ele></trkpt>
      <trkpt lat="39.14974" lon="-106.37186"><ele>3002.3</ele></trkpt>
      <trkpt lat="39.14979" lon="-106.37175"><ele>3002.4</ele></trkpt>
      <trkpt lat="39.14988" lon="-106.37163"><ele>3002.7</ele></trkpt>
      <trkpt lat="39.14996" lon="-106.37155"><ele>3002.9</ele></trkpt>
      <trkpt lat="39.15015" lon="-106.37149"><ele>3003.4</ele></trkpt>
      <trkpt lat="39.15065" lon="-106.37163"><ele>3005.4</ele></trkpt>
      <trkpt lat="39.15138" lon="-106.3717"><ele>3006.7</ele></trkpt>
      <trkpt lat="39.15209" lon="-106.37173"><ele>3007.6</ele></trkpt>
      <trkpt lat="39.15243" lon="-106.37166"><ele>3007.8</ele></trkpt>
      <trkpt lat="39.15296" lon="-106.37143"><ele>3007.5</ele></trkpt>
      <trkpt lat="39.15359" lon="-106.37112"><ele>3007.4</ele></trkpt>
      <trkpt lat="39.15406" lon="-106.37079"><ele>3006.9</ele></trkpt>
      <trkpt lat="39.15446" lon="-106.37043"><ele>3005.6</ele></trkpt>
      <trkpt lat="39.15458" lon="-106.37032"><ele>3005.1</ele></trkpt>
      <trkpt lat="39.15458" lon="-106.37032"><ele>3005.1</ele></trkpt>
      <trkpt lat="39.15498" lon="-106.36992"><ele>3002.8</ele></trkpt>
      <trkpt lat="39.15537" lon="-106.36953"><ele>3000.0</ele></trkpt>
      <trkpt lat="39.15578" lon="-106.369"><ele>2997.1</ele></trkpt>
      <trkpt lat="39.15605" lon="-106.36869"><ele>2995.3</ele></trkpt>
      <trkpt lat="39.15664" lon="-106.36814"><ele>2993.2</ele></trkpt>
      <trkpt lat="39.15704" lon="-106.36781"><ele>2991.4</ele></trkpt>
      <trkpt lat="39.1574" lon="-106.36764"><ele>2989.9</ele></trkpt>
      <trkpt lat="39.15761" lon="-106.36762"><ele>2989.0</ele></trkpt>
      <trkpt lat="39.15783" lon="-106.36767"><ele>2988.2</ele></trkpt>
      <trkpt lat="39.15826" lon="-106.36778"><ele>2987.0</ele></trkpt>
      <trkpt lat="39.15854" lon="-106.36783"><ele>2986.3</ele></trkpt>
      <trkpt lat="39.15888" lon="-106.36784"><ele>2985.1</ele></trkpt>
      <trkpt lat="39.15945" lon="-106.368"><ele>2984.0</ele></trkpt>
      <trkpt lat="39.15975" lon="-106.36813"><ele>2983.7</ele></trkpt>
      <trkpt lat="39.16022" lon="-106.36848"><ele>2983.7</ele></trkpt>
      <trkpt lat="39.16035" lon="-106.36856"><ele>2983.4</ele></trkpt>
      <trkpt lat="39.16046" lon="-106.36862"><ele>2983.2</ele></trkpt>
      <trkpt lat="39.1606" lon="-106.36861"><ele>2982.8</ele></trkpt>
      <trkpt lat="39.16072" lon="-106.36858"><ele>2983.2</ele></trkpt>
      <trkpt lat="39.16085" lon="-106.36849"><ele>2983.8</ele></trkpt>
      <trkpt lat="39.16092" lon="-106.36842"><ele>2984.2</ele></trkpt>
      <trkpt lat="39.16096" lon="-106.36833"><ele>2984.3</ele></trkpt>
      <trkpt lat="39.16142" lon="-106.36834"><ele>2986.8</ele></trkpt>
      <trkpt lat="39.16184" lon="-106.36839"><ele>2988.8</ele></trkpt>
      <trkpt lat="39.16232" lon="-106.36852"><ele>2990.0</ele></trkpt>
      <trkpt lat="39.16244" lon="-106.36857"><ele>2990.2</ele></trkpt>
      <trkpt lat="39.16299" lon="-106.36883"><ele>2990.5</ele></trkpt>
      <trkpt lat="39.16323" lon="-106.36889"><ele>2990.1</ele></trkpt>
      <trkpt lat="39.16362" lon="-106.36891"><ele>2989.3</ele></trkpt>
      <trkpt lat="39.16415" lon="-106.36884"><ele>2987.5</ele></trkpt>
      <trkpt lat="39.16438" lon="-106.36877"><ele>2986.7</ele></trkpt>
      <trkpt lat="39.16505" lon="-106.36841"><ele>2984.1</ele></trkpt>
      <trkpt lat="39.16505" lon="-106.36841"><ele>2984.1</ele></trkpt>
      <trkpt lat="39.16553" lon="-106.36813"><ele>2982.1</ele></trkpt>
      <trkpt lat="39.16602" lon="-106.36786"><ele>2979.6</ele></trkpt>
      <trkpt lat="39.16624" lon="-106.36784"><ele>2978.7</ele></trkpt>
      <trkpt lat="39.16639" lon="-106.36786"><ele>2978.0</ele></trkpt>
      <trkpt lat="39.16663" lon="-106.36786"><ele>2976.6</ele></trkpt>
      <trkpt lat="39.16687" lon="-106.36779"><ele>2974.6</ele></trkpt>
      <trkpt lat="39.16712" lon="-106.36766"><ele>2972.5</ele></trkpt>
      <trkpt lat="39.16719" lon="-106.3676"><ele>2972.1</ele></trkpt>
      <trkpt lat="39.1673" lon="-106.36748"><ele>2971.5</ele></trkpt>
      <trkpt lat="39.16739" lon="-106.36735"><ele>2971.1</ele></trkpt>
      <trkpt lat="39.16765" lon="-106.36709"><ele>2968.5</ele></trkpt>
      <trkpt lat="39.16807" lon="-106.36676"><ele>2963.5</ele></trkpt>
      <trkpt lat="39.16849" lon="-106.36642"><ele>2958.4</ele></trkpt>
      <trkpt lat="39.16886" lon="-106.36622"><ele>2955.3</ele></trkpt>
      <trkpt lat="39.16896" lon="-106.36613"><ele>2955.3</ele></trkpt>
      <trkpt lat="39.16904" lon="-106.36592"><ele>2954.6</ele></trkpt>
      <trkpt lat="39.16921" lon="-106.36533"><ele>2953.2</ele></trkpt>
      <trkpt lat="39.1693" lon="-106.36509"><ele>2952.8</ele></trkpt>
      <trkpt lat="39.16944" lon="-106.3649"><ele>2952.6</ele></trkpt>
      <trkpt lat="39.16952" lon="-106.36484"><ele>2952.3</ele></trkpt>
      <trkpt lat="39.16965" lon="-106.36481"><ele>2951.8</ele></trkpt>
      <trkpt lat="39.16985" lon="-106.36484"><ele>2951.2</ele></trkpt>
      <trkpt lat="39.17042" lon="-106.3648"><ele>2949.7</ele></trkpt>
      <trkpt lat="39.17099" lon="-106.36477"><ele>2947.5</ele></trkpt>
      <trkpt lat="39.17127" lon="-106.36471"><ele>2943.8</ele></trkpt>
      <trkpt lat="39.17192" lon="-106.36441"><ele>2941.7</ele></trkpt>
      <trkpt lat="39.17208" lon="-106.36435"><ele>2941.6</ele></trkpt>
      <trkpt lat="39.17227" lon="-106.36439"><ele>2941.8</ele></trkpt>
      <trkpt lat="39.17275" lon="-106.36428"><ele>2940.0</ele></trkpt>
      <trkpt lat="39.17294" lon="-106.36414"><ele>2939.3</ele></trkpt>
      <trkpt lat="39.17322" lon="-106.36404"><ele>2939.0</ele></trkpt>
      <trkpt lat="39.17351" lon="-106.36392"><ele>2939.2</ele></trkpt>
      <trkpt lat="39.1737" lon="-106.36389"><ele>2939.3</ele></trkpt>
      <trkpt lat="39.17376" lon="-106.36381"><ele>2939.2</ele></trkpt>
      <trkpt lat="39.17379" lon="-106.36355"><ele>2938.3</ele></trkpt>
      <trkpt lat="39.17375" lon="-106.36254"><ele>2934.5</ele></trkpt>
      <trkpt lat="39.17378" lon="-106.36246"><ele>2934.2</ele></trkpt>
      <trkpt lat="39.17381" lon="-106.3624"><ele>2934.1</ele></trkpt>
      <trkpt lat="39.17408" lon="-106.36261"><ele>2934.0</ele></trkpt>
      <trkpt lat="39.17427" lon="-106.3627"><ele>2934.2</ele></trkpt>
      <trkpt lat="39.17462" lon="-106.36294"><ele>2935.3</ele></trkpt>
      <trkpt lat="39.17488" lon="-106.36315"><ele>2936.2</ele></trkpt>
      <trkpt lat="39.17525" lon="-106.36349"><ele>2937.7</ele></trkpt>
      <trkpt lat="39.17525" lon="-106.36349"><ele>2937.7</ele></trkpt>
      <trkpt lat="39.17588" lon="-106.3639"><ele>2939.3</ele></trkpt>
      <trkpt lat="39.17651" lon="-106.36432"><ele>2941.4</ele></trkpt>
      <trkpt lat="39.17713" lon="-106.36474"><ele>2943.2</ele></trkpt>
      <trkpt lat="39.17758" lon="-106.36504"><ele>2944.3</ele></trkpt>
      <trkpt lat="39.17802" lon="-106.36535"><ele>2945.1</ele></trkpt>
      <trkpt lat="39.17821" lon="-106.36545"><ele>2945.2</ele></trkpt>
      <trkpt lat="39.17833" lon="-106.36549"><ele>2945.1</ele></trkpt>
      <trkpt lat="39.17849" lon="-106.36549"><ele>2944.6</ele></trkpt>
      <trkpt lat="39.17896" lon="-106.36577"><ele>2944.4</ele></trkpt>
      <trkpt lat="39.17951" lon="-106.36624"><ele>2944.5</ele></trkpt>
      <trkpt lat="39.17975" lon="-106.36652"><ele>2944.8</ele></trkpt>
      <trkpt lat="39.18009" lon="-106.36685"><ele>2944.9</ele></trkpt>
      <trkpt lat="39.18061" lon="-106.36724"><ele>2945.1</ele></trkpt>
      <trkpt lat="39.18132" lon="-106.36773"><ele>2945.1</ele></trkpt>
      <trkpt lat="39.18189" lon="-106.36828"><ele>2944.6</ele></trkpt>
      <trkpt lat="39.18233" lon="-106.36864"><ele>2943.9</ele></trkpt>
      <trkpt lat="39.18248" lon="-106.36881"><ele>2944.0</ele></trkpt>
      <trkpt lat="39.18267" lon="-106.36898"><ele>2944.1</ele></trkpt>
      <trkpt lat="39.18267" lon="-106.36898"><ele>2944.1</ele></trkpt>
      <trkpt lat="39.18318" lon="-106.36945"><ele>2943.7</ele></trkpt>
      <trkpt lat="39.18335" lon="-106.36957"><ele>2943.1</ele></trkpt>
      <trkpt lat="39.18362" lon="-106.3698"><ele>2942.5</ele></trkpt>
      <trkpt lat="39.18403" lon="-106.37022"><ele>2942.6</ele></trkpt>
      <trkpt lat="39.1842" lon="-106.37038"><ele>2942.7</ele></trkpt>
      <trkpt lat="39.18481" lon="-106.37091"><ele>2943.0</ele></trkpt>
      <trkpt lat="39.18498" lon="-106.37107"><ele>2943.1</ele></trkpt>
      <trkpt lat="39.18554" lon="-106.37157"><ele>2942.4</ele></trkpt>
      <trkpt lat="39.18609" lon="-106.37206"><ele>2941.6</ele></trkpt>
      <trkpt lat="39.18665" lon="-106.37256"><ele>2940.4</ele></trkpt>
      <trkpt lat="39.18733" lon="-106.37316"><ele>2939.4</ele></trkpt>
      <trkpt lat="39.18802" lon="-106.37377"><ele>2938.9</ele></trkpt>
      <trkpt lat="39.1887" lon="-106.37437"><ele>2939.3</ele></trkpt>
      <trkpt lat="39.18912" lon="-106.37468"><ele>2939.4</ele></trkpt>
      <trkpt lat="39.18954" lon="-106.37506"><ele>2939.4</ele></trkpt>
      <trkpt lat="39.18993" lon="-106.37543"><ele>2938.8</ele></trkpt>
      <trkpt lat="39.19031" lon="-106.37579"><ele>2938.3</ele></trkpt>
      <trkpt lat="39.19063" lon="-106.37606"><ele>2937.2</ele></trkpt>
      <trkpt lat="39.19078" lon="-106.3762"><ele>2936.9</ele></trkpt>
      <trkpt lat="39.19078" lon="-106.3762"><ele>2936.9</ele></trkpt>
      <trkpt lat="39.191" lon="-106.37641"><ele>2936.7</ele></trkpt>
      <trkpt lat="39.19112" lon="-106.37647"><ele>2936.5</ele></trkpt>
      <trkpt lat="39.19133" lon="-106.37635"><ele>2935.9</ele></trkpt>
      <trkpt lat="39.19141" lon="-106.37636"><ele>2935.7</ele></trkpt>
      <trkpt lat="39.19163" lon="-106.37652"><ele>2935.3</ele></trkpt>
      <trkpt lat="39.19215" lon="-106.377"><ele>2934.1</ele></trkpt>
      <trkpt lat="39.19267" lon="-106.37748"><ele>2931.9</ele></trkpt>
      <trkpt lat="39.19278" lon="-106.37759"><ele>2931.3</ele></trkpt>
      <trkpt lat="39.19286" lon="-106.37744"><ele>2931.4</ele></trkpt>
      <trkpt lat="39.19293" lon="-106.37717"><ele>2931.6</ele></trkpt>
      <trkpt lat="39.19295" lon="-106.37696"><ele>2931.8</ele></trkpt>
      <trkpt lat="39.19293" lon="-106.37675"><ele>2931.9</ele></trkpt>
      <trkpt lat="39.19284" lon="-106.37652"><ele>2932.3</ele></trkpt>
      <trkpt lat="39.19274" lon="-106.37636"><ele>2932.7</ele></trkpt>
      <trkpt lat="39.19267" lon="-106.37616"><ele>2933.1</ele></trkpt>
      <trkpt lat="39.19264" lon="-106.37593"><ele>2933.4</ele></trkpt>
      <trkpt lat="39.19265" lon="-106.37577"><ele>2933.4</ele></trkpt>
      <trkpt lat="39.19268" lon="-106.37566"><ele>2933.4</ele></trkpt>
      <trkpt lat="39.1927" lon="-106.3755"><ele>2933.2</ele></trkpt>
      <trkpt lat="39.1927" lon="-106.37537"><ele>2933.1</ele></trkpt>
      <trkpt lat="39.1927" lon="-106.37537"><ele>2933.1</ele></trkpt>
      <trkpt lat="39.19268" lon="-106.37481"><ele>2932.1</ele></trkpt>
      <trkpt lat="39.19263" lon="-106.37433"><ele>2931.6</ele></trkpt>
      <trkpt lat="39.19263" lon="-106.37422"><ele>2931.5</ele></trkpt>
      <trkpt lat="39.19263" lon="-106.3741"><ele>2931.3</ele></trkpt>
      <trkpt lat="39.19266" lon="-106.37367"><ele>2929.9</ele></trkpt>
      <trkpt lat="39.1927" lon="-106.3733"><ele>2928.6</ele></trkpt>
      <trkpt lat="39.19279" lon="-106.37305"><ele>2927.7</ele></trkpt>
      <trkpt lat="39.19285" lon="-106.37281"><ele>2927.3</ele></trkpt>
      <trkpt lat="39.19293" lon="-106.37236"><ele>2926.6</ele></trkpt>
      <trkpt lat="39.193" lon="-106.37221"><ele>2926.2</ele></trkpt>
      <trkpt lat="39.19308" lon="-106.37208"><ele>2925.9</ele></trkpt>
      <trkpt lat="39.19315" lon="-106.37181"><ele>2925.4</ele></trkpt>
      <trkpt lat="39.19325" lon="-106.3716"><ele>2924.9</ele></trkpt>
      <trkpt lat="39.19338" lon="-106.3713"><ele>2924.3</ele></trkpt>
      <trkpt lat="39.19347" lon="-106.37115"><ele>2924.0</ele></trkpt>
      <trkpt lat="39.19353" lon="-106.37102"><ele>2923.8</ele></trkpt>
      <trkpt lat="39.19357" lon="-106.37086"><ele>2923.6</ele></trkpt>
      <trkpt lat="39.1936" lon="-106.37053"><ele>2923.2</ele></trkpt>
      <trkpt lat="39.1936" lon="-106.36951"><ele>2922.1</ele></trkpt>
      <trkpt lat="39.1936" lon="-106.36849"><ele>2920.1</ele></trkpt>
      <trkpt lat="39.1936" lon="-106.36849"><ele>2920.1</ele></trkpt>
      <trkpt lat="39.1936" lon="-106.36771"><ele>2918.6</ele></trkpt>
      <trkpt lat="39.1936" lon="-106.36694"><ele>2917.1</ele></trkpt>
      <trkpt lat="39.1936" lon="-106.36616"><ele>2915.6</ele></trkpt>
      <trkpt lat="39.19359" lon="-106.36516"><ele>2914.0</ele></trkpt>
      <trkpt lat="39.19358" lon="-106.36415"><ele>2912.4</ele></trkpt>
      <trkpt lat="39.19357" lon="-106.36339"><ele>2910.8</ele></trkpt>
      <trkpt lat="39.19357" lon="-106.36278"><ele>2909.5</ele></trkpt>
      <trkpt lat="39.19357" lon="-106.36217"><ele>2908.7</ele></trkpt>
      <trkpt lat="39.19356" lon="-106.36188"><ele>2908.2</ele></trkpt>
      <trkpt lat="39.19356" lon="-106.36174"><ele>2907.9</ele></trkpt>
      <trkpt lat="39.19358" lon="-106.36167"><ele>2907.7</ele></trkpt>
      <trkpt lat="39.19366" lon="-106.36148"><ele>2907.1</ele></trkpt>
      <trkpt lat="39.19431" lon="-106.36151"><ele>2906.0</ele></trkpt>
      <trkpt lat="39.19486" lon="-106.36153"><ele>2905.1</ele></trkpt>
      <trkpt lat="39.19542" lon="-106.36154"><ele>2903.9</ele></trkpt>
      <trkpt lat="39.19542" lon="-106.36154"><ele>2903.9</ele></trkpt>
      <trkpt lat="39.19621" lon="-106.36156"><ele>2902.6</ele></trkpt>
      <trkpt lat="39.197" lon="-106.36157"><ele>2901.6</ele></trkpt>
      <trkpt lat="39.19778" lon="-106.36159"><ele>2900.7</ele></trkpt>
      <trkpt lat="39.19857" lon="-106.36161"><ele>2899.5</ele></trkpt>
      <trkpt lat="39.19936" lon="-106.36163"><ele>2898.1</ele></trkpt>
      <trkpt lat="39.20015" lon="-106.36165"><ele>2895.6</ele></trkpt>
      <trkpt lat="39.20101" lon="-106.36165"><ele>2893.8</ele></trkpt>
      <trkpt lat="39.2016" lon="-106.36163"><ele>2893.5</ele></trkpt>
      <trkpt lat="39.20181" lon="-106.36167"><ele>2893.3</ele></trkpt>
      <trkpt lat="39.20201" lon="-106.36177"><ele>2893.1</ele></trkpt>
      <trkpt lat="39.20226" lon="-106.36199"><ele>2892.9</ele></trkpt>
      <trkpt lat="39.20253" lon="-106.36217"><ele>2892.4</ele></trkpt>
      <trkpt lat="39.20263" lon="-106.36221"><ele>2892.1</ele></trkpt>
      <trkpt lat="39.20292" lon="-106.3622"><ele>2890.7</ele></trkpt>
      <trkpt lat="39.20307" lon="-106.3622"><ele>2890.0</ele></trkpt>
      <trkpt lat="39.20366" lon="-106.36219"><ele>2887.3</ele></trkpt>
      <trkpt lat="39.20416" lon="-106.36218"><ele>2888.1</ele></trkpt>
      <trkpt lat="39.20466" lon="-106.36216"><ele>2889.1</ele></trkpt>
      <trkpt lat="39.20545" lon="-106.36211"><ele>2889.3</ele></trkpt>
      <trkpt lat="39.20625" lon="-106.36206"><ele>2888.8</ele></trkpt>
      <trkpt lat="39.20705" lon="-106.36201"><ele>2887.9</ele></trkpt>
      <trkpt lat="39.20715" lon="-106.36199"><ele>2887.8</ele></trkpt>
      <trkpt lat="39.20715" lon="-106.36199"><ele>2887.8</ele></trkpt>
      <trkpt lat="39.20727" lon="-106.36196"><ele>2887.6</ele></trkpt>
      <trkpt lat="39.20757" lon="-106.3618"><ele>2887.0</ele></trkpt>
      <trkpt lat="39.20785" lon="-106.36158"><ele>2888.4</ele></trkpt>
      <trkpt lat="39.20797" lon="-106.36148"><ele>2889.0</ele></trkpt>
      <trkpt lat="39.20819" lon="-106.36131"><ele>2890.2</ele></trkpt>
      <trkpt lat="39.20848" lon="-106.36112"><ele>2891.6</ele></trkpt>
      <trkpt lat="39.20869" lon="-106.36107"><ele>2892.0</ele></trkpt>
      <trkpt lat="39.20893" lon="-106.36112"><ele>2892.3</ele></trkpt>
      <trkpt lat="39.20962" lon="-106.3615"><ele>2892.2</ele></trkpt>
      <trkpt lat="39.21006" lon="-106.36171"><ele>2892.0</ele></trkpt>
      <trkpt lat="39.2106" lon="-106.36205"><ele>2892.6</ele></trkpt>
      <trkpt lat="39.21114" lon="-106.36238"><ele>2893.3</ele></trkpt>
      <trkpt lat="39.21166" lon="-106.36272"><ele>2894.1</ele></trkpt>
      <trkpt lat="39.2122" lon="-106.36315"><ele>2894.9</ele></trkpt>
      <trkpt lat="39.21228" lon="-106.36323"><ele>2895.1</ele></trkpt>
      <trkpt lat="39.2126" lon="-106.36345"><ele>2895.6</ele></trkpt>
      <trkpt lat="39.21299" lon="-106.36364"><ele>2896.2</ele></trkpt>
      <trkpt lat="39.21299" lon="-106.36364"><ele>2896.2</ele></trkpt>
      <trkpt lat="39.21305" lon="-106.36366"><ele>2896.3</ele></trkpt>
      <trkpt lat="39.21336" lon="-106.36376"><ele>2896.8</ele></trkpt>
      <trkpt lat="39.21347" lon="-106.36378"><ele>2896.9</ele></trkpt>
      <trkpt lat="39.21347" lon="-106.36378"><ele>2896.9</ele></trkpt>
      <trkpt lat="39.213484" lon="-106.363816"><ele>2897.0</ele></trkpt>
      <trkpt lat="39.213484" lon="-106.363816"><ele>2897.0</ele></trkpt>
      <trkpt lat="39.213484" lon="-106.363816"><ele>2897.0</ele></trkpt>
      <trkpt lat="39.213535" lon="-106.366029"><ele>2898.0</ele></trkpt>
      <trkpt lat="39.213535" lon="-106.366029"><ele>2898.0</ele></trkpt>
      <trkpt lat="39.213547" lon="-106.36607"><ele>2898.0</ele></trkpt>
      <trkpt lat="39.213547" lon="-106.36607"><ele>2898.0</ele></trkpt>
      <trkpt lat="39.213547" lon="-106.36607"><ele>2898.0</ele></trkpt>
      <trkpt lat="39.213851" lon="-106.367186"><ele>2898.2</ele></trkpt>
      <trkpt lat="39.214155" lon="-106.368301"><ele>2898.7</ele></trkpt>
      <trkpt lat="39.214155" lon="-106.368301"><ele>2898.7</ele></trkpt>
      <trkpt lat="39.214205" lon="-106.368469"><ele>2898.7</ele></trkpt>
      <trkpt lat="39.214205" lon="-106.368469"><ele>2898.7</ele></trkpt>
      <trkpt lat="39.214205" lon="-106.368469"><ele>2898.7</ele></trkpt>
      <trkpt lat="39.214733" lon="-106.369523"><ele>2899.6</ele></trkpt>
      <trkpt lat="39.215261" lon="-106.370577"><ele>2899.6</ele></trkpt>
      <trkpt lat="39.215789" lon="-106.371631"><ele>2899.1</ele></trkpt>
      <trkpt lat="39.215789" lon="-106.371631"><ele>2899.1</ele></trkpt>
      <trkpt lat="39.215886" lon="-106.371722"><ele>2899.1</ele></trkpt>
      <trkpt lat="39.215886" lon="-106.371722"><ele>2899.1</ele></trkpt>
      <trkpt lat="39.215886" lon="-106.371722"><ele>2899.1</ele></trkpt>
      <trkpt lat="39.216826" lon="-106.372234"><ele>2900.1</ele></trkpt>
      <trkpt lat="39.217767" lon="-106.372746"><ele>2901.3</ele></trkpt>
      <trkpt lat="39.218708" lon="-106.373258"><ele>2902.5</ele></trkpt>
      <trkpt lat="39.218708" lon="-106.373258"><ele>2902.5</ele></trkpt>
      <trkpt lat="39.218818" lon="-106.373297"><ele>2902.6</ele></trkpt>
      <trkpt lat="39.218818" lon="-106.373297"><ele>2902.6</ele></trkpt>
      <trkpt lat="39.218818" lon="-106.373297"><ele>2902.6</ele></trkpt>
      <trkpt lat="39.219757" lon="-106.373467"><ele>2904.1</ele></trkpt>
      <trkpt lat="39.220695" lon="-106.373636"><ele>2905.5</ele></trkpt>
      <trkpt lat="39.221634" lon="-106.373805"><ele>2906.8</ele></trkpt>
      <trkpt lat="39.222573" lon="-106.373975"><ele>2907.6</ele></trkpt>
      <trkpt lat="39.222573" lon="-106.373975"><ele>2907.6</ele></trkpt>
      <trkpt lat="39.222614" lon="-106.374028"><ele>2907.5</ele></trkpt>
      <trkpt lat="39.22262" lon="-106.37499"><ele>2906.1</ele></trkpt>
      <trkpt lat="39.22262" lon="-106.37595"><ele>2904.8</ele></trkpt>
      <trkpt lat="39.22262" lon="-106.37692"><ele>2903.7</ele></trkpt>
      <trkpt lat="39.22262" lon="-106.37788"><ele>2903.7</ele></trkpt>
      <trkpt lat="39.22262" lon="-106.37885"><ele>2903.7</ele></trkpt>
      <trkpt lat="39.22261" lon="-106.37907"><ele>2903.7</ele></trkpt>
      <trkpt lat="39.22261" lon="-106.38022"><ele>2903.7</ele></trkpt>
      <trkpt lat="39.22261" lon="-106.38137"><ele>2903.7</ele></trkpt>
      <trkpt lat="39.22261" lon="-106.38252"><ele>2905.4</ele></trkpt>
      <trkpt lat="39.22261" lon="-106.38367"><ele>2908.7</ele></trkpt>
      <trkpt lat="39.22261" lon="-106.38414"><ele>2910.4</ele></trkpt>
      <trkpt lat="39.22264" lon="-106.38438"><ele>2911.2</ele></trkpt>
      <trkpt lat="39.22268" lon="-106.38463"><ele>2911.9</ele></trkpt>
      <trkpt lat="39.22276" lon="-106.38492"><ele>2912.5</ele></trkpt>
      <trkpt lat="39.22292" lon="-106.38529"><ele>2913.1</ele></trkpt>
      <trkpt lat="39.22312" lon="-106.38563"><ele>2913.4</ele></trkpt>
      <trkpt lat="39.22343" lon="-106.38605"><ele>2913.8</ele></trkpt>
      <trkpt lat="39.22374" lon="-106.38648"><ele>2914.7</ele></trkpt>
      <trkpt lat="39.22402" lon="-106.38695"><ele>2916.5</ele></trkpt>
      <trkpt lat="39.22402" lon="-106.38695"><ele>2916.5</ele></trkpt>
      <trkpt lat="39.22421" lon="-106.38729"><ele>2918.8</ele></trkpt>
      <trkpt lat="39.22437" lon="-106.38764"><ele>2920.9</ele></trkpt>
      <trkpt lat="39.2247" lon="-106.38844"><ele>2922.7</ele></trkpt>
      <trkpt lat="39.22504" lon="-106.38925"><ele>2923.9</ele></trkpt>
      <trkpt lat="39.22516" lon="-106.38957"><ele>2924.2</ele></trkpt>
      <trkpt lat="39.22546" lon="-106.39018"><ele>2924.6</ele></trkpt>
      <trkpt lat="39.22556" lon="-106.39031"><ele>2924.9</ele></trkpt>
      <trkpt lat="39.22565" lon="-106.3904"><ele>2925.2</ele></trkpt>
      <trkpt lat="39.22573" lon="-106.39047"><ele>2925.7</ele></trkpt>
      <trkpt lat="39.22585" lon="-106.39053"><ele>2926.5</ele></trkpt>
      <trkpt lat="39.22594" lon="-106.39054"><ele>2927.2</ele></trkpt>
      <trkpt lat="39.22602" lon="-106.39052"><ele>2927.7</ele></trkpt>
      <trkpt lat="39.22624" lon="-106.39042"><ele>2928.4</ele></trkpt>
      <trkpt lat="39.22664" lon="-106.39014"><ele>2929.3</ele></trkpt>
      <trkpt lat="39.22664" lon="-106.39014"><ele>2929.3</ele></trkpt>
      <trkpt lat="39.22683" lon="-106.39007"><ele>2929.9</ele></trkpt>
      <trkpt lat="39.22695" lon="-106.39009"><ele>2930.5</ele></trkpt>
      <trkpt lat="39.22708" lon="-106.39018"><ele>2931.5</ele></trkpt>
      <trkpt lat="39.22776" lon="-106.39088"><ele>2934.6</ele></trkpt>
      <trkpt lat="39.22845" lon="-106.39159"><ele>2938.0</ele></trkpt>
      <trkpt lat="39.22857" lon="-106.39167"><ele>2939.2</ele></trkpt>
      <trkpt lat="39.22873" lon="-106.39174"><ele>2941.0</ele></trkpt>
      <trkpt lat="39.2289" lon="-106.39175"><ele>2942.8</ele></trkpt>
      <trkpt lat="39.22906" lon="-106.39168"><ele>2943.8</ele></trkpt>
      <trkpt lat="39.22968" lon="-106.39122"><ele>2944.8</ele></trkpt>
      <trkpt lat="39.22968" lon="-106.39122"><ele>2944.8</ele></trkpt>
      <trkpt lat="39.23029" lon="-106.39076"><ele>2944.1</ele></trkpt>
      <trkpt lat="39.23084" lon="-106.39038"><ele>2944.3</ele></trkpt>
      <trkpt lat="39.2309" lon="-106.39033"><ele>2944.3</ele></trkpt>
      <trkpt lat="39.23106" lon="-106.39018"><ele>2944.4</ele></trkpt>
      <trkpt lat="39.2313" lon="-106.38975"><ele>2943.6</ele></trkpt>
      <trkpt lat="39.2314" lon="-106.38961"><ele>2943.4</ele></trkpt>
      <trkpt lat="39.23152" lon="-106.38951"><ele>2943.7</ele></trkpt>
      <trkpt lat="39.23205" lon="-106.38924"><ele>2945.7</ele></trkpt>
      <trkpt lat="39.23259" lon="-106.38897"><ele>2947.0</ele></trkpt>
      <trkpt lat="39.23284" lon="-106.38887"><ele>2947.9</ele></trkpt>
      <trkpt lat="39.23348" lon="-106.38867"><ele>2949.0</ele></trkpt>
      <trkpt lat="39.23411" lon="-106.38847"><ele>2947.3</ele></trkpt>
      <trkpt lat="39.23437" lon="-106.38835"><ele>2946.4</ele></trkpt>
      <trkpt lat="39.23519" lon="-106.38793"><ele>2945.8</ele></trkpt>
      <trkpt lat="39.23534" lon="-106.38783"><ele>2946.3</ele></trkpt>
      <trkpt lat="39.23545" lon="-106.38771"><ele>2947.2</ele></trkpt>
      <trkpt lat="39.23553" lon="-106.38754"><ele>2948.0</ele></trkpt>
      <trkpt lat="39.23556" lon="-106.38745"><ele>2948.0</ele></trkpt>
      <trkpt lat="39.2356" lon="-106.3873"><ele>2947.1</ele></trkpt>
      <trkpt lat="39.23563" lon="-106.38695"><ele>2943.7</ele></trkpt>
      <trkpt lat="39.23564" lon="-106.38622"><ele>2941.7</ele></trkpt>
      <trkpt lat="39.23566" lon="-106.38549"><ele>2939.3</ele></trkpt>
      <trkpt lat="39.2356" lon="-106.3853"><ele>2938.2</ele></trkpt>
      <trkpt lat="39.23536" lon="-106.38463"><ele>2937.1</ele></trkpt>
      <trkpt lat="39.23529" lon="-106.38421"><ele>2938.8</ele></trkpt>
      <trkpt lat="39.23529" lon="-106.38376"><ele>2933.1</ele></trkpt>
      <trkpt lat="39.23537" lon="-106.38311"><ele>2928.4</ele></trkpt>
      <trkpt lat="39.23558" lon="-106.38215"><ele>2919.2</ele></trkpt>
      <trkpt lat="39.23568" lon="-106.38161"><ele>2917.6</ele></trkpt>
      <trkpt lat="39.23581" lon="-106.38078"><ele>2920.2</ele></trkpt>
      <trkpt lat="39.23594" lon="-106.38021"><ele>2922.7</ele></trkpt>
      <trkpt lat="39.23612" lon="-106.3796"><ele>2925.6</ele></trkpt>
      <trkpt lat="39.2362" lon="-106.37914"><ele>2927.0</ele></trkpt>
      <trkpt lat="39.23625" lon="-106.37867"><ele>2927.4</ele></trkpt>
      <trkpt lat="39.23632" lon="-106.37768"><ele>2926.6</ele></trkpt>
      <trkpt lat="39.23639" lon="-106.37669"><ele>2926.9</ele></trkpt>
      <trkpt lat="39.23646" lon="-106.37569"><ele>2926.7</ele></trkpt>
      <trkpt lat="39.23653" lon="-106.3747"><ele>2926.2</ele></trkpt>
      <trkpt lat="39.2366" lon="-106.37371"><ele>2925.9</ele></trkpt>
      <trkpt lat="39.23667" lon="-106.37271"><ele>2925.5</ele></trkpt>
      <trkpt lat="39.23674" lon="-106.37172"><ele>2925.3</ele></trkpt>
      <trkpt lat="39.23674" lon="-106.37172"><ele>2925.3</ele></trkpt>
      <trkpt lat="39.23682" lon="-106.37062"><ele>2925.5</ele></trkpt>
      <trkpt lat="39.2369" lon="-106.36951"><ele>2926.0</ele></trkpt>
      <trkpt lat="39.23697" lon="-106.36841"><ele>2926.8</ele></trkpt>
      <trkpt lat="39.23705" lon="-106.3673"><ele>2927.8</ele></trkpt>
      <trkpt lat="39.23711" lon="-106.36619"><ele>2928.9</ele></trkpt>
      <trkpt lat="39.23717" lon="-106.36508"><ele>2929.7</ele></trkpt>
      <trkpt lat="39.23723" lon="-106.36397"><ele>2930.7</ele></trkpt>
      <trkpt lat="39.23728" lon="-106.36298"><ele>2931.5</ele></trkpt>
      <trkpt lat="39.23733" lon="-106.36199"><ele>2932.3</ele></trkpt>
      <trkpt lat="39.23738" lon="-106.361"><ele>2932.8</ele></trkpt>
      <trkpt lat="39.23746" lon="-106.36003"><ele>2932.7</ele></trkpt>
      <trkpt lat="39.23754" lon="-106.35905"><ele>2932.1</ele></trkpt>
      <trkpt lat="39.23763" lon="-106.35807"><ele>2931.2</ele></trkpt>
      <trkpt lat="39.23771" lon="-106.3571"><ele>2929.8</ele></trkpt>
      <trkpt lat="39.23852" lon="-106.35691"><ele>2931.5</ele></trkpt>
      <trkpt lat="39.23933" lon="-106.35673"><ele>2933.6</ele></trkpt>
      <trkpt lat="39.24014" lon="-106.35654"><ele>2934.8</ele></trkpt>
      <trkpt lat="39.24095" lon="-106.35636"><ele>2935.8</ele></trkpt>
      <trkpt lat="39.24176" lon="-106.35618"><ele>2937.0</ele></trkpt>
      <trkpt lat="39.24228" lon="-106.35607"><ele>2937.9</ele></trkpt>
      <trkpt lat="39.24279" lon="-106.35596"><ele>2938.7</ele></trkpt>
      <trkpt lat="39.24347" lon="-106.3558"><ele>2940.1</ele></trkpt>
      <trkpt lat="39.24415" lon="-106.35564"><ele>2941.8</ele></trkpt>
      <trkpt lat="39.24415" lon="-106.35564"><ele>2941.8</ele></trkpt>
      <trkpt lat="39.24475" lon="-106.3555"><ele>2943.2</ele></trkpt>
      <trkpt lat="39.24535" lon="-106.35536"><ele>2944.4</ele></trkpt>
      <trkpt lat="39.24595" lon="-106.35521"><ele>2945.0</ele></trkpt>
      <trkpt lat="39.24623" lon="-106.3551"><ele>2945.2</ele></trkpt>
      <trkpt lat="39.24649" lon="-106.35493"><ele>2945.3</ele></trkpt>
      <trkpt lat="39.24702" lon="-106.35454"><ele>2945.3</ele></trkpt>
      <trkpt lat="39.24728" lon="-106.35431"><ele>2945.6</ele></trkpt>
      <trkpt lat="39.24772" lon="-106.35377"><ele>2946.6</ele></trkpt>
      <trkpt lat="39.24796" lon="-106.35338"><ele>2947.1</ele></trkpt>
      <trkpt lat="39.24821" lon="-106.35278"><ele>2947.8</ele></trkpt>
      <trkpt lat="39.24835" lon="-106.3524"><ele>2948.0</ele></trkpt>
      <trkpt lat="39.24861" lon="-106.35177"><ele>2948.6</ele></trkpt>
      <trkpt lat="39.24852" lon="-106.3525"><ele>2948.8</ele></trkpt>
      <trkpt lat="39.24842" lon="-106.35348"><ele>2950.3</ele></trkpt>
      <trkpt lat="39.24832" lon="-106.35437"><ele>2950.2</ele></trkpt>
      <trkpt lat="39.24822" lon="-106.35526"><ele>2952.4</ele></trkpt>
      <trkpt lat="39.24813" lon="-106.35614"><ele>2954.3</ele></trkpt>
      <trkpt lat="39.24813" lon="-106.35614"><ele>2954.3</ele></trkpt>
      <trkpt lat="39.24805" lon="-106.35689"><ele>2953.4</ele></trkpt>
      <trkpt lat="39.24797" lon="-106.35764"><ele>2955.1</ele></trkpt>
      <trkpt lat="39.24788" lon="-106.3586"><ele>2955.1</ele></trkpt>
      <trkpt lat="39.24779" lon="-106.35955"><ele>2955.0</ele></trkpt>
      <trkpt lat="39.2477" lon="-106.36051"><ele>2954.6</ele></trkpt>
      <trkpt lat="39.24761" lon="-106.36147"><ele>2954.5</ele></trkpt>
      <trkpt lat="39.24753" lon="-106.36242"><ele>2955.4</ele></trkpt>
      <trkpt lat="39.24753" lon="-106.36242"><ele>2955.4</ele></trkpt>
      <trkpt lat="39.24744" lon="-106.3632"><ele>2956.1</ele></trkpt>
      <trkpt lat="39.24736" lon="-106.36398"><ele>2956.8</ele></trkpt>
      <trkpt lat="39.24732" lon="-106.36457"><ele>2957.0</ele></trkpt>
      <trkpt lat="39.24727" lon="-106.36515"><ele>2956.8</ele></trkpt>
      <trkpt lat="39.24729" lon="-106.36538"><ele>2956.8</ele></trkpt>
      <trkpt lat="39.24744" lon="-106.36621"><ele>2957.3</ele></trkpt>
      <trkpt lat="39.24755" lon="-106.36649"><ele>2957.6</ele></trkpt>
      <trkpt lat="39.24785" lon="-106.36705"><ele>2962.6</ele></trkpt>
      <trkpt lat="39.24812" lon="-106.36741"><ele>2962.6</ele></trkpt>
      <trkpt lat="39.24839" lon="-106.36776"><ele>2963.5</ele></trkpt>
      <trkpt lat="39.24851" lon="-106.36796"><ele>2964.3</ele></trkpt>
      <trkpt lat="39.24861" lon="-106.36818"><ele>2964.9</ele></trkpt>
      <trkpt lat="39.24869" lon="-106.36855"><ele>2963.9</ele></trkpt>
      <trkpt lat="39.24869" lon="-106.36855"><ele>2963.9</ele></trkpt>
      <trkpt lat="39.24874" lon="-106.36888"><ele>2963.9</ele></trkpt>
      <trkpt lat="39.24875" lon="-106.36924"><ele>2965.5</ele></trkpt>
      <trkpt lat="39.24875" lon="-106.36924"><ele>2965.5</ele></trkpt>
      <trkpt lat="39.24875" lon="-106.3691"><ele>2964.3</ele></trkpt>
      <trkpt lat="39.24873" lon="-106.3691"><ele>2964.2</ele></trkpt>
      <trkpt lat="39.24874" lon="-106.36924"><ele>2965.4</ele></trkpt>
      <trkpt lat="39.24874" lon="-106.36924"><ele>2965.4</ele></trkpt>
      <trkpt lat="39.2488" lon="-106.36923"><ele>2966.0</ele></trkpt>
      <trkpt lat="39.24893" lon="-106.36919"><ele>2967.0</ele></trkpt>
      <trkpt lat="39.2491" lon="-106.3691"><ele>2969.2</ele></trkpt>
      <trkpt lat="39.24915" lon="-106.36908"><ele>2970.3</ele></trkpt>
      <trkpt lat="39.24919" lon="-106.36905"><ele>2971.2</ele></trkpt>
      <trkpt lat="39.24926" lon="-106.36901"><ele>2972.9</ele></trkpt>
      <trkpt lat="39.24931" lon="-106.36898"><ele>2974.0</ele></trkpt>
      <trkpt lat="39.24933" lon="-106.36898"><ele>2974.5</ele></trkpt>
      <trkpt lat="39.24947" lon="-106.36889"><ele>2977.5</ele></trkpt>
      <trkpt lat="39.24954" lon="-106.3689"><ele>2978.8</ele></trkpt>
      <trkpt lat="39.24957" lon="-106.36889"><ele>2979.4</ele></trkpt>
      <trkpt lat="39.24966" lon="-106.36879"><ele>2981.3</ele></trkpt>
      <trkpt lat="39.24973" lon="-106.36872"><ele>2982.9</ele></trkpt>
      <trkpt lat="39.24978" lon="-106.36867"><ele>2984.1</ele></trkpt>
      <trkpt lat="39.2498" lon="-106.36865"><ele>2984.6</ele></trkpt>
      <trkpt lat="39.24985" lon="-106.36858"><ele>2986.1</ele></trkpt>
      <trkpt lat="39.24989" lon="-106.36852"><ele>2987.3</ele></trkpt>
      <trkpt lat="39.24993" lon="-106.36845"><ele>2988.5</ele></trkpt>
      <trkpt lat="39.24996" lon="-106.36839"><ele>2989.4</ele></trkpt>
      <trkpt lat="39.25" lon="-106.36832"><ele>2990.6</ele></trkpt>
      <trkpt lat="39.25003" lon="-106.36828"><ele>2991.5</ele></trkpt>
      <trkpt lat="39.25006" lon="-106.36825"><ele>2992.3</ele></trkpt>
      <trkpt lat="39.25013" lon="-106.36819"><ele>2994.4</ele></trkpt>
      <trkpt lat="39.25015" lon="-106.36818"><ele>2994.9</ele></trkpt>
      <trkpt lat="39.25016" lon="-106.36817"><ele>2995.3</ele></trkpt>
      <trkpt lat="39.25028" lon="-106.36808"><ele>2999.0</ele></trkpt>
      <trkpt lat="39.2507" lon="-106.36762"><ele>3009.5</ele></trkpt>
      <trkpt lat="39.25072" lon="-106.36761"><ele>3009.9</ele></trkpt>
      <trkpt lat="39.25073" lon="-106.3676"><ele>3010.2</ele></trkpt>
      <trkpt lat="39.25086" lon="-106.36746"><ele>3012.5</ele></trkpt>
      <trkpt lat="39.25087" lon="-106.36745"><ele>3012.6</ele></trkpt>
      <trkpt lat="39.25098" lon="-106.36734"><ele>3013.1</ele></trkpt>
      <trkpt lat="39.251" lon="-106.36732"><ele>3013.1</ele></trkpt>
      <trkpt lat="39.25101" lon="-106.36731"><ele>3013.1</ele></trkpt>
      <trkpt lat="39.25114" lon="-106.36717"><ele>3012.8</ele></trkpt>
      <trkpt lat="39.25115" lon="-106.36716"><ele>3012.8</ele></trkpt>
      <trkpt lat="39.25153" lon="-106.36677"><ele>3013.4</ele></trkpt>
      <trkpt lat="39.25198" lon="-106.36637"><ele>3016.8</ele></trkpt>
      <trkpt lat="39.252" lon="-106.36637"><ele>3017.0</ele></trkpt>
      <trkpt lat="39.2521" lon="-106.36692"><ele>3016.1</ele></trkpt>
      <trkpt lat="39.25242" lon="-106.36675"><ele>3014.2</ele></trkpt>
      <trkpt lat="39.25262" lon="-106.36645"><ele>3015.6</ele></trkpt>
      <trkpt lat="39.25274" lon="-106.36612"><ele>3020.7</ele></trkpt>
      <trkpt lat="39.25281" lon="-106.36569"><ele>3024.9</ele></trkpt>
      <trkpt lat="39.25281" lon="-106.36569"><ele>3024.9</ele></trkpt>
      <trkpt lat="39.25285" lon="-106.3655"><ele>3025.5</ele></trkpt>
      <trkpt lat="39.25287" lon="-106.3648"><ele>3028.1</ele></trkpt>
      <trkpt lat="39.25289" lon="-106.36409"><ele>3028.6</ele></trkpt>
      <trkpt lat="39.25287" lon="-106.36369"><ele>3028.7</ele></trkpt>
      <trkpt lat="39.25284" lon="-106.36337"><ele>3028.6</ele></trkpt>
      <trkpt lat="39.25278" lon="-106.36295"><ele>3027.9</ele></trkpt>
      <trkpt lat="39.25278" lon="-106.36288"><ele>3027.7</ele></trkpt>
      <trkpt lat="39.25278" lon="-106.36288"><ele>3027.7</ele></trkpt>
      <trkpt lat="39.25278" lon="-106.36275"><ele>3027.3</ele></trkpt>
      <trkpt lat="39.25282" lon="-106.36255"><ele>3026.8</ele></trkpt>
      <trkpt lat="39.25291" lon="-106.36241"><ele>3026.6</ele></trkpt>
      <trkpt lat="39.25305" lon="-106.36225"><ele>3026.5</ele></trkpt>
      <trkpt lat="39.25315" lon="-106.36213"><ele>3026.6</ele></trkpt>
      <trkpt lat="39.25323" lon="-106.36197"><ele>3026.8</ele></trkpt>
      <trkpt lat="39.25329" lon="-106.36177"><ele>3026.9</ele></trkpt>
      <trkpt lat="39.2533" lon="-106.36154"><ele>3026.9</ele></trkpt>
      <trkpt lat="39.25328" lon="-106.36126"><ele>3026.8</ele></trkpt>
      <trkpt lat="39.25321" lon="-106.36088"><ele>3026.2</ele></trkpt>
      <trkpt lat="39.25314" lon="-106.36021"><ele>3022.6</ele></trkpt>
      <trkpt lat="39.25306" lon="-106.35973"><ele>3020.9</ele></trkpt>
      <trkpt lat="39.25302" lon="-106.35956"><ele>3021.2</ele></trkpt>
      <trkpt lat="39.25302" lon="-106.35956"><ele>3021.2</ele></trkpt>
      <trkpt lat="39.25296" lon="-106.35933"><ele>3022.0</ele></trkpt>
      <trkpt lat="39.25287" lon="-106.35902"><ele>3022.6</ele></trkpt>
      <trkpt lat="39.25283" lon="-106.35877"><ele>3023.1</ele></trkpt>
      <trkpt lat="39.2526" lon="-106.35805"><ele>3023.7</ele></trkpt>
      <trkpt lat="39.2525" lon="-106.3577"><ele>3022.2</ele></trkpt>
      <trkpt lat="39.25247" lon="-106.35733"><ele>3020.6</ele></trkpt>
      <trkpt lat="39.25245" lon="-106.35705"><ele>3019.3</ele></trkpt>
      <trkpt lat="39.25246" lon="-106.35682"><ele>3018.5</ele></trkpt>
      <trkpt lat="39.2525" lon="-106.35666"><ele>3018.4</ele></trkpt>
      <trkpt lat="39.25261" lon="-106.3565"><ele>3018.7</ele></trkpt>
      <trkpt lat="39.25271" lon="-106.35638"><ele>3018.9</ele></trkpt>
      <trkpt lat="39.25284" lon="-106.35635"><ele>3019.8</ele></trkpt>
      <trkpt lat="39.25294" lon="-106.35634"><ele>3020.8</ele></trkpt>
      <trkpt lat="39.25315" lon="-106.35634"><ele>3022.8</ele></trkpt>
      <trkpt lat="39.25335" lon="-106.3563"><ele>3024.0</ele></trkpt>
      <trkpt lat="39.2535" lon="-106.35625"><ele>3024.5</ele></trkpt>
      <trkpt lat="39.25385" lon="-106.35597"><ele>3023.2</ele></trkpt>
      <trkpt lat="39.25397" lon="-106.35592"><ele>3023.1</ele></trkpt>
      <trkpt lat="39.25413" lon="-106.35592"><ele>3023.6</ele></trkpt>
      <trkpt lat="39.25435" lon="-106.35589"><ele>3024.3</ele></trkpt>
      <trkpt lat="39.25453" lon="-106.35583"><ele>3024.5</ele></trkpt>
      <trkpt lat="39.25467" lon="-106.35577"><ele>3024.6</ele></trkpt>
      <trkpt lat="39.25482" lon="-106.35561"><ele>3024.2</ele></trkpt>
      <trkpt lat="39.25494" lon="-106.3554"><ele>3023.4</ele></trkpt>
      <trkpt lat="39.25501" lon="-106.35494"><ele>3020.9</ele></trkpt>
      <trkpt lat="39.25517" lon="-106.35448"><ele>3019.6</ele></trkpt>
      <trkpt lat="39.25536" lon="-106.35402"><ele>3019.1</ele></trkpt>
      <trkpt lat="39.25542" lon="-106.35358"><ele>3017.6</ele></trkpt>
      <trkpt lat="39.25541" lon="-106.35319"><ele>3016.4</ele></trkpt>
      <trkpt lat="39.25541" lon="-106.35319"><ele>3016.4</ele></trkpt>
      <trkpt lat="39.2554" lon="-106.35263"><ele>3014.0</ele></trkpt>
      <trkpt lat="39.25562" lon="-106.35194"><ele>3012.7</ele></trkpt>
      <trkpt lat="39.25585" lon="-106.35125"><ele>3013.0</ele></trkpt>
      <trkpt lat="39.25598" lon="-106.35078"><ele>3011.8</ele></trkpt>
      <trkpt lat="39.2561" lon="-106.3503"><ele>3010.2</ele></trkpt>
      <trkpt lat="39.25648" lon="-106.34977"><ele>3008.0</ele></trkpt>
      <trkpt lat="39.25668" lon="-106.34945"><ele>3005.9</ele></trkpt>
      <trkpt lat="39.25696" lon="-106.34872"><ele>3002.8</ele></trkpt>
      <trkpt lat="39.25713" lon="-106.34836"><ele>3001.6</ele></trkpt>
      <trkpt lat="39.25739" lon="-106.34814"><ele>3001.1</ele></trkpt>
      <trkpt lat="39.25771" lon="-106.34797"><ele>3001.1</ele></trkpt>
      <trkpt lat="39.25793" lon="-106.34783"><ele>3001.4</ele></trkpt>
      <trkpt lat="39.2582" lon="-106.34754"><ele>3000.4</ele></trkpt>
      <trkpt lat="39.25852" lon="-106.34725"><ele>2998.8</ele></trkpt>
      <trkpt lat="39.25873" lon="-106.34719"><ele>2998.2</ele></trkpt>
      <trkpt lat="39.25891" lon="-106.34722"><ele>2998.0</ele></trkpt>
      <trkpt lat="39.25914" lon="-106.34732"><ele>2997.8</ele></trkpt>
      <trkpt lat="39.25936" lon="-106.34737"><ele>2997.7</ele></trkpt>
      <trkpt lat="39.25963" lon="-106.34736"><ele>2996.5</ele></trkpt>
      <trkpt lat="39.25988" lon="-106.34728"><ele>2994.3</ele></trkpt>
      <trkpt lat="39.26008" lon="-106.34723"><ele>2992.9</ele></trkpt>
      <trkpt lat="39.26025" lon="-106.34725"><ele>2992.8</ele></trkpt>
      <trkpt lat="39.26038" lon="-106.34731"><ele>2992.9</ele></trkpt>
      <trkpt lat="39.26038" lon="-106.34731"><ele>2992.9</ele></trkpt>
      <trkpt lat="39.26088" lon="-106.34769"><ele>2993.6</ele></trkpt>
      <trkpt lat="39.26109" lon="-106.34778"><ele>2993.5</ele></trkpt>
      <trkpt lat="39.26127" lon="-106.34781"><ele>2995.1</ele></trkpt>
      <trkpt lat="39.26141" lon="-106.34778"><ele>2996.7</ele></trkpt>
      <trkpt lat="39.26155" lon="-106.34771"><ele>2997.0</ele></trkpt>
      <trkpt lat="39.26188" lon="-106.34742"><ele>2996.4</ele></trkpt>
      <trkpt lat="39.26225" lon="-106.3472"><ele>3000.8</ele></trkpt>
      <trkpt lat="39.26249" lon="-106.3471"><ele>3002.5</ele></trkpt>
      <trkpt lat="39.26269" lon="-106.34708"><ele>3002.8</ele></trkpt>
      <trkpt lat="39.2629" lon="-106.34711"><ele>3003.3</ele></trkpt>
      <trkpt lat="39.26311" lon="-106.3472"><ele>3004.4</ele></trkpt>
      <trkpt lat="39.26351" lon="-106.34742"><ele>3008.1</ele></trkpt>
      <trkpt lat="39.26377" lon="-106.34758"><ele>3009.8</ele></trkpt>
      <trkpt lat="39.26393" lon="-106.34775"><ele>3010.7</ele></trkpt>
      <trkpt lat="39.2642" lon="-106.34808"><ele>3013.0</ele></trkpt>
      <trkpt lat="39.26434" lon="-106.34822"><ele>3015.2</ele></trkpt>
      <trkpt lat="39.26482" lon="-106.34858"><ele>3017.4</ele></trkpt>
      <trkpt lat="39.26534" lon="-106.34894"><ele>3013.4</ele></trkpt>
      <trkpt lat="39.26597" lon="-106.34913"><ele>3011.2</ele></trkpt>
      <trkpt lat="39.2666" lon="-106.34932"><ele>3014.5</ele></trkpt>
      <trkpt lat="39.26688" lon="-106.34937"><ele>3019.9</ele></trkpt>
      <trkpt lat="39.26698" lon="-106.34936"><ele>3021.3</ele></trkpt>
      <trkpt lat="39.26711" lon="-106.34932"><ele>3022.4</ele></trkpt>
      <trkpt lat="39.26724" lon="-106.34925"><ele>3023.0</ele></trkpt>
      <trkpt lat="39.26734" lon="-106.34918"><ele>3023.2</ele></trkpt>
      <trkpt lat="39.26753" lon="-106.34879"><ele>3024.4</ele></trkpt>
      <trkpt lat="39.26764" lon="-106.34852"><ele>3025.0</ele></trkpt>
      <trkpt lat="39.26767" lon="-106.34835"><ele>3025.3</ele></trkpt>
      <trkpt lat="39.26766" lon="-106.34824"><ele>3025.8</ele></trkpt>
      <trkpt lat="39.26761" lon="-106.34808"><ele>3026.9</ele></trkpt>
      <trkpt lat="39.26733" lon="-106.3474"><ele>3027.3</ele></trkpt>
      <trkpt lat="39.26731" lon="-106.34708"><ele>3026.9</ele></trkpt>
      <trkpt lat="39.26733" lon="-106.34683"><ele>3026.3</ele></trkpt>
      <trkpt lat="39.26736" lon="-106.34672"><ele>3026.1</ele></trkpt>
      <trkpt lat="39.26745" lon="-106.34659"><ele>3026.0</ele></trkpt>
      <trkpt lat="39.26753" lon="-106.34654"><ele>3026.1</ele></trkpt>
      <trkpt lat="39.26776" lon="-106.34647"><ele>3026.6</ele></trkpt>
      <trkpt lat="39.26804" lon="-106.34643"><ele>3026.7</ele></trkpt>
      <trkpt lat="39.26813" lon="-106.34644"><ele>3026.8</ele></trkpt>
      <trkpt lat="39.26825" lon="-106.34649"><ele>3027.1</ele></trkpt>
      <trkpt lat="39.26825" lon="-106.34649"><ele>3027.1</ele></trkpt>
      <trkpt lat="39.26833" lon="-106.34655"><ele>3027.5</ele></trkpt>
      <trkpt lat="39.26849" lon="-106.34674"><ele>3028.7</ele></trkpt>
      <trkpt lat="39.26899" lon="-106.34753"><ele>3034.8</ele></trkpt>
      <trkpt lat="39.26948" lon="-106.34831"><ele>3037.2</ele></trkpt>
      <trkpt lat="39.26965" lon="-106.34851"><ele>3036.3</ele></trkpt>
      <trkpt lat="39.26981" lon="-106.34862"><ele>3036.1</ele></trkpt>
      <trkpt lat="39.27005" lon="-106.34873"><ele>3035.9</ele></trkpt>
      <trkpt lat="39.27023" lon="-106.34889"><ele>3035.7</ele></trkpt>
      <trkpt lat="39.27042" lon="-106.34914"><ele>3036.4</ele></trkpt>
      <trkpt lat="39.27058" lon="-106.34934"><ele>3037.1</ele></trkpt>
      <trkpt lat="39.27066" lon="-106.34939"><ele>3037.4</ele></trkpt>
      <trkpt lat="39.27078" lon="-106.34942"><ele>3037.7</ele></trkpt>
      <trkpt lat="39.27087" lon="-106.34942"><ele>3037.9</ele></trkpt>
      <trkpt lat="39.27099" lon="-106.34939"><ele>3038.1</ele></trkpt>
      <trkpt lat="39.27111" lon="-106.34931"><ele>3038.4</ele></trkpt>
      <trkpt lat="39.27117" lon="-106.34924"><ele>3038.6</ele></trkpt>
      <trkpt lat="39.27122" lon="-106.34909"><ele>3038.6</ele></trkpt>
      <trkpt lat="39.2713" lon="-106.34852"><ele>3036.6</ele></trkpt>
      <trkpt lat="39.27133" lon="-106.34842"><ele>3036.2</ele></trkpt>
      <trkpt lat="39.2714" lon="-106.34829"><ele>3035.4</ele></trkpt>
      <trkpt lat="39.27154" lon="-106.34812"><ele>3032.9</ele></trkpt>
      <trkpt lat="39.27174" lon="-106.34794"><ele>3029.7</ele></trkpt>
      <trkpt lat="39.27185" lon="-106.34785"><ele>3028.4</ele></trkpt>
      <trkpt lat="39.27195" lon="-106.34782"><ele>3028.0</ele></trkpt>
      <trkpt lat="39.27203" lon="-106.34783"><ele>3028.3</ele></trkpt>
      <trkpt lat="39.27258" lon="-106.34807"><ele>3031.5</ele></trkpt>
      <trkpt lat="39.2727" lon="-106.34806"><ele>3031.0</ele></trkpt>
      <trkpt lat="39.27275" lon="-106.34803"><ele>3030.7</ele></trkpt>
      <trkpt lat="39.27288" lon="-106.34787"><ele>3029.6</ele></trkpt>
      <trkpt lat="39.27303" lon="-106.3477"><ele>3029.0</ele></trkpt>
      <trkpt lat="39.27308" lon="-106.34765"><ele>3028.8</ele></trkpt>
      <trkpt lat="39.27329" lon="-106.34754"><ele>3028.1</ele></trkpt>
      <trkpt lat="39.27351" lon="-106.34744"><ele>3026.8</ele></trkpt>
      <trkpt lat="39.27365" lon="-106.34743"><ele>3025.8</ele></trkpt>
      <trkpt lat="39.27372" lon="-106.34744"><ele>3025.4</ele></trkpt>
      <trkpt lat="39.27382" lon="-106.34749"><ele>3025.0</ele></trkpt>
      <trkpt lat="39.274" lon="-106.34763"><ele>3025.3</ele></trkpt>
      <trkpt lat="39.27419" lon="-106.34783"><ele>3029.9</ele></trkpt>
      <trkpt lat="39.27425" lon="-106.34797"><ele>3032.3</ele></trkpt>
      <trkpt lat="39.27432" lon="-106.34826"><ele>3034.6</ele></trkpt>
      <trkpt lat="39.27443" lon="-106.34878"><ele>3035.9</ele></trkpt>
      <trkpt lat="39.27445" lon="-106.34882"><ele>3036.1</ele></trkpt>
      <trkpt lat="39.27445" lon="-106.34882"><ele>3036.1</ele></trkpt>
      <trkpt lat="39.27453" lon="-106.34896"><ele>3036.3</ele></trkpt>
      <trkpt lat="39.2747" lon="-106.34914"><ele>3036.0</ele></trkpt>
      <trkpt lat="39.27503" lon="-106.34939"><ele>3036.0</ele></trkpt>
      <trkpt lat="39.27523" lon="-106.34956"><ele>3037.2</ele></trkpt>
      <trkpt lat="39.27543" lon="-106.34978"><ele>3039.6</ele></trkpt>
      <trkpt lat="39.27556" lon="-106.35001"><ele>3042.6</ele></trkpt>
      <trkpt lat="39.27566" lon="-106.35027"><ele>3041.8</ele></trkpt>
      <trkpt lat="39.27572" lon="-106.35062"><ele>3038.3</ele></trkpt>
      <trkpt lat="39.27577" lon="-106.35087"><ele>3037.1</ele></trkpt>
      <trkpt lat="39.27587" lon="-106.3511"><ele>3036.1</ele></trkpt>
      <trkpt lat="39.27639" lon="-106.35194"><ele>3046.3</ele></trkpt>
      <trkpt lat="39.27652" lon="-106.3523"><ele>3048.5</ele></trkpt>
      <trkpt lat="39.27667" lon="-106.3531"><ele>3047.8</ele></trkpt>
      <trkpt lat="39.27673" lon="-106.35369"><ele>3045.2</ele></trkpt>
      <trkpt lat="39.27671" lon="-106.35392"><ele>3043.5</ele></trkpt>
      <trkpt lat="39.27668" lon="-106.35403"><ele>3042.1</ele></trkpt>
      <trkpt lat="39.2765" lon="-106.35451"><ele>3039.0</ele></trkpt>
      <trkpt lat="39.27641" lon="-106.35479"><ele>3038.9</ele></trkpt>
      <trkpt lat="39.27638" lon="-106.35496"><ele>3038.7</ele></trkpt>
      <trkpt lat="39.27638" lon="-106.35513"><ele>3038.5</ele></trkpt>
      <trkpt lat="39.27641" lon="-106.35524"><ele>3038.6</ele></trkpt>
      <trkpt lat="39.2765" lon="-106.35556"><ele>3039.0</ele></trkpt>
      <trkpt lat="39.27652" lon="-106.35573"><ele>3039.1</ele></trkpt>
      <trkpt lat="39.27651" lon="-106.35646"><ele>3039.2</ele></trkpt>
      <trkpt lat="39.27655" lon="-106.35665"><ele>3039.2</ele></trkpt>
      <trkpt lat="39.27665" lon="-106.35686"><ele>3039.0</ele></trkpt>
      <trkpt lat="39.2767" lon="-106.35716"><ele>3038.0</ele></trkpt>
      <trkpt lat="39.27675" lon="-106.35769"><ele>3037.1</ele></trkpt>
      <trkpt lat="39.27681" lon="-106.35793"><ele>3037.3</ele></trkpt>
      <trkpt lat="39.27702" lon="-106.35833"><ele>3038.0</ele></trkpt>
      <trkpt lat="39.27705" lon="-106.35844"><ele>3037.6</ele></trkpt>
      <trkpt lat="39.27707" lon="-106.35862"><ele>3036.7</ele></trkpt>
      <trkpt lat="39.27703" lon="-106.35911"><ele>3033.5</ele></trkpt>
      <trkpt lat="39.27701" lon="-106.35942"><ele>3032.2</ele></trkpt>
      <trkpt lat="39.27704" lon="-106.35967"><ele>3031.9</ele></trkpt>
      <trkpt lat="39.27708" lon="-106.35978"><ele>3032.0</ele></trkpt>
      <trkpt lat="39.27733" lon="-106.36015"><ele>3034.8</ele></trkpt>
      <trkpt lat="39.27737" lon="-106.36025"><ele>3035.3</ele></trkpt>
      <trkpt lat="39.2774" lon="-106.36041"><ele>3035.9</ele></trkpt>
      <trkpt lat="39.27741" lon="-106.36052"><ele>3036.3</ele></trkpt>
      <trkpt lat="39.27737" lon="-106.36109"><ele>3036.0</ele></trkpt>
      <trkpt lat="39.27735" lon="-106.36139"><ele>3036.1</ele></trkpt>
      <trkpt lat="39.27737" lon="-106.36177"><ele>3038.5</ele></trkpt>
      <trkpt lat="39.27746" lon="-106.36254"><ele>3041.3</ele></trkpt>
      <trkpt lat="39.27755" lon="-106.36331"><ele>3046.3</ele></trkpt>
      <trkpt lat="39.27763" lon="-106.36378"><ele>3049.1</ele></trkpt>
      <trkpt lat="39.27772" lon="-106.36408"><ele>3050.0</ele></trkpt>
      <trkpt lat="39.27802" lon="-106.3649"><ele>3052.6</ele></trkpt>
      <trkpt lat="39.27806" lon="-106.3651"><ele>3052.9</ele></trkpt>
      <trkpt lat="39.27806" lon="-106.36523"><ele>3053.1</ele></trkpt>
      <trkpt lat="39.27803" lon="-106.36547"><ele>3053.4</ele></trkpt>
      <trkpt lat="39.27794" lon="-106.36605"><ele>3054.9</ele></trkpt>
      <trkpt lat="39.27786" lon="-106.36662"><ele>3061.0</ele></trkpt>
      <trkpt lat="39.27778" lon="-106.36719"><ele>3062.6</ele></trkpt>
      <trkpt lat="39.27778" lon="-106.36732"><ele>3062.8</ele></trkpt>
      <trkpt lat="39.27783" lon="-106.36749"><ele>3063.4</ele></trkpt>
      <trkpt lat="39.27788" lon="-106.36759"><ele>3064.0</ele></trkpt>
      <trkpt lat="39.278" lon="-106.36768"><ele>3065.2</ele></trkpt>
      <trkpt lat="39.27812" lon="-106.36768"><ele>3066.2</ele></trkpt>
      <trkpt lat="39.2782" lon="-106.36765"><ele>3066.7</ele></trkpt>
      <trkpt lat="39.27856" lon="-106.36744"><ele>3069.2</ele></trkpt>
      <trkpt lat="39.27867" lon="-106.36745"><ele>3070.4</ele></trkpt>
      <trkpt lat="39.27874" lon="-106.36748"><ele>3071.2</ele></trkpt>
      <trkpt lat="39.27883" lon="-106.36757"><ele>3072.5</ele></trkpt>
      <trkpt lat="39.27886" lon="-106.36765"><ele>3073.0</ele></trkpt>
      <trkpt lat="39.27894" lon="-106.36793"><ele>3075.1</ele></trkpt>
      <trkpt lat="39.27899" lon="-106.36824"><ele>3076.6</ele></trkpt>
      <trkpt lat="39.27898" lon="-106.36835"><ele>3076.3</ele></trkpt>
      <trkpt lat="39.27887" lon="-106.36888"><ele>3079.5</ele></trkpt>
      <trkpt lat="39.27887" lon="-106.36915"><ele>3083.0</ele></trkpt>
      <trkpt lat="39.27889" lon="-106.36977"><ele>3085.0</ele></trkpt>
      <trkpt lat="39.27892" lon="-106.36994"><ele>3085.5</ele></trkpt>
      <trkpt lat="39.27897" lon="-106.37009"><ele>3086.6</ele></trkpt>
      <trkpt lat="39.27903" lon="-106.37016"><ele>3087.6</ele></trkpt>
      <trkpt lat="39.27921" lon="-106.37032"><ele>3090.1</ele></trkpt>
      <trkpt lat="39.27927" lon="-106.37044"><ele>3090.9</ele></trkpt>
      <trkpt lat="39.27929" lon="-106.37052"><ele>3091.6</ele></trkpt>
      <trkpt lat="39.27928" lon="-106.37067"><ele>3093.6</ele></trkpt>
      <trkpt lat="39.27926" lon="-106.37077"><ele>3095.2</ele></trkpt>
      <trkpt lat="39.27915" lon="-106.37101"><ele>3098.0</ele></trkpt>
      <trkpt lat="39.27873" lon="-106.3717"><ele>3105.9</ele></trkpt>
      <trkpt lat="39.2787" lon="-106.37181"><ele>3107.9</ele></trkpt>
      <trkpt lat="39.2787" lon="-106.37181"><ele>3107.9</ele></trkpt>
      <trkpt lat="39.27865" lon="-106.37197"><ele>3109.9</ele></trkpt>
      <trkpt lat="39.27855" lon="-106.37249"><ele>3113.6</ele></trkpt>
      <trkpt lat="39.27841" lon="-106.37333"><ele>3118.0</ele></trkpt>
      <trkpt lat="39.27838" lon="-106.37371"><ele>3122.6</ele></trkpt>
      <trkpt lat="39.27841" lon="-106.37428"><ele>3126.1</ele></trkpt>
      <trkpt lat="39.27844" lon="-106.37489"><ele>3125.1</ele></trkpt>
      <trkpt lat="39.27842" lon="-106.37545"><ele>3123.8</ele></trkpt>
      <trkpt lat="39.27835" lon="-106.37614"><ele>3126.0</ele></trkpt>
      <trkpt lat="39.27833" lon="-106.37666"><ele>3126.3</ele></trkpt>
      <trkpt lat="39.27837" lon="-106.37701"><ele>3124.4</ele></trkpt>
      <trkpt lat="39.27846" lon="-106.37814"><ele>3134.0</ele></trkpt>
      <trkpt lat="39.27858" lon="-106.37919"><ele>3137.4</ele></trkpt>
      <trkpt lat="39.27857" lon="-106.38015"><ele>3145.3</ele></trkpt>
      <trkpt lat="39.27863" lon="-106.38083"><ele>3149.9</ele></trkpt>
      <trkpt lat="39.27864" lon="-106.38162"><ele>3155.7</ele></trkpt>
      <trkpt lat="39.27864" lon="-106.38241"><ele>3159.2</ele></trkpt>
      <trkpt lat="39.27864" lon="-106.3832"><ele>3162.3</ele></trkpt>
      <trkpt lat="39.27873" lon="-106.38381"><ele>3163.8</ele></trkpt>
      <trkpt lat="39.2788" lon="-106.38416"><ele>3164.9</ele></trkpt>
      <trkpt lat="39.27887" lon="-106.38434"><ele>3165.2</ele></trkpt>
      <trkpt lat="39.27893" lon="-106.38444"><ele>3165.2</ele></trkpt>
      <trkpt lat="39.27905" lon="-106.38457"><ele>3166.3</ele></trkpt>
      <trkpt lat="39.27975" lon="-106.38502"><ele>3180.7</ele></trkpt>
      <trkpt lat="39.27998" lon="-106.38521"><ele>3181.5</ele></trkpt>
      <trkpt lat="39.28026" lon="-106.38549"><ele>3181.4</ele></trkpt>
      <trkpt lat="39.28042" lon="-106.38539"><ele>3184.4</ele></trkpt>
      <trkpt lat="39.28053" lon="-106.38548"><ele>3184.4</ele></trkpt>
      <trkpt lat="39.28076" lon="-106.38569"><ele>3184.5</ele></trkpt>
      <trkpt lat="39.28094" lon="-106.38573"><ele>3186.8</ele></trkpt>
      <trkpt lat="39.2818" lon="-106.38584"><ele>3198.0</ele></trkpt>
      <trkpt lat="39.28207" lon="-106.38588"><ele>3203.1</ele></trkpt>
      <trkpt lat="39.28285" lon="-106.38594"><ele>3213.0</ele></trkpt>
      <trkpt lat="39.28313" lon="-106.38585"><ele>3217.9</ele></trkpt>
      <trkpt lat="39.2835" lon="-106.38583"><ele>3223.6</ele></trkpt>
      <trkpt lat="39.2836" lon="-106.3858"><ele>3225.1</ele></trkpt>
      <trkpt lat="39.2836" lon="-106.3858"><ele>3225.1</ele></trkpt>
      <trkpt lat="39.28365" lon="-106.38557"><ele>3229.0</ele></trkpt>
      <trkpt lat="39.28365" lon="-106.38544"><ele>3231.0</ele></trkpt>
      <trkpt lat="39.28356" lon="-106.3852"><ele>3234.1</ele></trkpt>
      <trkpt lat="39.28356" lon="-106.38508"><ele>3236.0</ele></trkpt>
      <trkpt lat="39.28369" lon="-106.38489"><ele>3239.9</ele></trkpt>
      <trkpt lat="39.284" lon="-106.38449"><ele>3246.2</ele></trkpt>
      <trkpt lat="39.28418" lon="-106.38416"><ele>3251.6</ele></trkpt>
      <trkpt lat="39.28424" lon="-106.3839"><ele>3254.5</ele></trkpt>
      <trkpt lat="39.28435" lon="-106.38353"><ele>3258.2</ele></trkpt>
      <trkpt lat="39.28453" lon="-106.38296"><ele>3259.9</ele></trkpt>
      <trkpt lat="39.28465" lon="-106.38275"><ele>3259.9</ele></trkpt>
      <trkpt lat="39.28476" lon="-106.38262"><ele>3260.0</ele></trkpt>
      <trkpt lat="39.28493" lon="-106.38246"><ele>3260.9</ele></trkpt>
      <trkpt lat="39.28503" lon="-106.38234"><ele>3260.2</ele></trkpt>
      <trkpt lat="39.28509" lon="-106.38213"><ele>3257.0</ele></trkpt>
      <trkpt lat="39.28511" lon="-106.38196"><ele>3254.7</ele></trkpt>
      <trkpt lat="39.28516" lon="-106.38183"><ele>3253.1</ele></trkpt>
      <trkpt lat="39.28525" lon="-106.38169"><ele>3250.6</ele></trkpt>
      <trkpt lat="39.28541" lon="-106.38156"><ele>3247.3</ele></trkpt>
      <trkpt lat="39.28581" lon="-106.38153"><ele>3245.5</ele></trkpt>
      <trkpt lat="39.28627" lon="-106.38138"><ele>3238.6</ele></trkpt>
      <trkpt lat="39.28674" lon="-106.38123"><ele>3235.8</ele></trkpt>
      <trkpt lat="39.28692" lon="-106.38111"><ele>3234.0</ele></trkpt>
      <trkpt lat="39.28704" lon="-106.381"><ele>3232.7</ele></trkpt>
      <trkpt lat="39.28707" lon="-106.38098"><ele>3232.6</ele></trkpt>
      <trkpt lat="39.28707" lon="-106.38098"><ele>3232.6</ele></trkpt>
      <trkpt lat="39.28713" lon="-106.38095"><ele>3232.8</ele></trkpt>
      <trkpt lat="39.28738" lon="-106.38084"><ele>3234.4</ele></trkpt>
      <trkpt lat="39.2879" lon="-106.38073"><ele>3239.4</ele></trkpt>
      <trkpt lat="39.28809" lon="-106.38067"><ele>3240.2</ele></trkpt>
      <trkpt lat="39.28827" lon="-106.38059"><ele>3240.7</ele></trkpt>
      <trkpt lat="39.28852" lon="-106.38043"><ele>3241.0</ele></trkpt>
      <trkpt lat="39.28882" lon="-106.38"><ele>3239.8</ele></trkpt>
      <trkpt lat="39.28886" lon="-106.37972"><ele>3237.7</ele></trkpt>
      <trkpt lat="39.28889" lon="-106.37929"><ele>3235.7</ele></trkpt>
      <trkpt lat="39.28893" lon="-106.37918"><ele>3235.5</ele></trkpt>
      <trkpt lat="39.2891" lon="-106.37881"><ele>3235.1</ele></trkpt>
      <trkpt lat="39.28922" lon="-106.37876"><ele>3234.6</ele></trkpt>
      <trkpt lat="39.28928" lon="-106.37876"><ele>3234.1</ele></trkpt>
      <trkpt lat="39.28936" lon="-106.37885"><ele>3233.4</ele></trkpt>
      <trkpt lat="39.28945" lon="-106.37903"><ele>3232.8</ele></trkpt>
      <trkpt lat="39.28952" lon="-106.37923"><ele>3232.3</ele></trkpt>
      <trkpt lat="39.28955" lon="-106.37965"><ele>3233.6</ele></trkpt>
      <trkpt lat="39.28967" lon="-106.37991"><ele>3231.3</ele></trkpt>
      <trkpt lat="39.28983" lon="-106.38022"><ele>3228.5</ele></trkpt>
      <trkpt lat="39.28995" lon="-106.38052"><ele>3228.3</ele></trkpt>
      <trkpt lat="39.29021" lon="-106.38111"><ele>3226.0</ele></trkpt>
      <trkpt lat="39.2904" lon="-106.38165"><ele>3224.7</ele></trkpt>
      <trkpt lat="39.29045" lon="-106.38174"><ele>3225.7</ele></trkpt>
      <trkpt lat="39.29084" lon="-106.38183"><ele>3223.1</ele></trkpt>
      <trkpt lat="39.29143" lon="-106.38213"><ele>3219.2</ele></trkpt>
      <trkpt lat="39.2919" lon="-106.38258"><ele>3219.3</ele></trkpt>
      <trkpt lat="39.29202" lon="-106.38277"><ele>3219.7</ele></trkpt>
      <trkpt lat="39.29242" lon="-106.38363"><ele>3215.3</ele></trkpt>
      <trkpt lat="39.29277" lon="-106.38405"><ele>3208.7</ele></trkpt>
      <trkpt lat="39.29308" lon="-106.38449"><ele>3205.3</ele></trkpt>
      <trkpt lat="39.29339" lon="-106.38493"><ele>3201.8</ele></trkpt>
      <trkpt lat="39.29339" lon="-106.38493"><ele>3201.8</ele></trkpt>
      <trkpt lat="39.29385" lon="-106.3856"><ele>3196.9</ele></trkpt>
      <trkpt lat="39.29416" lon="-106.38585"><ele>3188.9</ele></trkpt>
      <trkpt lat="39.29432" lon="-106.38604"><ele>3186.2</ele></trkpt>
      <trkpt lat="39.29443" lon="-106.38621"><ele>3185.4</ele></trkpt>
      <trkpt lat="39.29483" lon="-106.38691"><ele>3186.4</ele></trkpt>
      <trkpt lat="39.29493" lon="-106.38713"><ele>3187.2</ele></trkpt>
      <trkpt lat="39.29481" lon="-106.38668"><ele>3183.0</ele></trkpt>
      <trkpt lat="39.2947" lon="-106.38643"><ele>3181.2</ele></trkpt>
      <trkpt lat="39.29464" lon="-106.3859"><ele>3173.6</ele></trkpt>
      <trkpt lat="39.29458" lon="-106.38563"><ele>3171.0</ele></trkpt>
      <trkpt lat="39.29456" lon="-106.38514"><ele>3164.8</ele></trkpt>
      <trkpt lat="39.29461" lon="-106.38473"><ele>3158.5</ele></trkpt>
      <trkpt lat="39.29461" lon="-106.3845"><ele>3156.2</ele></trkpt>
      <trkpt lat="39.29459" lon="-106.38433"><ele>3154.9</ele></trkpt>
      <trkpt lat="39.2946" lon="-106.38393"><ele>3149.8</ele></trkpt>
      <trkpt lat="39.29456" lon="-106.38347"><ele>3142.8</ele></trkpt>
      <trkpt lat="39.29456" lon="-106.383"><ele>3134.7</ele></trkpt>
      <trkpt lat="39.29442" lon="-106.3827"><ele>3136.3</ele></trkpt>
      <trkpt lat="39.2944" lon="-106.38252"><ele>3134.3</ele></trkpt>
      <trkpt lat="39.29443" lon="-106.38213"><ele>3127.4</ele></trkpt>
      <trkpt lat="39.29437" lon="-106.38123"><ele>3119.6</ele></trkpt>
      <trkpt lat="39.2943" lon="-106.38034"><ele>3110.1</ele></trkpt>
      <trkpt lat="39.29424" lon="-106.38017"><ele>3108.9</ele></trkpt>
      <trkpt lat="39.29424" lon="-106.38017"><ele>3108.9</ele></trkpt>
      <trkpt lat="39.2941" lon="-106.37979"><ele>3104.2</ele></trkpt>
      <trkpt lat="39.29401" lon="-106.37951"><ele>3099.2</ele></trkpt>
      <trkpt lat="39.29394" lon="-106.37935"><ele>3096.8</ele></trkpt>
      <trkpt lat="39.29383" lon="-106.37923"><ele>3096.9</ele></trkpt>
      <trkpt lat="39.29367" lon="-106.3791"><ele>3096.1</ele></trkpt>
      <trkpt lat="39.29358" lon="-106.37898"><ele>3094.1</ele></trkpt>
      <trkpt lat="39.29353" lon="-106.37875"><ele>3090.8</ele></trkpt>
      <trkpt lat="39.29354" lon="-106.37854"><ele>3087.0</ele></trkpt>
      <trkpt lat="39.29363" lon="-106.37801"><ele>3081.8</ele></trkpt>
      <trkpt lat="39.29365" lon="-106.37686"><ele>3069.1</ele></trkpt>
      <trkpt lat="39.2936" lon="-106.37654"><ele>3067.6</ele></trkpt>
      <trkpt lat="39.29353" lon="-106.3762"><ele>3066.6</ele></trkpt>
      <trkpt lat="39.29346" lon="-106.37584"><ele>3065.8</ele></trkpt>
      <trkpt lat="39.29342" lon="-106.37552"><ele>3065.1</ele></trkpt>
      <trkpt lat="39.29345" lon="-106.37526"><ele>3062.0</ele></trkpt>
      <trkpt lat="39.29349" lon="-106.37506"><ele>3058.7</ele></trkpt>
      <trkpt lat="39.29347" lon="-106.37493"><ele>3057.5</ele></trkpt>
      <trkpt lat="39.29341" lon="-106.37475"><ele>3055.9</ele></trkpt>
      <trkpt lat="39.29324" lon="-106.37436"><ele>3053.1</ele></trkpt>
      <trkpt lat="39.29313" lon="-106.37417"><ele>3051.9</ele></trkpt>
      <trkpt lat="39.29278" lon="-106.37362"><ele>3050.1</ele></trkpt>
      <trkpt lat="39.29244" lon="-106.37307"><ele>3044.7</ele></trkpt>
      <trkpt lat="39.29219" lon="-106.37279"><ele>3044.0</ele></trkpt>
      <trkpt lat="39.292" lon="-106.37242"><ele>3041.4</ele></trkpt>
      <trkpt lat="39.29191" lon="-106.37222"><ele>3040.7</ele></trkpt>
      <trkpt lat="39.29186" lon="-106.37195"><ele>3038.3</ele></trkpt>
      <trkpt lat="39.29185" lon="-106.37179"><ele>3036.3</ele></trkpt>
      <trkpt lat="39.29191" lon="-106.37144"><ele>3033.4</ele></trkpt>
      <trkpt lat="39.29191" lon="-106.37102"><ele>3033.4</ele></trkpt>
      <trkpt lat="39.29191" lon="-106.37077"><ele>3033.8</ele></trkpt>
      <trkpt lat="39.2919" lon="-106.37049"><ele>3034.0</ele></trkpt>
      <trkpt lat="39.29184" lon="-106.3702"><ele>3032.4</ele></trkpt>
      <trkpt lat="39.29175" lon="-106.36991"><ele>3029.7</ele></trkpt>
      <trkpt lat="39.29175" lon="-106.36991"><ele>3029.7</ele></trkpt>
      <trkpt lat="39.29162" lon="-106.36937"><ele>3023.9</ele></trkpt>
      <trkpt lat="39.29159" lon="-106.36874"><ele>3021.5</ele></trkpt>
      <trkpt lat="39.29147" lon="-106.36782"><ele>3019.1</ele></trkpt>
      <trkpt lat="39.29135" lon="-106.36725"><ele>3015.9</ele></trkpt>
      <trkpt lat="39.29124" lon="-106.36689"><ele>3012.8</ele></trkpt>
      <trkpt lat="39.29115" lon="-106.36678"><ele>3011.9</ele></trkpt>
      <trkpt lat="39.29104" lon="-106.36674"><ele>3011.2</ele></trkpt>
      <trkpt lat="39.29083" lon="-106.3667"><ele>3010.7</ele></trkpt>
      <trkpt lat="39.29042" lon="-106.3664"><ele>3010.2</ele></trkpt>
      <trkpt lat="39.29028" lon="-106.36634"><ele>3010.2</ele></trkpt>
      <trkpt lat="39.28982" lon="-106.36626"><ele>3010.7</ele></trkpt>
      <trkpt lat="39.2897" lon="-106.36618"><ele>3010.6</ele></trkpt>
      <trkpt lat="39.28946" lon="-106.36599"><ele>3010.6</ele></trkpt>
      <trkpt lat="39.28946" lon="-106.36599"><ele>3010.6</ele></trkpt>
      <trkpt lat="39.2893" lon="-106.36587"><ele>3010.6</ele></trkpt>
      <trkpt lat="39.28898" lon="-106.3658"><ele>3011.2</ele></trkpt>
      <trkpt lat="39.28874" lon="-106.3657"><ele>3011.5</ele></trkpt>
      <trkpt lat="39.28828" lon="-106.36555"><ele>3011.7</ele></trkpt>
      <trkpt lat="39.28786" lon="-106.36547"><ele>3011.5</ele></trkpt>
      <trkpt lat="39.28729" lon="-106.36543"><ele>3011.0</ele></trkpt>
      <trkpt lat="39.28672" lon="-106.36561"><ele>3011.2</ele></trkpt>
      <trkpt lat="39.28651" lon="-106.3656"><ele>3010.6</ele></trkpt>
      <trkpt lat="39.28598" lon="-106.36531"><ele>3010.1</ele></trkpt>
      <trkpt lat="39.28586" lon="-106.36521"><ele>3010.4</ele></trkpt>
      <trkpt lat="39.28577" lon="-106.36507"><ele>3010.8</ele></trkpt>
      <trkpt lat="39.28574" lon="-106.36491"><ele>3011.0</ele></trkpt>
      <trkpt lat="39.28569" lon="-106.36376"><ele>3011.0</ele></trkpt>
      <trkpt lat="39.28565" lon="-106.36326"><ele>3010.9</ele></trkpt>
      <trkpt lat="39.2856" lon="-106.36293"><ele>3010.8</ele></trkpt>
      <trkpt lat="39.28549" lon="-106.36238"><ele>3010.9</ele></trkpt>
      <trkpt lat="39.28544" lon="-106.36193"><ele>3011.1</ele></trkpt>
      <trkpt lat="39.28545" lon="-106.36165"><ele>3011.1</ele></trkpt>
      <trkpt lat="39.28546" lon="-106.36146"><ele>3011.2</ele></trkpt>
      <trkpt lat="39.28559" lon="-106.36096"><ele>3010.3</ele></trkpt>
      <trkpt lat="39.28565" lon="-106.3607"><ele>3009.3</ele></trkpt>
      <trkpt lat="39.28565" lon="-106.36048"><ele>3009.0</ele></trkpt>
      <trkpt lat="39.28563" lon="-106.36029"><ele>3008.9</ele></trkpt>
      <trkpt lat="39.28558" lon="-106.36009"><ele>3009.0</ele></trkpt>
      <trkpt lat="39.28545" lon="-106.35983"><ele>3009.5</ele></trkpt>
      <trkpt lat="39.28538" lon="-106.35954"><ele>3009.5</ele></trkpt>
      <trkpt lat="39.28534" lon="-106.35919"><ele>3009.7</ele></trkpt>
      <trkpt lat="39.28538" lon="-106.35859"><ele>3009.6</ele></trkpt>
      <trkpt lat="39.28543" lon="-106.35821"><ele>3009.3</ele></trkpt>
      <trkpt lat="39.28555" lon="-106.35766"><ele>3007.4</ele></trkpt>
      <trkpt lat="39.28554" lon="-106.35749"><ele>3006.8</ele></trkpt>
      <trkpt lat="39.28539" lon="-106.35687"><ele>3003.8</ele></trkpt>
      <trkpt lat="39.28521" lon="-106.35627"><ele>3002.3</ele></trkpt>
      <trkpt lat="39.28502" lon="-106.35568"><ele>3002.6</ele></trkpt>
      <trkpt lat="39.28501" lon="-106.35561"><ele>3002.6</ele></trkpt>
      <trkpt lat="39.28486" lon="-106.35503"><ele>3003.1</ele></trkpt>
      <trkpt lat="39.28471" lon="-106.35445"><ele>3003.4</ele></trkpt>
      <trkpt lat="39.28441" lon="-106.35368"><ele>3004.5</ele></trkpt>
      <trkpt lat="39.28441" lon="-106.35368"><ele>3004.5</ele></trkpt>
      <trkpt lat="39.28403" lon="-106.35281"><ele>3004.9</ele></trkpt>
      <trkpt lat="39.28365" lon="-106.35193"><ele>3003.6</ele></trkpt>
      <trkpt lat="39.28346" lon="-106.35163"><ele>3003.6</ele></trkpt>
      <trkpt lat="39.28308" lon="-106.35108"><ele>3003.0</ele></trkpt>
      <trkpt lat="39.28304" lon="-106.35099"><ele>3003.0</ele></trkpt>
      <trkpt lat="39.28272" lon="-106.3503"><ele>3003.1</ele></trkpt>
      <trkpt lat="39.28228" lon="-106.3493"><ele>3005.5</ele></trkpt>
      <trkpt lat="39.28182" lon="-106.34851"><ele>3005.8</ele></trkpt>
      <trkpt lat="39.28169" lon="-106.34837"><ele>3006.5</ele></trkpt>
      <trkpt lat="39.28155" lon="-106.34829"><ele>3007.3</ele></trkpt>
      <trkpt lat="39.28135" lon="-106.34825"><ele>3008.9</ele></trkpt>
      <trkpt lat="39.28124" lon="-106.34819"><ele>3009.6</ele></trkpt>
      <trkpt lat="39.28105" lon="-106.34794"><ele>3010.0</ele></trkpt>
      <trkpt lat="39.28088" lon="-106.3477"><ele>3009.7</ele></trkpt>
      <trkpt lat="39.28079" lon="-106.34753"><ele>3008.5</ele></trkpt>
      <trkpt lat="39.28077" lon="-106.34739"><ele>3006.7</ele></trkpt>
      <trkpt lat="39.28076" lon="-106.34688"><ele>3001.0</ele></trkpt>
      <trkpt lat="39.2807" lon="-106.34662"><ele>2999.9</ele></trkpt>
      <trkpt lat="39.28029" lon="-106.34566"><ele>2999.8</ele></trkpt>
      <trkpt lat="39.28001" lon="-106.34513"><ele>2999.8</ele></trkpt>
      <trkpt lat="39.28001" lon="-106.34513"><ele>2999.8</ele></trkpt>
      <trkpt lat="39.27996" lon="-106.34503"><ele>2999.8</ele></trkpt>
      <trkpt lat="39.27987" lon="-106.34492"><ele>2999.8</ele></trkpt>
      <trkpt lat="39.27966" lon="-106.34476"><ele>2999.8</ele></trkpt>
      <trkpt lat="39.279" lon="-106.34444"><ele>2999.8</ele></trkpt>
      <trkpt lat="39.27877" lon="-106.34419"><ele>2999.8</ele></trkpt>
      <trkpt lat="39.27859" lon="-106.34394"><ele>2999.8</ele></trkpt>
      <trkpt lat="39.27822" lon="-106.34357"><ele>2999.8</ele></trkpt>
      <trkpt lat="39.27786" lon="-106.34319"><ele>2999.8</ele></trkpt>
      <trkpt lat="39.27717" lon="-106.34266"><ele>2999.8</ele></trkpt>
      <trkpt lat="39.27696" lon="-106.34256"><ele>2999.8</ele></trkpt>
      <trkpt lat="39.27647" lon="-106.34242"><ele>2999.8</ele></trkpt>
      <trkpt lat="39.27598" lon="-106.34229"><ele>2999.8</ele></trkpt>
      <trkpt lat="39.27559" lon="-106.34216"><ele>2999.6</ele></trkpt>
      <trkpt lat="39.27559" lon="-106.34216"><ele>2999.6</ele></trkpt>
      <trkpt lat="39.27509" lon="-106.342"><ele>2998.8</ele></trkpt>
      <trkpt lat="39.27442" lon="-106.34192"><ele>2997.8</ele></trkpt>
      <trkpt lat="39.27385" lon="-106.34187"><ele>2997.8</ele></trkpt>
      <trkpt lat="39.27344" lon="-106.34179"><ele>2998.2</ele></trkpt>
      <trkpt lat="39.27315" lon="-106.3418"><ele>2998.9</ele></trkpt>
      <trkpt lat="39.27252" lon="-106.34186"><ele>2999.4</ele></trkpt>
      <trkpt lat="39.2722" lon="-106.34192"><ele>2999.2</ele></trkpt>
      <trkpt lat="39.27195" lon="-106.34202"><ele>2999.7</ele></trkpt>
      <trkpt lat="39.27175" lon="-106.34212"><ele>3000.7</ele></trkpt>
      <trkpt lat="39.27161" lon="-106.34211"><ele>3000.9</ele></trkpt>
      <trkpt lat="39.27152" lon="-106.34202"><ele>3001.1</ele></trkpt>
      <trkpt lat="39.27137" lon="-106.34194"><ele>3001.7</ele></trkpt>
      <trkpt lat="39.27081" lon="-106.34195"><ele>2992.5</ele></trkpt>
      <trkpt lat="39.27021" lon="-106.34187"><ele>2991.9</ele></trkpt>
      <trkpt lat="39.26979" lon="-106.34177"><ele>2992.0</ele></trkpt>
      <trkpt lat="39.26938" lon="-106.34166"><ele>2991.8</ele></trkpt>
      <trkpt lat="39.26881" lon="-106.34159"><ele>2990.4</ele></trkpt>
      <trkpt lat="39.26825" lon="-106.34152"><ele>2988.5</ele></trkpt>
      <trkpt lat="39.26801" lon="-106.34148"><ele>2987.9</ele></trkpt>
      <trkpt lat="39.2678" lon="-106.34141"><ele>2987.2</ele></trkpt>
      <trkpt lat="39.26756" lon="-106.3413"><ele>2986.7</ele></trkpt>
      <trkpt lat="39.26715" lon="-106.34108"><ele>2986.6</ele></trkpt>
      <trkpt lat="39.26703" lon="-106.34106"><ele>2986.7</ele></trkpt>
      <trkpt lat="39.26692" lon="-106.34106"><ele>2986.8</ele></trkpt>
      <trkpt lat="39.26614" lon="-106.3412"><ele>2987.7</ele></trkpt>
      <trkpt lat="39.2659" lon="-106.34131"><ele>2987.2</ele></trkpt>
      <trkpt lat="39.26558" lon="-106.34153"><ele>2986.4</ele></trkpt>
      <trkpt lat="39.265" lon="-106.34164"><ele>2983.9</ele></trkpt>
      <trkpt lat="39.26479" lon="-106.34167"><ele>2982.4</ele></trkpt>
      <trkpt lat="39.2644" lon="-106.34166"><ele>2980.2</ele></trkpt>
      <trkpt lat="39.26423" lon="-106.34168"><ele>2979.4</ele></trkpt>
      <trkpt lat="39.26416" lon="-106.34154"><ele>2978.7</ele></trkpt>
      <trkpt lat="39.26409" lon="-106.34119"><ele>2977.9</ele></trkpt>
      <trkpt lat="39.26407" lon="-106.34073"><ele>2976.6</ele></trkpt>
      <trkpt lat="39.26405" lon="-106.34054"><ele>2976.8</ele></trkpt>
      <trkpt lat="39.26394" lon="-106.34007"><ele>2977.2</ele></trkpt>
      <trkpt lat="39.26394" lon="-106.34007"><ele>2977.2</ele></trkpt>
      <trkpt lat="39.26389" lon="-106.33988"><ele>2977.5</ele></trkpt>
      <trkpt lat="39.2632" lon="-106.34011"><ele>2977.2</ele></trkpt>
      <trkpt lat="39.2627" lon="-106.34035"><ele>2977.0</ele></trkpt>
      <trkpt lat="39.26247" lon="-106.34041"><ele>2976.7</ele></trkpt>
      <trkpt lat="39.26193" lon="-106.34046"><ele>2976.4</ele></trkpt>
      <trkpt lat="39.2614" lon="-106.3405"><ele>2975.9</ele></trkpt>
      <trkpt lat="39.2612" lon="-106.34056"><ele>2975.1</ele></trkpt>
      <trkpt lat="39.26106" lon="-106.34064"><ele>2974.5</ele></trkpt>
      <trkpt lat="39.26085" lon="-106.34079"><ele>2973.7</ele></trkpt>
      <trkpt lat="39.2605" lon="-106.34101"><ele>2972.7</ele></trkpt>
      <trkpt lat="39.26032" lon="-106.34105"><ele>2972.3</ele></trkpt>
      <trkpt lat="39.26014" lon="-106.34101"><ele>2972.1</ele></trkpt>
      <trkpt lat="39.25991" lon="-106.34089"><ele>2972.0</ele></trkpt>
      <trkpt lat="39.25972" lon="-106.34073"><ele>2972.0</ele></trkpt>
      <trkpt lat="39.25933" lon="-106.34033"><ele>2973.0</ele></trkpt>
      <trkpt lat="39.25913" lon="-106.34019"><ele>2974.3</ele></trkpt>
      <trkpt lat="39.25858" lon="-106.33998"><ele>2978.3</ele></trkpt>
      <trkpt lat="39.2585" lon="-106.33993"><ele>2979.3</ele></trkpt>
      <trkpt lat="39.2584" lon="-106.34003"><ele>2978.3</ele></trkpt>
      <trkpt lat="39.2583" lon="-106.34009"><ele>2977.2</ele></trkpt>
      <trkpt lat="39.25807" lon="-106.34026"><ele>2975.5</ele></trkpt>
      <trkpt lat="39.25788" lon="-106.34047"><ele>2974.1</ele></trkpt>
      <trkpt lat="39.25742" lon="-106.34122"><ele>2970.7</ele></trkpt>
      <trkpt lat="39.25705" lon="-106.34175"><ele>2969.2</ele></trkpt>
      <trkpt lat="39.2566" lon="-106.34229"><ele>2969.1</ele></trkpt>
      <trkpt lat="39.25632" lon="-106.34249"><ele>2969.9</ele></trkpt>
      <trkpt lat="39.25553" lon="-106.34284"><ele>2972.3</ele></trkpt>
      <trkpt lat="39.25505" lon="-106.34303"><ele>2967.4</ele></trkpt>
      <trkpt lat="39.25474" lon="-106.34308"><ele>2963.8</ele></trkpt>
      <trkpt lat="39.25411" lon="-106.34336"><ele>2962.3</ele></trkpt>
      <trkpt lat="39.2534" lon="-106.34361"><ele>2961.6</ele></trkpt>
      <trkpt lat="39.2527" lon="-106.34386"><ele>2960.7</ele></trkpt>
      <trkpt lat="39.2527" lon="-106.34386"><ele>2960.7</ele></trkpt>
      <trkpt lat="39.25188" lon="-106.3441"><ele>2960.4</ele></trkpt>
      <trkpt lat="39.25127" lon="-106.34425"><ele>2961.0</ele></trkpt>
      <trkpt lat="39.25101" lon="-106.3443"><ele>2961.4</ele></trkpt>
      <trkpt lat="39.25018" lon="-106.34468"><ele>2959.4</ele></trkpt>
      <trkpt lat="39.24978" lon="-106.34482"><ele>2956.7</ele></trkpt>
      <trkpt lat="39.24947" lon="-106.34491"><ele>2956.5</ele></trkpt>
      <trkpt lat="39.24919" lon="-106.34493"><ele>2957.0</ele></trkpt>
      <trkpt lat="39.24883" lon="-106.34499"><ele>2955.5</ele></trkpt>
      <trkpt lat="39.2486" lon="-106.34506"><ele>2954.2</ele></trkpt>
      <trkpt lat="39.24788" lon="-106.34548"><ele>2950.7</ele></trkpt>
      <trkpt lat="39.2478" lon="-106.34551"><ele>2950.5</ele></trkpt>
      <trkpt lat="39.2478" lon="-106.34551"><ele>2950.5</ele></trkpt>
      <trkpt lat="39.24718" lon="-106.34572"><ele>2949.7</ele></trkpt>
      <trkpt lat="39.2464" lon="-106.34606"><ele>2948.3</ele></trkpt>
      <trkpt lat="39.24562" lon="-106.3464"><ele>2947.6</ele></trkpt>
      <trkpt lat="39.24502" lon="-106.34666"><ele>2950.3</ele></trkpt>
      <trkpt lat="39.24489" lon="-106.34677"><ele>2949.5</ele></trkpt>
      <trkpt lat="39.24482" lon="-106.34681"><ele>2949.0</ele></trkpt>
      <trkpt lat="39.24455" lon="-106.3469"><ele>2947.5</ele></trkpt>
      <trkpt lat="39.2441" lon="-106.34718"><ele>2945.7</ele></trkpt>
      <trkpt lat="39.2435" lon="-106.34741"><ele>2945.6</ele></trkpt>
      <trkpt lat="39.24282" lon="-106.34776"><ele>2945.8</ele></trkpt>
      <trkpt lat="39.24218" lon="-106.34803"><ele>2946.2</ele></trkpt>
      <trkpt lat="39.24159" lon="-106.34835"><ele>2945.5</ele></trkpt>
      <trkpt lat="39.24118" lon="-106.34856"><ele>2944.8</ele></trkpt>
      <trkpt lat="39.24082" lon="-106.34867"><ele>2944.6</ele></trkpt>
      <trkpt lat="39.24008" lon="-106.34916"><ele>2939.7</ele></trkpt>
      <trkpt lat="39.23979" lon="-106.34928"><ele>2939.7</ele></trkpt>
      <trkpt lat="39.23928" lon="-106.34952"><ele>2939.5</ele></trkpt>
      <trkpt lat="39.2388" lon="-106.34968"><ele>2939.5</ele></trkpt>
      <trkpt lat="39.2384" lon="-106.34978"><ele>2939.8</ele></trkpt>
      <trkpt lat="39.23825" lon="-106.34978"><ele>2940.2</ele></trkpt>
      <trkpt lat="39.23818" lon="-106.34975"><ele>2940.7</ele></trkpt>
      <trkpt lat="39.23818" lon="-106.34975"><ele>2940.7</ele></trkpt>
      <trkpt lat="39.23813" lon="-106.34974"><ele>2940.9</ele></trkpt>
      <trkpt lat="39.23811" lon="-106.3497"><ele>2941.4</ele></trkpt>
      <trkpt lat="39.2381" lon="-106.34966"><ele>2942.0</ele></trkpt>
      <trkpt lat="39.23816" lon="-106.34947"><ele>2944.5</ele></trkpt>
      <trkpt lat="39.23836" lon="-106.34896"><ele>2951.3</ele></trkpt>
      <trkpt lat="39.2385" lon="-106.34852"><ele>2952.7</ele></trkpt>
      <trkpt lat="39.23874" lon="-106.34772"><ele>2958.2</ele></trkpt>
      <trkpt lat="39.23887" lon="-106.34715"><ele>2961.4</ele></trkpt>
      <trkpt lat="39.23894" lon="-106.3469"><ele>2963.5</ele></trkpt>
      <trkpt lat="39.23902" lon="-106.34664"><ele>2964.0</ele></trkpt>
      <trkpt lat="39.23915" lon="-106.34629"><ele>2964.0</ele></trkpt>
      <trkpt lat="39.23919" lon="-106.34612"><ele>2964.4</ele></trkpt>
      <trkpt lat="39.2392" lon="-106.34588"><ele>2965.8</ele></trkpt>
      <trkpt lat="39.23925" lon="-106.34537"><ele>2969.8</ele></trkpt>
      <trkpt lat="39.23941" lon="-106.34432"><ele>2971.7</ele></trkpt>
      <trkpt lat="39.23951" lon="-106.34318"><ele>2973.3</ele></trkpt>
      <trkpt lat="39.23961" lon="-106.34205"><ele>2974.9</ele></trkpt>
      <trkpt lat="39.2397" lon="-106.34091"><ele>2976.3</ele></trkpt>
      <trkpt lat="39.2398" lon="-106.33978"><ele>2977.5</ele></trkpt>
      <trkpt lat="39.2399" lon="-106.33864"><ele>2977.8</ele></trkpt>
      <trkpt lat="39.24" lon="-106.33751"><ele>2977.5</ele></trkpt>
      <trkpt lat="39.2401" lon="-106.33637"><ele>2979.6</ele></trkpt>
      <trkpt lat="39.2402" lon="-106.33524"><ele>2977.5</ele></trkpt>
      <trkpt lat="39.2402" lon="-106.33524"><ele>2977.5</ele></trkpt>
      <trkpt lat="39.24024" lon="-106.33498"><ele>2975.9</ele></trkpt>
      <trkpt lat="39.24039" lon="-106.33436"><ele>2973.4</ele></trkpt>
      <trkpt lat="39.2406" lon="-106.33379"><ele>2972.8</ele></trkpt>
      <trkpt lat="39.24081" lon="-106.33322"><ele>2973.1</ele></trkpt>
      <trkpt lat="39.24114" lon="-106.33222"><ele>2975.6</ele></trkpt>
      <trkpt lat="39.24147" lon="-106.33123"><ele>2978.6</ele></trkpt>
      <trkpt lat="39.2418" lon="-106.33023"><ele>2983.0</ele></trkpt>
      <trkpt lat="39.24202" lon="-106.32914"><ele>2986.7</ele></trkpt>
      <trkpt lat="39.24213" lon="-106.32839"><ele>2988.5</ele></trkpt>
      <trkpt lat="39.2421" lon="-106.32797"><ele>2990.0</ele></trkpt>
      <trkpt lat="39.24204" lon="-106.3274"><ele>2990.7</ele></trkpt>
      <trkpt lat="39.24204" lon="-106.32676"><ele>2992.4</ele></trkpt>
      <trkpt lat="39.24207" lon="-106.32621"><ele>2995.2</ele></trkpt>
      <trkpt lat="39.24212" lon="-106.32583"><ele>2995.5</ele></trkpt>
      <trkpt lat="39.24223" lon="-106.32525"><ele>2996.5</ele></trkpt>
      <trkpt lat="39.24229" lon="-106.32463"><ele>2997.1</ele></trkpt>
      <trkpt lat="39.2423" lon="-106.32389"><ele>2998.9</ele></trkpt>
      <trkpt lat="39.24227" lon="-106.32347"><ele>2999.8</ele></trkpt>
      <trkpt lat="39.24218" lon="-106.32294"><ele>3000.4</ele></trkpt>
      <trkpt lat="39.24218" lon="-106.32294"><ele>3000.4</ele></trkpt>
      <trkpt lat="39.24211" lon="-106.32253"><ele>3000.8</ele></trkpt>
      <trkpt lat="39.242" lon="-106.32172"><ele>3001.5</ele></trkpt>
      <trkpt lat="39.24188" lon="-106.32091"><ele>3001.6</ele></trkpt>
      <trkpt lat="39.24184" lon="-106.3205"><ele>3001.8</ele></trkpt>
      <trkpt lat="39.24184" lon="-106.32028"><ele>3002.7</ele></trkpt>
      <trkpt lat="39.24186" lon="-106.32001"><ele>3003.9</ele></trkpt>
      <trkpt lat="39.24196" lon="-106.31922"><ele>3005.9</ele></trkpt>
      <trkpt lat="39.24206" lon="-106.31842"><ele>3006.7</ele></trkpt>
      <trkpt lat="39.24216" lon="-106.31763"><ele>3009.5</ele></trkpt>
      <trkpt lat="39.24222" lon="-106.31657"><ele>3012.3</ele></trkpt>
      <trkpt lat="39.24227" lon="-106.31551"><ele>3015.1</ele></trkpt>
      <trkpt lat="39.24232" lon="-106.31446"><ele>3017.3</ele></trkpt>
      <trkpt lat="39.24232" lon="-106.31446"><ele>3017.3</ele></trkpt>
      <trkpt lat="39.24236" lon="-106.3137"><ele>3019.5</ele></trkpt>
      <trkpt lat="39.2424" lon="-106.31294"><ele>3021.6</ele></trkpt>
      <trkpt lat="39.24246" lon="-106.312"><ele>3023.4</ele></trkpt>
      <trkpt lat="39.24252" lon="-106.31107"><ele>3026.2</ele></trkpt>
      <trkpt lat="39.24257" lon="-106.31013"><ele>3029.6</ele></trkpt>
      <trkpt lat="39.24263" lon="-106.3092"><ele>3034.0</ele></trkpt>
      <trkpt lat="39.24269" lon="-106.30827"><ele>3039.5</ele></trkpt>
      <trkpt lat="39.24274" lon="-106.3078"><ele>3042.5</ele></trkpt>
      <trkpt lat="39.24332" lon="-106.30754"><ele>3042.6</ele></trkpt>
      <trkpt lat="39.24351" lon="-106.3074"><ele>3043.4</ele></trkpt>
      <trkpt lat="39.24356" lon="-106.30732"><ele>3043.7</ele></trkpt>
      <trkpt lat="39.24356" lon="-106.30732"><ele>3043.7</ele></trkpt>
      <trkpt lat="39.24367" lon="-106.30718"><ele>3045.5</ele></trkpt>
      <trkpt lat="39.2438" lon="-106.30689"><ele>3048.9</ele></trkpt>
      <trkpt lat="39.24433" lon="-106.3069"><ele>3049.1</ele></trkpt>
      <trkpt lat="39.24487" lon="-106.30692"><ele>3049.2</ele></trkpt>
      <trkpt lat="39.24487" lon="-106.30692"><ele>3049.2</ele></trkpt>
      <trkpt lat="39.24546" lon="-106.30693"><ele>3049.5</ele></trkpt>
      <trkpt lat="39.24548" lon="-106.30676"><ele>3050.4</ele></trkpt>
      <trkpt lat="39.2455" lon="-106.30661"><ele>3051.3</ele></trkpt>
      <trkpt lat="39.24556" lon="-106.30631"><ele>3053.0</ele></trkpt>
      <trkpt lat="39.24571" lon="-106.30564"><ele>3056.4</ele></trkpt>
      <trkpt lat="39.24585" lon="-106.30496"><ele>3063.3</ele></trkpt>
      <trkpt lat="39.24593" lon="-106.30466"><ele>3067.2</ele></trkpt>
      <trkpt lat="39.24608" lon="-106.30391"><ele>3072.3</ele></trkpt>
      <trkpt lat="39.24624" lon="-106.30317"><ele>3076.3</ele></trkpt>
      <trkpt lat="39.24648" lon="-106.30208"><ele>3081.4</ele></trkpt>
      <trkpt lat="39.24672" lon="-106.30099"><ele>3082.7</ele></trkpt>
      <trkpt lat="39.24696" lon="-106.2999"><ele>3082.4</ele></trkpt>
      <trkpt lat="39.2472" lon="-106.29882"><ele>3078.2</ele></trkpt>
      <trkpt lat="39.24743" lon="-106.29773"><ele>3076.2</ele></trkpt>
      <trkpt lat="39.24767" lon="-106.29664"><ele>3073.4</ele></trkpt>
      <trkpt lat="39.24791" lon="-106.29555"><ele>3078.0</ele></trkpt>
      <trkpt lat="39.24815" lon="-106.29447"><ele>3082.7</ele></trkpt>
      <trkpt lat="39.24839" lon="-106.29338"><ele>3087.1</ele></trkpt>
      <trkpt lat="39.24862" lon="-106.29229"><ele>3092.0</ele></trkpt>
    </trkseg>
  </trk>
</gpx>
